id	lemma	part_of_speech	cefr_level	cefr_basis	cefr_source_id	frequency_band	frequency_basis	frequency_source_id	frequency_rank	provenance_ids	spelling_variants	status
master-a-determiner	a	determiner	A1	source-backed	cefrj-1.5	very-common	source-backed-rank	ngsl-gr-1.0	56	cefrj-1.5,ngsl-gr-1.0		validated
master-about-adverb	about	adverb	A1	source-backed	cefrj-1.5	very-common	source-backed-rank	ngsl-gr-1.0	87	cefrj-1.5,ngsl-gr-1.0,oewn-2025		validated
master-about-preposition	about	preposition	A1	source-backed	cefrj-1.5	very-common	source-backed-rank	ngsl-gr-1.0	87	cefrj-1.5,ngsl-gr-1.0		validated
master-above-adverb	above	adverb	A1	source-backed	cefrj-1.5	very-common	source-backed-rank	ngsl-gr-1.0	490	cefrj-1.5,ngsl-gr-1.0,oewn-2025		validated
master-above-preposition	above	preposition	A1	source-backed	cefrj-1.5	very-common	source-backed-rank	ngsl-gr-1.0	490	cefrj-1.5,ngsl-gr-1.0		validated
master-action-noun	action	noun	A1	source-backed	cefrj-1.5	very-common	source-backed-rank	ngsl-gr-1.0	524	cefrj-1.5,ngsl-gr-1.0,oewn-2025		validated
master-activity-noun	activity	noun	A1	source-backed	cefrj-1.5	very-common	source-backed-rank	ngsl-gr-1.0	482	cefrj-1.5,ngsl-gr-1.0,oewn-2025		validated
master-actor-noun	actor	noun	A1	source-backed	cefrj-1.5	very-common	source-backed-rank	ngsl-gr-1.0	1419	cefrj-1.5,ngsl-gr-1.0,oewn-2025		validated
master-add-verb	add	verb	A1	source-backed	cefrj-1.5	very-common	source-backed-rank	ngsl-gr-1.0	464	cefrj-1.5,ngsl-gr-1.0,oewn-2025		validated
master-address-noun	address	noun	A1	source-backed	cefrj-1.5	very-common	source-backed-rank	ngsl-gr-1.0	608	cefrj-1.5,ngsl-gr-1.0,oewn-2025		validated
v32	advice	noun	A1	editorial-estimate		very-common	source-backed-rank	ngsl-gr-1.0	1090	cefrj-1.5,ngsl-gr-1.0,oewn-2025,vocabulary-core-2026-08		validated
master-afraid-adjective	afraid	adjective	A1	source-backed	cefrj-1.5	very-common	source-backed-rank	ngsl-gr-1.0	1403	cefrj-1.5,ngsl-gr-1.0,oewn-2025		validated
master-after-preposition	after	preposition	A1	source-backed	cefrj-1.5	very-common	source-backed-rank	ngsl-gr-1.0	134	cefrj-1.5,ngsl-gr-1.0		validated
master-afternoon-noun	afternoon	noun	A1	source-backed	cefrj-1.5	very-common	source-backed-rank	ngsl-gr-1.0	998	cefrj-1.5,ngsl-gr-1.0,oewn-2025		validated
master-again-adverb	again	adverb	A1	source-backed	cefrj-1.5	very-common	source-backed-rank	ngsl-gr-1.0	225	cefrj-1.5,ngsl-gr-1.0,oewn-2025		validated
master-age-noun	age	noun	A1	source-backed	cefrj-1.5	very-common	source-backed-rank	ngsl-gr-1.0	332	cefrj-1.5,ngsl-gr-1.0,oewn-2025		validated
master-ago-adverb	ago	adverb	A1	source-backed	cefrj-1.5	very-common	source-backed-rank	ngsl-gr-1.0	422	cefrj-1.5,ngsl-gr-1.0,oewn-2025		validated
v33	agree	verb	A1	source-backed	cefrj-1.5	very-common	source-backed-rank	ngsl-gr-1.0	470	cefrj-1.5,ngsl-gr-1.0,oewn-2025,vocabulary-core-2026-08		validated
master-all-determiner	all	determiner	A1	source-backed	cefrj-1.5	very-common	source-backed-rank	ngsl-gr-1.0	83	cefrj-1.5,ngsl-gr-1.0		validated
master-all-pronoun	all	pronoun	A1	source-backed	cefrj-1.5	very-common	source-backed-rank	ngsl-gr-1.0	83	cefrj-1.5,ngsl-gr-1.0		validated
master-almost-adverb	almost	adverb	A1	source-backed	cefrj-1.5	very-common	source-backed-rank	ngsl-gr-1.0	357	cefrj-1.5,ngsl-gr-1.0,oewn-2025		validated
master-alone-adverb	alone	adverb	A1	source-backed	cefrj-1.5	very-common	source-backed-rank	ngsl-gr-1.0	769	cefrj-1.5,ngsl-gr-1.0,oewn-2025		validated
master-along-adverb	along	adverb	A1	source-backed	cefrj-1.5	very-common	source-backed-rank	ngsl-gr-1.0	438	cefrj-1.5,ngsl-gr-1.0,oewn-2025		validated
master-already-adverb	already	adverb	A1	source-backed	cefrj-1.5	very-common	source-backed-rank	ngsl-gr-1.0	352	cefrj-1.5,ngsl-gr-1.0,oewn-2025		validated
master-also-adverb	also	adverb	A1	source-backed	cefrj-1.5	very-common	source-backed-rank	ngsl-gr-1.0	122	cefrj-1.5,ngsl-gr-1.0,oewn-2025		validated
master-always-adverb	always	adverb	A1	source-backed	cefrj-1.5	very-common	source-backed-rank	ngsl-gr-1.0	233	cefrj-1.5,ngsl-gr-1.0,oewn-2025		validated
master-and-conjunction	and	conjunction	A1	source-backed	cefrj-1.5	very-common	source-backed-rank	ngsl-gr-1.0	53	cefrj-1.5,ngsl-gr-1.0		validated
master-animal-noun	animal	noun	A1	source-backed	cefrj-1.5	very-common	source-backed-rank	ngsl-gr-1.0	637	cefrj-1.5,ngsl-gr-1.0,oewn-2025		validated
master-another-determiner	another	determiner	A1	source-backed	cefrj-1.5	very-common	source-backed-rank	ngsl-gr-1.0	190	cefrj-1.5,ngsl-gr-1.0		validated
v34	answer	noun	A1	source-backed	cefrj-1.5	very-common	source-backed-rank	ngsl-gr-1.0	405	cefrj-1.5,ngsl-gr-1.0,oewn-2025,vocabulary-core-2026-08		validated
master-answer-verb	answer	verb	A1	source-backed	cefrj-1.5	very-common	source-backed-rank	ngsl-gr-1.0	405	cefrj-1.5,ngsl-gr-1.0,oewn-2025		validated
master-any-determiner	any	determiner	A1	source-backed	cefrj-1.5	very-common	source-backed-rank	ngsl-gr-1.0	133	cefrj-1.5,ngsl-gr-1.0		validated
master-any-pronoun	any	pronoun	A1	source-backed	cefrj-1.5	very-common	source-backed-rank	ngsl-gr-1.0	133	cefrj-1.5,ngsl-gr-1.0		validated
master-anybody-pronoun	anybody	pronoun	A1	source-backed	cefrj-1.5	very-common	source-backed-rank	ngsl-gr-1.0	1481	cefrj-1.5,ngsl-gr-1.0		validated
master-anyone-pronoun	anyone	pronoun	A1	source-backed	cefrj-1.5	very-common	source-backed-rank	ngsl-gr-1.0	804	cefrj-1.5,ngsl-gr-1.0		validated
master-anything-pronoun	anything	pronoun	A1	source-backed	cefrj-1.5	very-common	source-backed-rank	ngsl-gr-1.0	368	cefrj-1.5,ngsl-gr-1.0		validated
master-april-noun	april	noun	A1	source-backed	cefrj-1.5	very-common	source-backed-rank	ngsl-gr-1.0	10	cefrj-1.5,ngsl-gr-1.0,oewn-2025		validated
master-arm-noun	arm	noun	A1	source-backed	cefrj-1.5	very-common	source-backed-rank	ngsl-gr-1.0	671	cefrj-1.5,ngsl-gr-1.0,oewn-2025		validated
master-around-preposition	around	preposition	A1	source-backed	cefrj-1.5	very-common	source-backed-rank	ngsl-gr-1.0	220	cefrj-1.5,ngsl-gr-1.0		validated
a1-arrive	arrive	verb	A1	source-backed	cefrj-1.5	very-common	source-backed-rank	ngsl-gr-1.0	638	cefrj-1.5,ngsl-gr-1.0,oewn-2025,vocabulary-core-2026-08		validated
master-art-noun	art	noun	A1	source-backed	cefrj-1.5	very-common	source-backed-rank	ngsl-gr-1.0	696	cefrj-1.5,ngsl-gr-1.0,oewn-2025		validated
master-article-noun	article	noun	A1	source-backed	cefrj-1.5	very-common	source-backed-rank	ngsl-gr-1.0	680	cefrj-1.5,ngsl-gr-1.0,oewn-2025		validated
master-as-preposition	as	preposition	A1	source-backed	cefrj-1.5	very-common	source-backed-rank	ngsl-gr-1.0	72	cefrj-1.5,ngsl-gr-1.0		validated
master-ask-verb	ask	verb	A1	source-backed	cefrj-1.5	very-common	source-backed-rank	ngsl-gr-1.0	184	cefrj-1.5,ngsl-gr-1.0,oewn-2025		validated
master-at-preposition	at	preposition	A1	source-backed	cefrj-1.5	very-common	source-backed-rank	ngsl-gr-1.0	73	cefrj-1.5,ngsl-gr-1.0		validated
master-august-noun	august	noun	A1	source-backed	cefrj-1.5	very-common	source-backed-rank	ngsl-gr-1.0	13	cefrj-1.5,ngsl-gr-1.0,oewn-2025		validated
master-away-adverb	away	adverb	A1	source-backed	cefrj-1.5	very-common	source-backed-rank	ngsl-gr-1.0	284	cefrj-1.5,ngsl-gr-1.0,oewn-2025		validated
master-baby-noun	baby	noun	A1	source-backed	cefrj-1.5	very-common	source-backed-rank	ngsl-gr-1.0	921	cefrj-1.5,ngsl-gr-1.0,oewn-2025		validated
master-back-adverb	back	adverb	A1	source-backed	cefrj-1.5	very-common	source-backed-rank	ngsl-gr-1.0	144	cefrj-1.5,ngsl-gr-1.0,oewn-2025		validated
master-back-noun	back	noun	A1	source-backed	cefrj-1.5	very-common	source-backed-rank	ngsl-gr-1.0	144	cefrj-1.5,ngsl-gr-1.0,oewn-2025		validated
foundation-a1-bad	bad	adjective	A1	source-backed	cefrj-1.5	very-common	source-backed-rank	ngsl-gr-1.0	318	cefrj-1.5,ngsl-gr-1.0,oewn-2025,vocabulary-foundations-001-2026-08		validated
master-bag-noun	bag	noun	A1	source-backed	cefrj-1.5	very-common	source-backed-rank	ngsl-gr-1.0	1302	cefrj-1.5,ngsl-gr-1.0,oewn-2025		validated
master-ball-noun	ball	noun	A1	source-backed	cefrj-1.5	very-common	source-backed-rank	ngsl-gr-1.0	1251	cefrj-1.5,ngsl-gr-1.0,oewn-2025		validated
master-band-noun	band	noun	A1	source-backed	cefrj-1.5	very-common	source-backed-rank	ngsl-gr-1.0	1137	cefrj-1.5,ngsl-gr-1.0,oewn-2025		validated
master-bank-noun	bank	noun	A1	source-backed	cefrj-1.5	very-common	source-backed-rank	ngsl-gr-1.0	677	cefrj-1.5,ngsl-gr-1.0,oewn-2025		validated
master-bar-noun	bar	noun	A1	source-backed	cefrj-1.5	very-common	source-backed-rank	ngsl-gr-1.0	887	cefrj-1.5,ngsl-gr-1.0,oewn-2025		validated
master-be-verb	be	verb	A1	source-backed	cefrj-1.5	very-common	source-backed-rank	ngsl-gr-1.0	52	cefrj-1.5,ngsl-gr-1.0,oewn-2025		validated
master-beach-noun	beach	noun	A1	source-backed	cefrj-1.5	very-common	source-backed-rank	ngsl-gr-1.0	1347	cefrj-1.5,ngsl-gr-1.0,oewn-2025		validated
master-bear-noun	bear	noun	A1	source-backed	cefrj-1.5	very-common	source-backed-rank	ngsl-gr-1.0	505	cefrj-1.5,ngsl-gr-1.0,oewn-2025		validated
master-beautiful-adjective	beautiful	adjective	A1	source-backed	cefrj-1.5	very-common	source-backed-rank	ngsl-gr-1.0	842	cefrj-1.5,ngsl-gr-1.0,oewn-2025		validated
master-because-conjunction	because	conjunction	A1	source-backed	cefrj-1.5	very-common	source-backed-rank	ngsl-gr-1.0	112	cefrj-1.5,ngsl-gr-1.0		validated
master-become-verb	become	verb	A1	source-backed	cefrj-1.5	very-common	source-backed-rank	ngsl-gr-1.0	191	cefrj-1.5,ngsl-gr-1.0,oewn-2025		validated
foundation-a1-bed	bed	noun	A1	source-backed	cefrj-1.5	very-common	source-backed-rank	ngsl-gr-1.0	744	cefrj-1.5,ngsl-gr-1.0,oewn-2025,vocabulary-foundations-001-2026-08		validated
master-bedroom-noun	bedroom	noun	A1	source-backed	cefrj-1.5	very-common	source-backed-rank	ngsl-gr-1.0	1482	cefrj-1.5,ngsl-gr-1.0,oewn-2025		validated
master-before-adverb	before	adverb	A1	source-backed	cefrj-1.5	very-common	source-backed-rank	ngsl-gr-1.0	156	cefrj-1.5,ngsl-gr-1.0,oewn-2025		validated
master-before-preposition	before	preposition	A1	source-backed	cefrj-1.5	very-common	source-backed-rank	ngsl-gr-1.0	156	cefrj-1.5,ngsl-gr-1.0		validated
a1-begin	begin	verb	A1	source-backed	cefrj-1.5	very-common	source-backed-rank	ngsl-gr-1.0	239	cefrj-1.5,ngsl-gr-1.0,oewn-2025,vocabulary-core-2026-08		validated
master-behind-adverb	behind	adverb	A1	source-backed	cefrj-1.5	very-common	source-backed-rank	ngsl-gr-1.0	542	cefrj-1.5,ngsl-gr-1.0,oewn-2025		validated
master-behind-preposition	behind	preposition	A1	source-backed	cefrj-1.5	very-common	source-backed-rank	ngsl-gr-1.0	542	cefrj-1.5,ngsl-gr-1.0		validated
master-believe-verb	believe	verb	A1	source-backed	cefrj-1.5	very-common	source-backed-rank	ngsl-gr-1.0	275	cefrj-1.5,ngsl-gr-1.0,oewn-2025		validated
master-below-adverb	below	adverb	A1	source-backed	cefrj-1.5	very-common	source-backed-rank	ngsl-gr-1.0	811	cefrj-1.5,ngsl-gr-1.0,oewn-2025		validated
master-below-preposition	below	preposition	A1	source-backed	cefrj-1.5	very-common	source-backed-rank	ngsl-gr-1.0	811	cefrj-1.5,ngsl-gr-1.0		validated
master-between-preposition	between	preposition	A1	source-backed	cefrj-1.5	very-common	source-backed-rank	ngsl-gr-1.0	166	cefrj-1.5,ngsl-gr-1.0		validated
foundation-a1-big	big	adjective	A1	source-backed	cefrj-1.5	very-common	source-backed-rank	ngsl-gr-1.0	234	cefrj-1.5,ngsl-gr-1.0,oewn-2025,vocabulary-foundations-001-2026-08		validated
master-bird-noun	bird	noun	A1	source-backed	cefrj-1.5	very-common	source-backed-rank	ngsl-gr-1.0	1321	cefrj-1.5,ngsl-gr-1.0,oewn-2025		validated
master-black-adjective	black	adjective	A1	source-backed	cefrj-1.5	very-common	source-backed-rank	ngsl-gr-1.0	461	cefrj-1.5,ngsl-gr-1.0,oewn-2025		validated
master-black-noun	black	noun	A1	source-backed	cefrj-1.5	very-common	source-backed-rank	ngsl-gr-1.0	461	cefrj-1.5,ngsl-gr-1.0,oewn-2025		validated
master-block-noun	block	noun	A1	source-backed	cefrj-1.5	very-common	source-backed-rank	ngsl-gr-1.0	1070	cefrj-1.5,ngsl-gr-1.0,oewn-2025		validated
master-blow-verb	blow	verb	A1	source-backed	cefrj-1.5	very-common	source-backed-rank	ngsl-gr-1.0	1413	cefrj-1.5,ngsl-gr-1.0,oewn-2025		validated
master-blue-adjective	blue	adjective	A1	source-backed	cefrj-1.5	very-common	source-backed-rank	ngsl-gr-1.0	908	cefrj-1.5,ngsl-gr-1.0,oewn-2025		validated
master-blue-noun	blue	noun	A1	source-backed	cefrj-1.5	very-common	source-backed-rank	ngsl-gr-1.0	908	cefrj-1.5,ngsl-gr-1.0,oewn-2025		validated
master-board-noun	board	noun	A1	source-backed	cefrj-1.5	very-common	source-backed-rank	ngsl-gr-1.0	791	cefrj-1.5,ngsl-gr-1.0,oewn-2025		validated
master-boat-noun	boat	noun	A1	source-backed	cefrj-1.5	very-common	source-backed-rank	ngsl-gr-1.0	1354	cefrj-1.5,ngsl-gr-1.0,oewn-2025		validated
master-body-noun	body	noun	A1	source-backed	cefrj-1.5	very-common	source-backed-rank	ngsl-gr-1.0	451	cefrj-1.5,ngsl-gr-1.0,oewn-2025		validated
foundation-a1-book	book	noun	A1	source-backed	cefrj-1.5	very-common	source-backed-rank	ngsl-gr-1.0	221	cefrj-1.5,ngsl-gr-1.0,oewn-2025,vocabulary-foundations-001-2026-08		validated
master-both-determiner	both	determiner	A1	source-backed	cefrj-1.5	very-common	source-backed-rank	ngsl-gr-1.0	178	cefrj-1.5,ngsl-gr-1.0		validated
master-both-pronoun	both	pronoun	A1	source-backed	cefrj-1.5	very-common	source-backed-rank	ngsl-gr-1.0	178	cefrj-1.5,ngsl-gr-1.0		validated
master-bottom-noun	bottom	noun	A1	source-backed	cefrj-1.5	very-common	source-backed-rank	ngsl-gr-1.0	1292	cefrj-1.5,ngsl-gr-1.0,oewn-2025		validated
master-box-noun	box	noun	A1	source-backed	cefrj-1.5	very-common	source-backed-rank	ngsl-gr-1.0	911	cefrj-1.5,ngsl-gr-1.0,oewn-2025		validated
master-boy-noun	boy	noun	A1	source-backed	cefrj-1.5	very-common	source-backed-rank	ngsl-gr-1.0	560	cefrj-1.5,ngsl-gr-1.0,oewn-2025		validated
master-brain-noun	brain	noun	A1	source-backed	cefrj-1.5	very-common	source-backed-rank	ngsl-gr-1.0	1285	cefrj-1.5,ngsl-gr-1.0,oewn-2025		validated
foundation-a1-bread	bread	noun	A1	source-backed	cefrj-1.5	common	source-backed-rank	ngsl-gr-1.0	2312	cefrj-1.5,ngsl-gr-1.0,oewn-2025,vocabulary-foundations-001-2026-08		validated
master-break-verb	break	verb	A1	source-backed	cefrj-1.5	very-common	source-backed-rank	ngsl-gr-1.0	418	cefrj-1.5,ngsl-gr-1.0,oewn-2025		validated
master-bring-verb	bring	verb	A1	source-backed	cefrj-1.5	very-common	source-backed-rank	ngsl-gr-1.0	246	cefrj-1.5,ngsl-gr-1.0,oewn-2025		validated
master-brother-noun	brother	noun	A1	source-backed	cefrj-1.5	very-common	source-backed-rank	ngsl-gr-1.0	871	cefrj-1.5,ngsl-gr-1.0,oewn-2025		validated
master-build-verb	build	verb	A1	source-backed	cefrj-1.5	very-common	source-backed-rank	ngsl-gr-1.0	271	cefrj-1.5,ngsl-gr-1.0,oewn-2025		validated
foundation-a1-bus	bus	noun	A1	source-backed	cefrj-1.5	very-common	source-backed-rank	ngsl-gr-1.0	860	cefrj-1.5,ngsl-gr-1.0,oewn-2025,vocabulary-foundations-001-2026-08		validated
master-business-noun	business	noun	A1	source-backed	cefrj-1.5	very-common	source-backed-rank	ngsl-gr-1.0	261	cefrj-1.5,ngsl-gr-1.0,oewn-2025		validated
master-busy-adjective	busy	adjective	A1	source-backed	cefrj-1.5	very-common	source-backed-rank	ngsl-gr-1.0	1283	cefrj-1.5,ngsl-gr-1.0,oewn-2025		validated
master-but-conjunction	but	conjunction	A1	source-backed	cefrj-1.5	very-common	source-backed-rank	ngsl-gr-1.0	75	cefrj-1.5,ngsl-gr-1.0		validated
a1-buy	buy	verb	A1	source-backed	cefrj-1.5	very-common	source-backed-rank	ngsl-gr-1.0	292	cefrj-1.5,ngsl-gr-1.0,oewn-2025,vocabulary-core-2026-08		validated
master-by-preposition	by	preposition	A1	source-backed	cefrj-1.5	very-common	source-backed-rank	ngsl-gr-1.0	77	cefrj-1.5,ngsl-gr-1.0		validated
master-call-noun	call	noun	A1	source-backed	cefrj-1.5	very-common	source-backed-rank	ngsl-gr-1.0	155	cefrj-1.5,ngsl-gr-1.0,oewn-2025		validated
master-camera-noun	camera	noun	A1	source-backed	cefrj-1.5	very-common	source-backed-rank	ngsl-gr-1.0	1440	cefrj-1.5,ngsl-gr-1.0,oewn-2025		validated
master-camp-noun	camp	noun	A1	source-backed	cefrj-1.5	very-common	source-backed-rank	ngsl-gr-1.0	1215	cefrj-1.5,ngsl-gr-1.0,oewn-2025		validated
master-can-modal	can	modal	A1	source-backed	cefrj-1.5	very-common	source-backed-rank	ngsl-gr-1.0	88	cefrj-1.5,ngsl-gr-1.0		validated
foundation-a1-car	car	noun	A1	source-backed	cefrj-1.5	very-common	source-backed-rank	ngsl-gr-1.0	310	cefrj-1.5,ngsl-gr-1.0,oewn-2025,vocabulary-foundations-001-2026-08		validated
master-card-noun	card	noun	A1	source-backed	cefrj-1.5	very-common	source-backed-rank	ngsl-gr-1.0	831	cefrj-1.5,ngsl-gr-1.0,oewn-2025		validated
master-care-noun	care	noun	A1	source-backed	cefrj-1.5	very-common	source-backed-rank	ngsl-gr-1.0	363	cefrj-1.5,ngsl-gr-1.0,oewn-2025		validated
v36	careful	adjective	A1	source-backed	cefrj-1.5	common	source-backed-rank	ngsl-gr-1.0	1687	cefrj-1.5,ngsl-gr-1.0,oewn-2025,vocabulary-core-2026-08		validated
master-carefully-adverb	carefully	adverb	A1	source-backed	cefrj-1.5	very-common	source-backed-rank	ngsl-gr-1.0	1436	cefrj-1.5,ngsl-gr-1.0,oewn-2025		validated
a1-carry	carry	verb	A1	source-backed	cefrj-1.5	very-common	source-backed-rank	ngsl-gr-1.0	496	cefrj-1.5,ngsl-gr-1.0,oewn-2025,vocabulary-core-2026-08		validated
master-case-noun	case	noun	A1	source-backed	cefrj-1.5	very-common	source-backed-rank	ngsl-gr-1.0	218	cefrj-1.5,ngsl-gr-1.0,oewn-2025		validated
master-catch-noun	catch	noun	A1	source-backed	cefrj-1.5	very-common	source-backed-rank	ngsl-gr-1.0	733	cefrj-1.5,ngsl-gr-1.0,oewn-2025		validated
foundation-a1-chair	chair	noun	A1	source-backed	cefrj-1.5	very-common	source-backed-rank	ngsl-gr-1.0	1110	cefrj-1.5,ngsl-gr-1.0,oewn-2025,vocabulary-foundations-001-2026-08		validated
master-change-noun	change	noun	A1	source-backed	cefrj-1.5	very-common	source-backed-rank	ngsl-gr-1.0	163	cefrj-1.5,ngsl-gr-1.0,oewn-2025		validated
master-character-noun	character	noun	A1	source-backed	cefrj-1.5	very-common	source-backed-rank	ngsl-gr-1.0	743	cefrj-1.5,ngsl-gr-1.0,oewn-2025		validated
foundation-a1-child	child	noun	A1	source-backed	cefrj-1.5	very-common	source-backed-rank	ngsl-gr-1.0	152	cefrj-1.5,ngsl-gr-1.0,oewn-2025,vocabulary-foundations-001-2026-08		validated
v37	choice	noun	A1	editorial-estimate		very-common	source-backed-rank	ngsl-gr-1.0	615	cefrj-1.5,ngsl-gr-1.0,oewn-2025,vocabulary-core-2026-08		validated
master-church-noun	church	noun	A1	source-backed	cefrj-1.5	very-common	source-backed-rank	ngsl-gr-1.0	794	cefrj-1.5,ngsl-gr-1.0,oewn-2025		validated
a1-city	city	noun	A1	source-backed	cefrj-1.5	very-common	source-backed-rank	ngsl-gr-1.0	319	cefrj-1.5,ngsl-gr-1.0,oewn-2025,vocabulary-core-2026-08		validated
master-class-noun	class	noun	A1	source-backed	cefrj-1.5	very-common	source-backed-rank	ngsl-gr-1.0	412	cefrj-1.5,ngsl-gr-1.0,oewn-2025		validated
a1-clean	clean	adjective	A1	source-backed	cefrj-1.5	very-common	source-backed-rank	ngsl-gr-1.0	892	cefrj-1.5,ngsl-gr-1.0,oewn-2025,vocabulary-core-2026-08		validated
master-clean-verb	clean	verb	A1	source-backed	cefrj-1.5	very-common	source-backed-rank	ngsl-gr-1.0	892	cefrj-1.5,ngsl-gr-1.0,oewn-2025		validated
master-climb-noun	climb	noun	A1	source-backed	cefrj-1.5	very-common	source-backed-rank	ngsl-gr-1.0	1484	cefrj-1.5,ngsl-gr-1.0,oewn-2025		validated
master-clock-noun	clock	noun	A1	source-backed	cefrj-1.5	very-common	source-backed-rank	ngsl-gr-1.0	982	cefrj-1.5,ngsl-gr-1.0,oewn-2025		validated
master-close-adjective	close	adjective	A1	source-backed	cefrj-1.5	very-common	source-backed-rank	ngsl-gr-1.0	289	cefrj-1.5,ngsl-gr-1.0,oewn-2025		validated
foundation-a1-close	close	verb	A1	source-backed	cefrj-1.5	very-common	source-backed-rank	ngsl-gr-1.0	289	cefrj-1.5,ngsl-gr-1.0,oewn-2025,vocabulary-foundations-001-2026-08		validated
master-clothes-noun	clothes	noun	A1	source-backed	cefrj-1.5	very-common	source-backed-rank	ngsl-gr-1.0	1006	cefrj-1.5,ngsl-gr-1.0,oewn-2025		validated
master-club-noun	club	noun	A1	source-backed	cefrj-1.5	very-common	source-backed-rank	ngsl-gr-1.0	810	cefrj-1.5,ngsl-gr-1.0,oewn-2025		validated
master-coach-noun	coach	noun	A1	source-backed	cefrj-1.5	very-common	source-backed-rank	ngsl-gr-1.0	1392	cefrj-1.5,ngsl-gr-1.0,oewn-2025		validated
master-code-noun	code	noun	A1	source-backed	cefrj-1.5	very-common	source-backed-rank	ngsl-gr-1.0	1396	cefrj-1.5,ngsl-gr-1.0,oewn-2025		validated
foundation-a1-coffee	coffee	noun	A1	source-backed	cefrj-1.5	very-common	source-backed-rank	ngsl-gr-1.0	1445	cefrj-1.5,ngsl-gr-1.0,oewn-2025,vocabulary-foundations-001-2026-08		validated
foundation-a1-cold	cold	adjective	A1	source-backed	cefrj-1.5	very-common	source-backed-rank	ngsl-gr-1.0	917	cefrj-1.5,ngsl-gr-1.0,oewn-2025,vocabulary-foundations-001-2026-08		validated
master-cold-noun	cold	noun	A1	source-backed	cefrj-1.5	very-common	source-backed-rank	ngsl-gr-1.0	917	cefrj-1.5,ngsl-gr-1.0,oewn-2025		validated
master-collect-verb	collect	verb	A1	source-backed	cefrj-1.5	very-common	source-backed-rank	ngsl-gr-1.0	1119	cefrj-1.5,ngsl-gr-1.0,oewn-2025		validated
master-collection-noun	collection	noun	A1	source-backed	cefrj-1.5	very-common	source-backed-rank	ngsl-gr-1.0	1134	cefrj-1.5,ngsl-gr-1.0,oewn-2025		validated
master-college-noun	college	noun	A1	source-backed	cefrj-1.5	very-common	source-backed-rank	ngsl-gr-1.0	789	cefrj-1.5,ngsl-gr-1.0,oewn-2025		validated
foundation-a1-come	come	verb	A1	source-backed	cefrj-1.5	very-common	source-backed-rank	ngsl-gr-1.0	115	cefrj-1.5,ngsl-gr-1.0,oewn-2025,vocabulary-foundations-001-2026-08		validated
master-computer-noun	computer	noun	A1	source-backed	cefrj-1.5	very-common	source-backed-rank	ngsl-gr-1.0	479	cefrj-1.5,ngsl-gr-1.0,oewn-2025		validated
master-concert-noun	concert	noun	A1	source-backed	cefrj-1.5	very-common	source-backed-rank	ngsl-gr-1.0	1432	cefrj-1.5,ngsl-gr-1.0,oewn-2025		validated
v40	conversation	noun	A1	source-backed	cefrj-1.5	very-common	source-backed-rank	ngsl-gr-1.0	1032	cefrj-1.5,ngsl-gr-1.0,oewn-2025,vocabulary-core-2026-08		validated
master-cook-noun	cook	noun	A1	source-backed	cefrj-1.5	very-common	source-backed-rank	ngsl-gr-1.0	1246	cefrj-1.5,ngsl-gr-1.0,oewn-2025		validated
master-cook-verb	cook	verb	A1	source-backed	cefrj-1.5	very-common	source-backed-rank	ngsl-gr-1.0	1246	cefrj-1.5,ngsl-gr-1.0,oewn-2025		validated
master-cool-adjective	cool	adjective	A1	source-backed	cefrj-1.5	very-common	source-backed-rank	ngsl-gr-1.0	1206	cefrj-1.5,ngsl-gr-1.0,oewn-2025		validated
master-copy-noun	copy	noun	A1	source-backed	cefrj-1.5	very-common	source-backed-rank	ngsl-gr-1.0	1087	cefrj-1.5,ngsl-gr-1.0,oewn-2025		validated
master-corner-noun	corner	noun	A1	source-backed	cefrj-1.5	very-common	source-backed-rank	ngsl-gr-1.0	1238	cefrj-1.5,ngsl-gr-1.0,oewn-2025		validated
v41	correct	adjective	A1	source-backed	cefrj-1.5	very-common	source-backed-rank	ngsl-gr-1.0	1082	cefrj-1.5,ngsl-gr-1.0,oewn-2025,vocabulary-core-2026-08		validated
master-could-modal	could	modal	A1	source-backed	cefrj-1.5	very-common	source-backed-rank	ngsl-gr-1.0	116	cefrj-1.5,ngsl-gr-1.0		validated
master-course-noun	course	noun	A1	source-backed	cefrj-1.5	very-common	source-backed-rank	ngsl-gr-1.0	214	cefrj-1.5,ngsl-gr-1.0,oewn-2025		validated
master-cover-noun	cover	noun	A1	source-backed	cefrj-1.5	very-common	source-backed-rank	ngsl-gr-1.0	474	cefrj-1.5,ngsl-gr-1.0,oewn-2025		validated
master-cry-noun	cry	noun	A1	source-backed	cefrj-1.5	very-common	source-backed-rank	ngsl-gr-1.0	1252	cefrj-1.5,ngsl-gr-1.0,oewn-2025		validated
master-culture-noun	culture	noun	A1	source-backed	cefrj-1.5	very-common	source-backed-rank	ngsl-gr-1.0	618	cefrj-1.5,ngsl-gr-1.0,oewn-2025		validated
master-cup-noun	cup	noun	A1	source-backed	cefrj-1.5	common	source-backed-rank	ngsl-gr-1.0	1541	cefrj-1.5,ngsl-gr-1.0,oewn-2025		validated
master-cut-verb	cut	verb	A1	source-backed	cefrj-1.5	very-common	source-backed-rank	ngsl-gr-1.0	506	cefrj-1.5,ngsl-gr-1.0,oewn-2025		validated
master-dance-noun	dance	noun	A1	source-backed	cefrj-1.5	very-common	source-backed-rank	ngsl-gr-1.0	1009	cefrj-1.5,ngsl-gr-1.0,oewn-2025		validated
master-dance-verb	dance	verb	A1	source-backed	cefrj-1.5	very-common	source-backed-rank	ngsl-gr-1.0	1009	cefrj-1.5,ngsl-gr-1.0,oewn-2025		validated
master-dark-adjective	dark	adjective	A1	source-backed	cefrj-1.5	very-common	source-backed-rank	ngsl-gr-1.0	973	cefrj-1.5,ngsl-gr-1.0,oewn-2025		validated
master-date-noun	date	noun	A1	source-backed	cefrj-1.5	very-common	source-backed-rank	ngsl-gr-1.0	533	cefrj-1.5,ngsl-gr-1.0,oewn-2025		validated
master-daughter-noun	daughter	noun	A1	source-backed	cefrj-1.5	very-common	source-backed-rank	ngsl-gr-1.0	977	cefrj-1.5,ngsl-gr-1.0,oewn-2025		validated
foundation-a1-day	day	noun	A1	source-backed	cefrj-1.5	very-common	source-backed-rank	ngsl-gr-1.0	135	cefrj-1.5,ngsl-gr-1.0,oewn-2025,vocabulary-foundations-001-2026-08		validated
master-dear-adjective	dear	adjective	A1	source-backed	cefrj-1.5	very-common	source-backed-rank	ngsl-gr-1.0	1451	cefrj-1.5,ngsl-gr-1.0,oewn-2025		validated
master-december-noun	december	noun	A1	source-backed	cefrj-1.5	very-common	source-backed-rank	ngsl-gr-1.0	17	cefrj-1.5,ngsl-gr-1.0,oewn-2025		validated
v11	decide	verb	A1	editorial-estimate		very-common	source-backed-rank	ngsl-gr-1.0	409	cefrj-1.5,ngsl-gr-1.0,oewn-2025,vocabulary-core-2026-08		validated
v42	describe	verb	A1	source-backed	cefrj-1.5	very-common	source-backed-rank	ngsl-gr-1.0	507	cefrj-1.5,ngsl-gr-1.0,oewn-2025,vocabulary-core-2026-08		validated
master-design-noun	design	noun	A1	source-backed	cefrj-1.5	very-common	source-backed-rank	ngsl-gr-1.0	491	cefrj-1.5,ngsl-gr-1.0,oewn-2025		validated
v43	difference	noun	A1	source-backed	cefrj-1.5	very-common	source-backed-rank	ngsl-gr-1.0	523	cefrj-1.5,ngsl-gr-1.0,oewn-2025,vocabulary-core-2026-08		validated
master-different-adjective	different	adjective	A1	source-backed	cefrj-1.5	very-common	source-backed-rank	ngsl-gr-1.0	199	cefrj-1.5,ngsl-gr-1.0,oewn-2025		validated
v44	difficult	adjective	A1	source-backed	cefrj-1.5	very-common	source-backed-rank	ngsl-gr-1.0	520	cefrj-1.5,ngsl-gr-1.0,oewn-2025,vocabulary-core-2026-08		validated
master-dinner-noun	dinner	noun	A1	source-backed	cefrj-1.5	very-common	source-backed-rank	ngsl-gr-1.0	1167	cefrj-1.5,ngsl-gr-1.0,oewn-2025		validated
master-discuss-verb	discuss	verb	A1	source-backed	cefrj-1.5	very-common	source-backed-rank	ngsl-gr-1.0	655	cefrj-1.5,ngsl-gr-1.0,oewn-2025		validated
master-do-verb	do	verb	A1	source-backed	cefrj-1.5	very-common	source-backed-rank	ngsl-gr-1.0	71	cefrj-1.5,ngsl-gr-1.0,oewn-2025		validated
master-dog-noun	dog	noun	A1	source-backed	cefrj-1.5	very-common	source-backed-rank	ngsl-gr-1.0	945	cefrj-1.5,ngsl-gr-1.0,oewn-2025		validated
master-dollar-noun	dollar	noun	A1	source-backed	cefrj-1.5	very-common	source-backed-rank	ngsl-gr-1.0	1021	cefrj-1.5,ngsl-gr-1.0,oewn-2025		validated
foundation-a1-door	door	noun	A1	source-backed	cefrj-1.5	very-common	source-backed-rank	ngsl-gr-1.0	540	cefrj-1.5,ngsl-gr-1.0,oewn-2025,vocabulary-foundations-001-2026-08		validated
master-down-adverb	down	adverb	A1	source-backed	cefrj-1.5	very-common	source-backed-rank	ngsl-gr-1.0	159	cefrj-1.5,ngsl-gr-1.0,oewn-2025		validated
master-draw-verb	draw	verb	A1	source-backed	cefrj-1.5	very-common	source-backed-rank	ngsl-gr-1.0	531	cefrj-1.5,ngsl-gr-1.0,oewn-2025		validated
master-dream-noun	dream	noun	A1	source-backed	cefrj-1.5	very-common	source-backed-rank	ngsl-gr-1.0	1016	cefrj-1.5,ngsl-gr-1.0,oewn-2025		validated
master-dress-noun	dress	noun	A1	source-backed	cefrj-1.5	very-common	source-backed-rank	ngsl-gr-1.0	949	cefrj-1.5,ngsl-gr-1.0,oewn-2025		validated
master-drink-noun	drink	noun	A1	source-backed	cefrj-1.5	very-common	source-backed-rank	ngsl-gr-1.0	705	cefrj-1.5,ngsl-gr-1.0,oewn-2025		validated
foundation-a1-drink	drink	verb	A1	source-backed	cefrj-1.5	very-common	source-backed-rank	ngsl-gr-1.0	705	cefrj-1.5,ngsl-gr-1.0,oewn-2025,vocabulary-foundations-001-2026-08		validated
master-drive-noun	drive	noun	A1	source-backed	cefrj-1.5	very-common	source-backed-rank	ngsl-gr-1.0	437	cefrj-1.5,ngsl-gr-1.0,oewn-2025		validated
master-driver-noun	driver	noun	A1	source-backed	cefrj-1.5	very-common	source-backed-rank	ngsl-gr-1.0	1250	cefrj-1.5,ngsl-gr-1.0,oewn-2025		validated
master-drop-verb	drop	verb	A1	source-backed	cefrj-1.5	very-common	source-backed-rank	ngsl-gr-1.0	690	cefrj-1.5,ngsl-gr-1.0,oewn-2025		validated
master-dry-adjective	dry	adjective	A1	source-backed	cefrj-1.5	very-common	source-backed-rank	ngsl-gr-1.0	1185	cefrj-1.5,ngsl-gr-1.0,oewn-2025		validated
master-due-adjective	due	adjective	A1	source-backed	cefrj-1.5	very-common	source-backed-rank	ngsl-gr-1.0	624	cefrj-1.5,ngsl-gr-1.0,oewn-2025		validated
master-each-determiner	each	determiner	A1	source-backed	cefrj-1.5	very-common	source-backed-rank	ngsl-gr-1.0	195	cefrj-1.5,ngsl-gr-1.0		validated
master-each-pronoun	each	pronoun	A1	source-backed	cefrj-1.5	very-common	source-backed-rank	ngsl-gr-1.0	195	cefrj-1.5,ngsl-gr-1.0		validated
master-early-adverb	early	adverb	A1	source-backed	cefrj-1.5	very-common	source-backed-rank	ngsl-gr-1.0	247	cefrj-1.5,ngsl-gr-1.0,oewn-2025		validated
master-easy-adjective	easy	adjective	A1	source-backed	cefrj-1.5	very-common	source-backed-rank	ngsl-gr-1.0	458	cefrj-1.5,ngsl-gr-1.0,oewn-2025		validated
foundation-a1-eat	eat	verb	A1	source-backed	cefrj-1.5	very-common	source-backed-rank	ngsl-gr-1.0	526	cefrj-1.5,ngsl-gr-1.0,oewn-2025,vocabulary-foundations-001-2026-08		validated
master-egg-noun	egg	noun	A1	source-backed	cefrj-1.5	very-common	source-backed-rank	ngsl-gr-1.0	1431	cefrj-1.5,ngsl-gr-1.0,oewn-2025		validated
master-eight-numeral	eight	numeral	A1	source-backed	cefrj-1.5	very-common	source-backed-rank	ngsl-gr-1.0	25	cefrj-1.5,ngsl-gr-1.0		validated
master-eighteen-numeral	eighteen	numeral	A1	source-backed	cefrj-1.5	very-common	source-backed-rank	ngsl-gr-1.0	35	cefrj-1.5,ngsl-gr-1.0		validated
master-eighty-numeral	eighty	numeral	A1	source-backed	cefrj-1.5	very-common	source-backed-rank	ngsl-gr-1.0	43	cefrj-1.5,ngsl-gr-1.0		validated
master-either-adverb	either	adverb	A1	source-backed	cefrj-1.5	very-common	source-backed-rank	ngsl-gr-1.0	421	cefrj-1.5,ngsl-gr-1.0,oewn-2025		validated
master-eleven-numeral	eleven	numeral	A1	source-backed	cefrj-1.5	very-common	source-backed-rank	ngsl-gr-1.0	28	cefrj-1.5,ngsl-gr-1.0		validated
master-end-noun	end	noun	A1	source-backed	cefrj-1.5	very-common	source-backed-rank	ngsl-gr-1.0	202	cefrj-1.5,ngsl-gr-1.0,oewn-2025		validated
master-engineer-noun	engineer	noun	A1	source-backed	cefrj-1.5	very-common	source-backed-rank	ngsl-gr-1.0	1362	cefrj-1.5,ngsl-gr-1.0,oewn-2025		validated
master-enjoy-verb	enjoy	verb	A1	source-backed	cefrj-1.5	very-common	source-backed-rank	ngsl-gr-1.0	554	cefrj-1.5,ngsl-gr-1.0,oewn-2025		validated
master-evening-noun	evening	noun	A1	source-backed	cefrj-1.5	very-common	source-backed-rank	ngsl-gr-1.0	729	cefrj-1.5,ngsl-gr-1.0,oewn-2025		validated
master-event-noun	event	noun	A1	source-backed	cefrj-1.5	very-common	source-backed-rank	ngsl-gr-1.0	492	cefrj-1.5,ngsl-gr-1.0,oewn-2025		validated
master-every-determiner	every	determiner	A1	source-backed	cefrj-1.5	very-common	source-backed-rank	ngsl-gr-1.0	230	cefrj-1.5,ngsl-gr-1.0		validated
master-everybody-pronoun	everybody	pronoun	A1	source-backed	cefrj-1.5	very-common	source-backed-rank	ngsl-gr-1.0	983	cefrj-1.5,ngsl-gr-1.0		validated
master-everyone-pronoun	everyone	pronoun	A1	source-backed	cefrj-1.5	very-common	source-backed-rank	ngsl-gr-1.0	700	cefrj-1.5,ngsl-gr-1.0		validated
master-everything-pronoun	everything	pronoun	A1	source-backed	cefrj-1.5	very-common	source-backed-rank	ngsl-gr-1.0	472	cefrj-1.5,ngsl-gr-1.0		validated
v45	example	noun	A1	source-backed	cefrj-1.5	very-common	source-backed-rank	ngsl-gr-1.0	285	cefrj-1.5,ngsl-gr-1.0,oewn-2025,vocabulary-core-2026-08		validated
master-excellent-adjective	excellent	adjective	A1	source-backed	cefrj-1.5	very-common	source-backed-rank	ngsl-gr-1.0	1213	cefrj-1.5,ngsl-gr-1.0,oewn-2025		validated
master-exercise-verb	exercise	verb	A1	source-backed	cefrj-1.5	very-common	source-backed-rank	ngsl-gr-1.0	967	cefrj-1.5,ngsl-gr-1.0,oewn-2025		validated
master-expensive-adjective	expensive	adjective	A1	source-backed	cefrj-1.5	very-common	source-backed-rank	ngsl-gr-1.0	1111	cefrj-1.5,ngsl-gr-1.0,oewn-2025		validated
v46	explain	verb	A1	editorial-estimate		very-common	source-backed-rank	ngsl-gr-1.0	539	cefrj-1.5,ngsl-gr-1.0,oewn-2025,vocabulary-core-2026-08		validated
master-eye-noun	eye	noun	A1	source-backed	cefrj-1.5	very-common	source-backed-rank	ngsl-gr-1.0	441	cefrj-1.5,ngsl-gr-1.0,oewn-2025		validated
master-face-noun	face	noun	A1	source-backed	cefrj-1.5	very-common	source-backed-rank	ngsl-gr-1.0	299	cefrj-1.5,ngsl-gr-1.0,oewn-2025		validated
master-fair-adjective	fair	adjective	A1	source-backed	cefrj-1.5	very-common	source-backed-rank	ngsl-gr-1.0	1130	cefrj-1.5,ngsl-gr-1.0,oewn-2025		validated
a1-family	family	noun	A1	source-backed	cefrj-1.5	very-common	source-backed-rank	ngsl-gr-1.0	222	cefrj-1.5,ngsl-gr-1.0,oewn-2025,vocabulary-core-2026-08		validated
master-famous-adjective	famous	adjective	A1	source-backed	cefrj-1.5	very-common	source-backed-rank	ngsl-gr-1.0	1067	cefrj-1.5,ngsl-gr-1.0,oewn-2025		validated
master-fan-noun	fan	noun	A1	source-backed	cefrj-1.5	very-common	source-backed-rank	ngsl-gr-1.0	1356	cefrj-1.5,ngsl-gr-1.0,oewn-2025		validated
foundation-a1-far	far	adjective	A1	editorial-estimate		very-common	source-backed-rank	ngsl-gr-1.0	295	cefrj-1.5,ngsl-gr-1.0,oewn-2025,vocabulary-foundations-001-2026-08		validated
master-farm-noun	farm	noun	A1	source-backed	cefrj-1.5	very-common	source-backed-rank	ngsl-gr-1.0	1133	cefrj-1.5,ngsl-gr-1.0,oewn-2025		validated
foundation-a1-fast	fast	adjective	A1	source-backed	cefrj-1.5	very-common	source-backed-rank	ngsl-gr-1.0	681	cefrj-1.5,ngsl-gr-1.0,oewn-2025,vocabulary-foundations-001-2026-08		validated
master-fast-adverb	fast	adverb	A1	source-backed	cefrj-1.5	very-common	source-backed-rank	ngsl-gr-1.0	681	cefrj-1.5,ngsl-gr-1.0,oewn-2025		validated
master-father-noun	father	noun	A1	source-backed	cefrj-1.5	very-common	source-backed-rank	ngsl-gr-1.0	498	cefrj-1.5,ngsl-gr-1.0,oewn-2025		validated
master-february-noun	february	noun	A1	source-backed	cefrj-1.5	very-common	source-backed-rank	ngsl-gr-1.0	9	cefrj-1.5,ngsl-gr-1.0,oewn-2025		validated
master-feed-noun	feed	noun	A1	source-backed	cefrj-1.5	very-common	source-backed-rank	ngsl-gr-1.0	1199	cefrj-1.5,ngsl-gr-1.0,oewn-2025		validated
master-field-noun	field	noun	A1	source-backed	cefrj-1.5	very-common	source-backed-rank	ngsl-gr-1.0	590	cefrj-1.5,ngsl-gr-1.0,oewn-2025		validated
master-fifteen-numeral	fifteen	numeral	A1	source-backed	cefrj-1.5	very-common	source-backed-rank	ngsl-gr-1.0	32	cefrj-1.5,ngsl-gr-1.0		validated
master-fifty-numeral	fifty	numeral	A1	source-backed	cefrj-1.5	very-common	source-backed-rank	ngsl-gr-1.0	40	cefrj-1.5,ngsl-gr-1.0		validated
master-fight-noun	fight	noun	A1	source-backed	cefrj-1.5	very-common	source-backed-rank	ngsl-gr-1.0	645	cefrj-1.5,ngsl-gr-1.0,oewn-2025		validated
master-file-noun	file	noun	A1	source-backed	cefrj-1.5	very-common	source-backed-rank	ngsl-gr-1.0	885	cefrj-1.5,ngsl-gr-1.0,oewn-2025		validated
master-fill-verb	fill	verb	A1	source-backed	cefrj-1.5	very-common	source-backed-rank	ngsl-gr-1.0	895	cefrj-1.5,ngsl-gr-1.0,oewn-2025		validated
master-find-verb	find	verb	A1	source-backed	cefrj-1.5	very-common	source-backed-rank	ngsl-gr-1.0	131	cefrj-1.5,ngsl-gr-1.0,oewn-2025		validated
master-fine-adjective	fine	adjective	A1	source-backed	cefrj-1.5	very-common	source-backed-rank	ngsl-gr-1.0	647	cefrj-1.5,ngsl-gr-1.0,oewn-2025		validated
master-finish-noun	finish	noun	A1	source-backed	cefrj-1.5	very-common	source-backed-rank	ngsl-gr-1.0	659	cefrj-1.5,ngsl-gr-1.0,oewn-2025		validated
master-finish-verb	finish	verb	A1	source-backed	cefrj-1.5	very-common	source-backed-rank	ngsl-gr-1.0	659	cefrj-1.5,ngsl-gr-1.0,oewn-2025		validated
master-fire-noun	fire	noun	A1	source-backed	cefrj-1.5	very-common	source-backed-rank	ngsl-gr-1.0	663	cefrj-1.5,ngsl-gr-1.0,oewn-2025		validated
master-first-adjective	first	adjective	A1	source-backed	cefrj-1.5	very-common	source-backed-rank	ngsl-gr-1.0	128	cefrj-1.5,ngsl-gr-1.0,oewn-2025		validated
master-first-adverb	first	adverb	A1	source-backed	cefrj-1.5	very-common	source-backed-rank	ngsl-gr-1.0	128	cefrj-1.5,ngsl-gr-1.0,oewn-2025		validated
master-fish-noun	fish	noun	A1	source-backed	cefrj-1.5	very-common	source-backed-rank	ngsl-gr-1.0	878	cefrj-1.5,ngsl-gr-1.0,oewn-2025		validated
master-five-numeral	five	numeral	A1	source-backed	cefrj-1.5	very-common	source-backed-rank	ngsl-gr-1.0	22	cefrj-1.5,ngsl-gr-1.0		validated
master-flat-noun	flat	noun	A1	source-backed	cefrj-1.5	very-common	source-backed-rank	ngsl-gr-1.0	1127	cefrj-1.5,ngsl-gr-1.0,oewn-2025		validated
master-floor-noun	floor	noun	A1	source-backed	cefrj-1.5	very-common	source-backed-rank	ngsl-gr-1.0	801	cefrj-1.5,ngsl-gr-1.0,oewn-2025		validated
master-flower-noun	flower	noun	A1	source-backed	cefrj-1.5	very-common	source-backed-rank	ngsl-gr-1.0	1351	cefrj-1.5,ngsl-gr-1.0,oewn-2025		validated
master-fly-noun	fly	noun	A1	source-backed	cefrj-1.5	very-common	source-backed-rank	ngsl-gr-1.0	931	cefrj-1.5,ngsl-gr-1.0,oewn-2025		validated
master-fly-verb	fly	verb	A1	source-backed	cefrj-1.5	very-common	source-backed-rank	ngsl-gr-1.0	931	cefrj-1.5,ngsl-gr-1.0,oewn-2025		validated
foundation-a1-food	food	noun	A1	source-backed	cefrj-1.5	very-common	source-backed-rank	ngsl-gr-1.0	417	cefrj-1.5,ngsl-gr-1.0,oewn-2025,vocabulary-foundations-001-2026-08		validated
master-football-noun	football	noun	A1	source-backed	cefrj-1.5	very-common	source-backed-rank	ngsl-gr-1.0	1267	cefrj-1.5,ngsl-gr-1.0,oewn-2025		validated
master-for-preposition	for	preposition	A1	source-backed	cefrj-1.5	very-common	source-backed-rank	ngsl-gr-1.0	62	cefrj-1.5,ngsl-gr-1.0		validated
master-foreign-adjective	foreign	adjective	A1	source-backed	cefrj-1.5	very-common	source-backed-rank	ngsl-gr-1.0	683	cefrj-1.5,ngsl-gr-1.0,oewn-2025		validated
master-form-noun	form	noun	A1	source-backed	cefrj-1.5	very-common	source-backed-rank	ngsl-gr-1.0	307	cefrj-1.5,ngsl-gr-1.0,oewn-2025		validated
master-forty-numeral	forty	numeral	A1	source-backed	cefrj-1.5	very-common	source-backed-rank	ngsl-gr-1.0	39	cefrj-1.5,ngsl-gr-1.0		validated
master-four-numeral	four	numeral	A1	source-backed	cefrj-1.5	very-common	source-backed-rank	ngsl-gr-1.0	21	cefrj-1.5,ngsl-gr-1.0		validated
master-fourteen-numeral	fourteen	numeral	A1	source-backed	cefrj-1.5	very-common	source-backed-rank	ngsl-gr-1.0	31	cefrj-1.5,ngsl-gr-1.0		validated
master-free-adjective	free	adjective	A1	source-backed	cefrj-1.5	very-common	source-backed-rank	ngsl-gr-1.0	445	cefrj-1.5,ngsl-gr-1.0,oewn-2025		validated
master-friday-noun	friday	noun	A1	source-backed	cefrj-1.5	very-common	source-backed-rank	ngsl-gr-1.0	5	cefrj-1.5,ngsl-gr-1.0,oewn-2025		validated
a1-friend	friend	noun	A1	source-backed	cefrj-1.5	very-common	source-backed-rank	ngsl-gr-1.0	258	cefrj-1.5,ngsl-gr-1.0,oewn-2025,vocabulary-core-2026-08		validated
master-from-preposition	from	preposition	A1	source-backed	cefrj-1.5	very-common	source-backed-rank	ngsl-gr-1.0	76	cefrj-1.5,ngsl-gr-1.0		validated
master-front-adjective	front	adjective	A1	source-backed	cefrj-1.5	very-common	source-backed-rank	ngsl-gr-1.0	538	cefrj-1.5,ngsl-gr-1.0,oewn-2025		validated
master-full-adjective	full	adjective	A1	source-backed	cefrj-1.5	very-common	source-backed-rank	ngsl-gr-1.0	460	cefrj-1.5,ngsl-gr-1.0,oewn-2025		validated
master-fun-noun	fun	noun	A1	source-backed	cefrj-1.5	very-common	source-backed-rank	ngsl-gr-1.0	952	cefrj-1.5,ngsl-gr-1.0,oewn-2025		validated
master-funny-adjective	funny	adjective	A1	source-backed	cefrj-1.5	very-common	source-backed-rank	ngsl-gr-1.0	1287	cefrj-1.5,ngsl-gr-1.0,oewn-2025		validated
master-future-noun	future	noun	A1	source-backed	cefrj-1.5	very-common	source-backed-rank	ngsl-gr-1.0	420	cefrj-1.5,ngsl-gr-1.0,oewn-2025		validated
master-game-noun	game	noun	A1	source-backed	cefrj-1.5	very-common	source-backed-rank	ngsl-gr-1.0	443	cefrj-1.5,ngsl-gr-1.0,oewn-2025		validated
master-garden-noun	garden	noun	A1	source-backed	cefrj-1.5	very-common	source-backed-rank	ngsl-gr-1.0	1022	cefrj-1.5,ngsl-gr-1.0,oewn-2025		validated
master-get-verb	get	verb	A1	source-backed	cefrj-1.5	very-common	source-backed-rank	ngsl-gr-1.0	93	cefrj-1.5,ngsl-gr-1.0,oewn-2025		validated
master-gift-noun	gift	noun	A1	source-backed	cefrj-1.5	very-common	source-backed-rank	ngsl-gr-1.0	1477	cefrj-1.5,ngsl-gr-1.0,oewn-2025		validated
master-girl-noun	girl	noun	A1	source-backed	cefrj-1.5	very-common	source-backed-rank	ngsl-gr-1.0	513	cefrj-1.5,ngsl-gr-1.0,oewn-2025		validated
master-give-verb	give	verb	A1	source-backed	cefrj-1.5	very-common	source-backed-rank	ngsl-gr-1.0	127	cefrj-1.5,ngsl-gr-1.0,oewn-2025		validated
master-glad-adjective	glad	adjective	A1	source-backed	cefrj-1.5	very-common	source-backed-rank	ngsl-gr-1.0	1420	cefrj-1.5,ngsl-gr-1.0,oewn-2025		validated
master-glass-noun	glass	noun	A1	source-backed	cefrj-1.5	very-common	source-backed-rank	ngsl-gr-1.0	1092	cefrj-1.5,ngsl-gr-1.0,oewn-2025		validated
foundation-a1-go	go	verb	A1	source-backed	cefrj-1.5	very-common	source-backed-rank	ngsl-gr-1.0	81	cefrj-1.5,ngsl-gr-1.0,oewn-2025,vocabulary-foundations-001-2026-08		validated
master-gold-adjective	gold	adjective	A1	source-backed	cefrj-1.5	common	source-backed-rank	ngsl-gr-1.0	1503	cefrj-1.5,ngsl-gr-1.0,oewn-2025		validated
foundation-a1-good	good	adjective	A1	source-backed	cefrj-1.5	very-common	source-backed-rank	ngsl-gr-1.0	106	cefrj-1.5,ngsl-gr-1.0,oewn-2025,vocabulary-foundations-001-2026-08		validated
master-great-adjective	great	adjective	A1	source-backed	cefrj-1.5	very-common	source-backed-rank	ngsl-gr-1.0	174	cefrj-1.5,ngsl-gr-1.0,oewn-2025		validated
master-green-adjective	green	adjective	A1	source-backed	cefrj-1.5	very-common	source-backed-rank	ngsl-gr-1.0	990	cefrj-1.5,ngsl-gr-1.0,oewn-2025		validated
master-ground-noun	ground	noun	A1	source-backed	cefrj-1.5	very-common	source-backed-rank	ngsl-gr-1.0	636	cefrj-1.5,ngsl-gr-1.0,oewn-2025		validated
master-group-noun	group	noun	A1	source-backed	cefrj-1.5	very-common	source-backed-rank	ngsl-gr-1.0	217	cefrj-1.5,ngsl-gr-1.0,oewn-2025		validated
master-grow-verb	grow	verb	A1	source-backed	cefrj-1.5	very-common	source-backed-rank	ngsl-gr-1.0	385	cefrj-1.5,ngsl-gr-1.0,oewn-2025		validated
master-guess-verb	guess	verb	A1	source-backed	cefrj-1.5	very-common	source-backed-rank	ngsl-gr-1.0	951	cefrj-1.5,ngsl-gr-1.0,oewn-2025		validated
master-guest-noun	guest	noun	A1	source-backed	cefrj-1.5	very-common	source-backed-rank	ngsl-gr-1.0	1480	cefrj-1.5,ngsl-gr-1.0,oewn-2025		validated
master-guy-noun	guy	noun	A1	source-backed	cefrj-1.5	very-common	source-backed-rank	ngsl-gr-1.0	751	cefrj-1.5,ngsl-gr-1.0,oewn-2025		validated
master-hair-noun	hair	noun	A1	source-backed	cefrj-1.5	very-common	source-backed-rank	ngsl-gr-1.0	963	cefrj-1.5,ngsl-gr-1.0,oewn-2025		validated
master-half-noun	half	noun	A1	source-backed	cefrj-1.5	very-common	source-backed-rank	ngsl-gr-1.0	415	cefrj-1.5,ngsl-gr-1.0,oewn-2025		validated
master-hall-noun	hall	noun	A1	source-backed	cefrj-1.5	common	source-backed-rank	ngsl-gr-1.0	1530	cefrj-1.5,ngsl-gr-1.0,oewn-2025		validated
master-hand-noun	hand	noun	A1	source-backed	cefrj-1.5	very-common	source-backed-rank	ngsl-gr-1.0	248	cefrj-1.5,ngsl-gr-1.0,oewn-2025		validated
a1-happy	happy	adjective	A1	source-backed	cefrj-1.5	very-common	source-backed-rank	ngsl-gr-1.0	563	cefrj-1.5,ngsl-gr-1.0,oewn-2025,vocabulary-core-2026-08		validated
master-hard-adjective	hard	adjective	A1	source-backed	cefrj-1.5	very-common	source-backed-rank	ngsl-gr-1.0	348	cefrj-1.5,ngsl-gr-1.0,oewn-2025		validated
master-hard-adverb	hard	adverb	A1	source-backed	cefrj-1.5	very-common	source-backed-rank	ngsl-gr-1.0	348	cefrj-1.5,ngsl-gr-1.0,oewn-2025		validated
master-have-verb	have	verb	A1	source-backed	cefrj-1.5	very-common	source-backed-rank	ngsl-gr-1.0	58	cefrj-1.5,ngsl-gr-1.0,oewn-2025		validated
master-he-pronoun	he	pronoun	A1	source-backed	cefrj-1.5	very-common	source-backed-rank	ngsl-gr-1.0	61	cefrj-1.5,ngsl-gr-1.0		validated
master-head-noun	head	noun	A1	source-backed	cefrj-1.5	very-common	source-backed-rank	ngsl-gr-1.0	309	cefrj-1.5,ngsl-gr-1.0,oewn-2025		validated
master-health-noun	health	noun	A1	source-backed	cefrj-1.5	very-common	source-backed-rank	ngsl-gr-1.0	525	cefrj-1.5,ngsl-gr-1.0,oewn-2025		validated
master-hear-verb	hear	verb	A1	source-backed	cefrj-1.5	very-common	source-backed-rank	ngsl-gr-1.0	228	cefrj-1.5,ngsl-gr-1.0,oewn-2025		validated
master-heart-noun	heart	noun	A1	source-backed	cefrj-1.5	very-common	source-backed-rank	ngsl-gr-1.0	672	cefrj-1.5,ngsl-gr-1.0,oewn-2025		validated
master-heavy-adjective	heavy	adjective	A1	source-backed	cefrj-1.5	very-common	source-backed-rank	ngsl-gr-1.0	1102	cefrj-1.5,ngsl-gr-1.0,oewn-2025		validated
a1-help	help	verb	A1	source-backed	cefrj-1.5	very-common	source-backed-rank	ngsl-gr-1.0	183	cefrj-1.5,ngsl-gr-1.0,oewn-2025,vocabulary-core-2026-08		validated
master-here-adverb	here	adverb	A1	source-backed	cefrj-1.5	very-common	source-backed-rank	ngsl-gr-1.0	148	cefrj-1.5,ngsl-gr-1.0,oewn-2025		validated
master-hide-verb	hide	verb	A1	source-backed	cefrj-1.5	very-common	source-backed-rank	ngsl-gr-1.0	1297	cefrj-1.5,ngsl-gr-1.0,oewn-2025		validated
master-high-adjective	high	adjective	A1	source-backed	cefrj-1.5	very-common	source-backed-rank	ngsl-gr-1.0	198	cefrj-1.5,ngsl-gr-1.0,oewn-2025		validated
master-history-noun	history	noun	A1	source-backed	cefrj-1.5	very-common	source-backed-rank	ngsl-gr-1.0	435	cefrj-1.5,ngsl-gr-1.0,oewn-2025		validated
master-hold-noun	hold	noun	A1	source-backed	cefrj-1.5	very-common	source-backed-rank	ngsl-gr-1.0	272	cefrj-1.5,ngsl-gr-1.0,oewn-2025		validated
master-home-noun	home	noun	A1	source-backed	cefrj-1.5	very-common	source-backed-rank	ngsl-gr-1.0	211	cefrj-1.5,ngsl-gr-1.0,oewn-2025		validated
master-hope-noun	hope	noun	A1	source-backed	cefrj-1.5	very-common	source-backed-rank	ngsl-gr-1.0	300	cefrj-1.5,ngsl-gr-1.0,oewn-2025		validated
master-horse-noun	horse	noun	A1	source-backed	cefrj-1.5	very-common	source-backed-rank	ngsl-gr-1.0	1189	cefrj-1.5,ngsl-gr-1.0,oewn-2025		validated
foundation-a1-hot	hot	adjective	A1	source-backed	cefrj-1.5	very-common	source-backed-rank	ngsl-gr-1.0	935	cefrj-1.5,ngsl-gr-1.0,oewn-2025,vocabulary-foundations-001-2026-08		validated
master-hour-noun	hour	noun	A1	source-backed	cefrj-1.5	very-common	source-backed-rank	ngsl-gr-1.0	297	cefrj-1.5,ngsl-gr-1.0,oewn-2025		validated
a1-house	house	noun	A1	source-backed	cefrj-1.5	very-common	source-backed-rank	ngsl-gr-1.0	215	cefrj-1.5,ngsl-gr-1.0,oewn-2025,vocabulary-core-2026-08		validated
master-hurt-verb	hurt	verb	A1	source-backed	cefrj-1.5	very-common	source-backed-rank	ngsl-gr-1.0	1471	cefrj-1.5,ngsl-gr-1.0,oewn-2025		validated
master-husband-noun	husband	noun	A1	source-backed	cefrj-1.5	very-common	source-backed-rank	ngsl-gr-1.0	851	cefrj-1.5,ngsl-gr-1.0,oewn-2025		validated
master-i-pronoun	i	pronoun	A1	source-backed	cefrj-1.5	very-common	source-backed-rank	ngsl-gr-1.0	70	cefrj-1.5,ngsl-gr-1.0		validated
master-if-conjunction	if	conjunction	A1	source-backed	cefrj-1.5	very-common	source-backed-rank	ngsl-gr-1.0	84	cefrj-1.5,ngsl-gr-1.0		validated
master-imagine-verb	imagine	verb	A1	source-backed	cefrj-1.5	very-common	source-backed-rank	ngsl-gr-1.0	974	cefrj-1.5,ngsl-gr-1.0,oewn-2025		validated
a1-important	important	adjective	A1	source-backed	cefrj-1.5	very-common	source-backed-rank	ngsl-gr-1.0	240	cefrj-1.5,ngsl-gr-1.0,oewn-2025,vocabulary-core-2026-08		validated
master-in-preposition	in	preposition	A1	source-backed	cefrj-1.5	very-common	source-backed-rank	ngsl-gr-1.0	57	cefrj-1.5,ngsl-gr-1.0		validated
master-information-noun	information	noun	A1	source-backed	cefrj-1.5	very-common	source-backed-rank	ngsl-gr-1.0	263	cefrj-1.5,ngsl-gr-1.0,oewn-2025		validated
master-inside-preposition	inside	preposition	A1	source-backed	cefrj-1.5	very-common	source-backed-rank	ngsl-gr-1.0	710	cefrj-1.5,ngsl-gr-1.0		validated
master-interview-noun	interview	noun	A1	source-backed	cefrj-1.5	very-common	source-backed-rank	ngsl-gr-1.0	834	cefrj-1.5,ngsl-gr-1.0,oewn-2025		validated
master-into-preposition	into	preposition	A1	source-backed	cefrj-1.5	very-common	source-backed-rank	ngsl-gr-1.0	123	cefrj-1.5,ngsl-gr-1.0		validated
master-introduce-verb	introduce	verb	A1	source-backed	cefrj-1.5	very-common	source-backed-rank	ngsl-gr-1.0	822	cefrj-1.5,ngsl-gr-1.0,oewn-2025		validated
master-island-noun	island	noun	A1	source-backed	cefrj-1.5	very-common	source-backed-rank	ngsl-gr-1.0	1264	cefrj-1.5,ngsl-gr-1.0,oewn-2025		validated
master-it-pronoun	it	pronoun	A1	source-backed	cefrj-1.5	very-common	source-backed-rank	ngsl-gr-1.0	59	cefrj-1.5,ngsl-gr-1.0		validated
master-item-noun	item	noun	A1	source-backed	cefrj-1.5	very-common	source-backed-rank	ngsl-gr-1.0	797	cefrj-1.5,ngsl-gr-1.0,oewn-2025		validated
master-january-noun	january	noun	A1	source-backed	cefrj-1.5	very-common	source-backed-rank	ngsl-gr-1.0	8	cefrj-1.5,ngsl-gr-1.0,oewn-2025		validated
a1-job	job	noun	A1	source-backed	cefrj-1.5	very-common	source-backed-rank	ngsl-gr-1.0	281	cefrj-1.5,ngsl-gr-1.0,oewn-2025,vocabulary-core-2026-08		validated
master-join-verb	join	verb	A1	source-backed	cefrj-1.5	very-common	source-backed-rank	ngsl-gr-1.0	519	cefrj-1.5,ngsl-gr-1.0,oewn-2025		validated
master-judge-verb	judge	verb	A1	source-backed	cefrj-1.5	very-common	source-backed-rank	ngsl-gr-1.0	1045	cefrj-1.5,ngsl-gr-1.0,oewn-2025		validated
master-july-noun	july	noun	A1	source-backed	cefrj-1.5	very-common	source-backed-rank	ngsl-gr-1.0	12	cefrj-1.5,ngsl-gr-1.0,oewn-2025		validated
master-jump-verb	jump	verb	A1	source-backed	cefrj-1.5	very-common	source-backed-rank	ngsl-gr-1.0	1374	cefrj-1.5,ngsl-gr-1.0,oewn-2025		validated
master-june-noun	june	noun	A1	source-backed	cefrj-1.5	very-common	source-backed-rank	ngsl-gr-1.0	11	cefrj-1.5,ngsl-gr-1.0,oewn-2025		validated
master-just-adverb	just	adverb	A1	source-backed	cefrj-1.5	very-common	source-backed-rank	ngsl-gr-1.0	114	cefrj-1.5,ngsl-gr-1.0,oewn-2025		validated
master-keep-verb	keep	verb	A1	source-backed	cefrj-1.5	very-common	source-backed-rank	ngsl-gr-1.0	227	cefrj-1.5,ngsl-gr-1.0,oewn-2025		validated
master-key-adjective	key	adjective	A1	source-backed	cefrj-1.5	very-common	source-backed-rank	ngsl-gr-1.0	709	cefrj-1.5,ngsl-gr-1.0,oewn-2025		validated
master-key-noun	key	noun	A1	source-backed	cefrj-1.5	very-common	source-backed-rank	ngsl-gr-1.0	709	cefrj-1.5,ngsl-gr-1.0,oewn-2025		validated
master-kid-noun	kid	noun	A1	source-backed	cefrj-1.5	very-common	source-backed-rank	ngsl-gr-1.0	579	cefrj-1.5,ngsl-gr-1.0,oewn-2025		validated
master-kill-verb	kill	verb	A1	source-backed	cefrj-1.5	very-common	source-backed-rank	ngsl-gr-1.0	583	cefrj-1.5,ngsl-gr-1.0,oewn-2025		validated
master-kind-noun	kind	noun	A1	source-backed	cefrj-1.5	very-common	source-backed-rank	ngsl-gr-1.0	226	cefrj-1.5,ngsl-gr-1.0,oewn-2025		validated
master-kitchen-noun	kitchen	noun	A1	source-backed	cefrj-1.5	very-common	source-backed-rank	ngsl-gr-1.0	1357	cefrj-1.5,ngsl-gr-1.0,oewn-2025		validated
master-know-verb	know	verb	A1	source-backed	cefrj-1.5	very-common	source-backed-rank	ngsl-gr-1.0	91	cefrj-1.5,ngsl-gr-1.0,oewn-2025		validated
master-lady-noun	lady	noun	A1	source-backed	cefrj-1.5	very-common	source-backed-rank	ngsl-gr-1.0	1311	cefrj-1.5,ngsl-gr-1.0,oewn-2025		validated
master-language-noun	language	noun	A1	source-backed	cefrj-1.5	very-common	source-backed-rank	ngsl-gr-1.0	410	cefrj-1.5,ngsl-gr-1.0,oewn-2025		validated
master-large-adjective	large	adjective	A1	source-backed	cefrj-1.5	very-common	source-backed-rank	ngsl-gr-1.0	260	cefrj-1.5,ngsl-gr-1.0,oewn-2025		validated
master-late-adjective	late	adjective	A1	source-backed	cefrj-1.5	very-common	source-backed-rank	ngsl-gr-1.0	197	cefrj-1.5,ngsl-gr-1.0,oewn-2025		validated
master-late-adverb	late	adverb	A1	source-backed	cefrj-1.5	very-common	source-backed-rank	ngsl-gr-1.0	197	cefrj-1.5,ngsl-gr-1.0,oewn-2025		validated
master-laugh-verb	laugh	verb	A1	source-backed	cefrj-1.5	very-common	source-backed-rank	ngsl-gr-1.0	670	cefrj-1.5,ngsl-gr-1.0,oewn-2025		validated
master-leader-noun	leader	noun	A1	source-backed	cefrj-1.5	very-common	source-backed-rank	ngsl-gr-1.0	646	cefrj-1.5,ngsl-gr-1.0,oewn-2025		validated
v49	learn	verb	A1	source-backed	cefrj-1.5	very-common	source-backed-rank	ngsl-gr-1.0	311	cefrj-1.5,ngsl-gr-1.0,oewn-2025,vocabulary-core-2026-08		validated
master-left-adjective	left	adjective	A1	source-backed	cefrj-1.5	very-common	source-backed-rank	ngsl-gr-1.0	1270	cefrj-1.5,ngsl-gr-1.0,oewn-2025		validated
master-leg-noun	leg	noun	A1	source-backed	cefrj-1.5	very-common	source-backed-rank	ngsl-gr-1.0	1147	cefrj-1.5,ngsl-gr-1.0,oewn-2025		validated
master-lesson-noun	lesson	noun	A1	source-backed	cefrj-1.5	very-common	source-backed-rank	ngsl-gr-1.0	1284	cefrj-1.5,ngsl-gr-1.0,oewn-2025		validated
master-let-verb	let	verb	A1	source-backed	cefrj-1.5	very-common	source-backed-rank	ngsl-gr-1.0	224	cefrj-1.5,ngsl-gr-1.0,oewn-2025		validated
master-letter-noun	letter	noun	A1	source-backed	cefrj-1.5	very-common	source-backed-rank	ngsl-gr-1.0	408	cefrj-1.5,ngsl-gr-1.0,oewn-2025		validated
master-library-noun	library	noun	A1	source-backed	cefrj-1.5	very-common	source-backed-rank	ngsl-gr-1.0	1212	cefrj-1.5,ngsl-gr-1.0,oewn-2025		validated
master-life-noun	life	noun	A1	source-backed	cefrj-1.5	very-common	source-backed-rank	ngsl-gr-1.0	161	cefrj-1.5,ngsl-gr-1.0,oewn-2025		validated
master-light-adjective	light	adjective	A1	source-backed	cefrj-1.5	very-common	source-backed-rank	ngsl-gr-1.0	399	cefrj-1.5,ngsl-gr-1.0,oewn-2025		validated
master-light-noun	light	noun	A1	source-backed	cefrj-1.5	very-common	source-backed-rank	ngsl-gr-1.0	399	cefrj-1.5,ngsl-gr-1.0,oewn-2025		validated
master-like-preposition	like	preposition	A1	source-backed	cefrj-1.5	very-common	source-backed-rank	ngsl-gr-1.0	95	cefrj-1.5,ngsl-gr-1.0		validated
master-like-verb	like	verb	A1	source-backed	cefrj-1.5	very-common	source-backed-rank	ngsl-gr-1.0	95	cefrj-1.5,ngsl-gr-1.0,oewn-2025		validated
master-line-noun	line	noun	A1	source-backed	cefrj-1.5	very-common	source-backed-rank	ngsl-gr-1.0	324	cefrj-1.5,ngsl-gr-1.0,oewn-2025		validated
master-list-noun	list	noun	A1	source-backed	cefrj-1.5	very-common	source-backed-rank	ngsl-gr-1.0	573	cefrj-1.5,ngsl-gr-1.0,oewn-2025		validated
foundation-a1-listen	listen	verb	A1	source-backed	cefrj-1.5	very-common	source-backed-rank	ngsl-gr-1.0	623	cefrj-1.5,ngsl-gr-1.0,oewn-2025,vocabulary-foundations-001-2026-08		validated
master-little-adjective	little	adjective	A1	source-backed	cefrj-1.5	very-common	source-backed-rank	ngsl-gr-1.0	182	cefrj-1.5,ngsl-gr-1.0,oewn-2025		validated
master-little-adverb	little	adverb	A1	source-backed	cefrj-1.5	very-common	source-backed-rank	ngsl-gr-1.0	182	cefrj-1.5,ngsl-gr-1.0,oewn-2025		validated
a1-live	live	verb	A1	source-backed	cefrj-1.5	very-common	source-backed-rank	ngsl-gr-1.0	203	cefrj-1.5,ngsl-gr-1.0,oewn-2025,vocabulary-core-2026-08		validated
master-long-adjective	long	adjective	A1	source-backed	cefrj-1.5	very-common	source-backed-rank	ngsl-gr-1.0	165	cefrj-1.5,ngsl-gr-1.0,oewn-2025		validated
master-look-noun	look	noun	A1	source-backed	cefrj-1.5	very-common	source-backed-rank	ngsl-gr-1.0	125	cefrj-1.5,ngsl-gr-1.0,oewn-2025		validated
master-look-verb	look	verb	A1	source-backed	cefrj-1.5	very-common	source-backed-rank	ngsl-gr-1.0	125	cefrj-1.5,ngsl-gr-1.0,oewn-2025		validated
master-lot-pronoun	lot	pronoun	A1	source-backed	cefrj-1.5	very-common	source-backed-rank	ngsl-gr-1.0	173	cefrj-1.5,ngsl-gr-1.0		validated
master-love-noun	love	noun	A1	source-backed	cefrj-1.5	very-common	source-backed-rank	ngsl-gr-1.0	279	cefrj-1.5,ngsl-gr-1.0,oewn-2025		validated
master-love-verb	love	verb	A1	source-backed	cefrj-1.5	very-common	source-backed-rank	ngsl-gr-1.0	279	cefrj-1.5,ngsl-gr-1.0,oewn-2025		validated
master-lunch-noun	lunch	noun	A1	source-backed	cefrj-1.5	very-common	source-backed-rank	ngsl-gr-1.0	1384	cefrj-1.5,ngsl-gr-1.0,oewn-2025		validated
master-machine-noun	machine	noun	A1	source-backed	cefrj-1.5	very-common	source-backed-rank	ngsl-gr-1.0	795	cefrj-1.5,ngsl-gr-1.0,oewn-2025		validated
master-magazine-noun	magazine	noun	A1	source-backed	cefrj-1.5	very-common	source-backed-rank	ngsl-gr-1.0	1035	cefrj-1.5,ngsl-gr-1.0,oewn-2025		validated
master-make-verb	make	verb	A1	source-backed	cefrj-1.5	very-common	source-backed-rank	ngsl-gr-1.0	98	cefrj-1.5,ngsl-gr-1.0,oewn-2025		validated
foundation-a1-man	man	noun	A1	source-backed	cefrj-1.5	very-common	source-backed-rank	ngsl-gr-1.0	162	cefrj-1.5,ngsl-gr-1.0,oewn-2025,vocabulary-foundations-001-2026-08		validated
master-many-determiner	many	determiner	A1	source-backed	cefrj-1.5	very-common	source-backed-rank	ngsl-gr-1.0	149	cefrj-1.5,ngsl-gr-1.0		validated
master-many-pronoun	many	pronoun	A1	source-backed	cefrj-1.5	very-common	source-backed-rank	ngsl-gr-1.0	149	cefrj-1.5,ngsl-gr-1.0		validated
master-match-noun	match	noun	A1	source-backed	cefrj-1.5	very-common	source-backed-rank	ngsl-gr-1.0	900	cefrj-1.5,ngsl-gr-1.0,oewn-2025		validated
master-matter-noun	matter	noun	A1	source-backed	cefrj-1.5	very-common	source-backed-rank	ngsl-gr-1.0	390	cefrj-1.5,ngsl-gr-1.0,oewn-2025		validated
master-may-modal	may	modal	A1	source-backed	cefrj-1.5	very-common	source-backed-rank	ngsl-gr-1.0	147	cefrj-1.5,ngsl-gr-1.0		validated
master-may-noun	may	noun	A1	source-backed	cefrj-1.5	very-common	source-backed-rank	ngsl-gr-1.0	147	cefrj-1.5,ngsl-gr-1.0,oewn-2025		validated
master-maybe-adverb	maybe	adverb	A1	source-backed	cefrj-1.5	very-common	source-backed-rank	ngsl-gr-1.0	514	cefrj-1.5,ngsl-gr-1.0,oewn-2025		validated
a1-meal	meal	noun	A1	source-backed	cefrj-1.5	very-common	source-backed-rank	ngsl-gr-1.0	1300	cefrj-1.5,ngsl-gr-1.0,oewn-2025,vocabulary-core-2026-08		validated
master-mean-verb	mean	verb	A1	source-backed	cefrj-1.5	very-common	source-backed-rank	ngsl-gr-1.0	145	cefrj-1.5,ngsl-gr-1.0,oewn-2025		validated
v50	meaning	noun	A1	editorial-estimate		very-common	editorial-band			cefrj-1.5,oewn-2025,vocabulary-core-2026-08		validated
master-meet-verb	meet	verb	A1	source-backed	cefrj-1.5	very-common	source-backed-rank	ngsl-gr-1.0	185	cefrj-1.5,ngsl-gr-1.0,oewn-2025		validated
master-memory-noun	memory	noun	A1	source-backed	cefrj-1.5	very-common	source-backed-rank	ngsl-gr-1.0	989	cefrj-1.5,ngsl-gr-1.0,oewn-2025		validated
master-message-noun	message	noun	A1	source-backed	cefrj-1.5	very-common	source-backed-rank	ngsl-gr-1.0	913	cefrj-1.5,ngsl-gr-1.0,oewn-2025		validated
master-middle-adjective	middle	adjective	A1	source-backed	cefrj-1.5	very-common	source-backed-rank	ngsl-gr-1.0	886	cefrj-1.5,ngsl-gr-1.0,oewn-2025		validated
master-mind-noun	mind	noun	A1	source-backed	cefrj-1.5	very-common	source-backed-rank	ngsl-gr-1.0	391	cefrj-1.5,ngsl-gr-1.0,oewn-2025		validated
master-mine-pronoun	mine	pronoun	A1	source-backed	cefrj-1.5	very-common	source-backed-rank	ngsl-gr-1.0	987	cefrj-1.5,ngsl-gr-1.0		validated
master-minute-noun	minute	noun	A1	source-backed	cefrj-1.5	very-common	source-backed-rank	ngsl-gr-1.0	416	cefrj-1.5,ngsl-gr-1.0,oewn-2025		validated
master-miss-noun	miss	noun	A1	source-backed	cefrj-1.5	very-common	source-backed-rank	ngsl-gr-1.0	695	cefrj-1.5,ngsl-gr-1.0,oewn-2025		validated
master-moment-noun	moment	noun	A1	source-backed	cefrj-1.5	very-common	source-backed-rank	ngsl-gr-1.0	447	cefrj-1.5,ngsl-gr-1.0,oewn-2025		validated
master-monday-noun	monday	noun	A1	source-backed	cefrj-1.5	very-common	source-backed-rank	ngsl-gr-1.0	1	cefrj-1.5,ngsl-gr-1.0,oewn-2025		validated
master-month-noun	month	noun	A1	source-backed	cefrj-1.5	very-common	source-backed-rank	ngsl-gr-1.0	259	cefrj-1.5,ngsl-gr-1.0,oewn-2025		validated
master-more-determiner	more	determiner	A1	source-backed	cefrj-1.5	very-common	source-backed-rank	ngsl-gr-1.0	92	cefrj-1.5,ngsl-gr-1.0		validated
master-more-pronoun	more	pronoun	A1	source-backed	cefrj-1.5	very-common	source-backed-rank	ngsl-gr-1.0	92	cefrj-1.5,ngsl-gr-1.0		validated
a1-morning	morning	noun	A1	source-backed	cefrj-1.5	very-common	source-backed-rank	ngsl-gr-1.0	484	cefrj-1.5,ngsl-gr-1.0,oewn-2025,vocabulary-core-2026-08		validated
master-most-determiner	most	determiner	A1	source-backed	cefrj-1.5	very-common	source-backed-rank	ngsl-gr-1.0	138	cefrj-1.5,ngsl-gr-1.0		validated
master-mother-noun	mother	noun	A1	source-backed	cefrj-1.5	very-common	source-backed-rank	ngsl-gr-1.0	388	cefrj-1.5,ngsl-gr-1.0,oewn-2025		validated
master-mountain-noun	mountain	noun	A1	source-backed	cefrj-1.5	very-common	source-backed-rank	ngsl-gr-1.0	1295	cefrj-1.5,ngsl-gr-1.0,oewn-2025		validated
master-mouth-noun	mouth	noun	A1	source-backed	cefrj-1.5	very-common	source-backed-rank	ngsl-gr-1.0	1489	cefrj-1.5,ngsl-gr-1.0,oewn-2025		validated
master-move-noun	move	noun	A1	source-backed	cefrj-1.5	very-common	source-backed-rank	ngsl-gr-1.0	250	cefrj-1.5,ngsl-gr-1.0,oewn-2025		validated
master-movie-noun	movie	noun	A1	source-backed	cefrj-1.5	very-common	source-backed-rank	ngsl-gr-1.0	812	cefrj-1.5,ngsl-gr-1.0,oewn-2025		validated
master-much-adverb	much	adverb	A1	source-backed	cefrj-1.5	very-common	source-backed-rank	ngsl-gr-1.0	141	cefrj-1.5,ngsl-gr-1.0,oewn-2025		validated
master-much-determiner	much	determiner	A1	source-backed	cefrj-1.5	very-common	source-backed-rank	ngsl-gr-1.0	141	cefrj-1.5,ngsl-gr-1.0		validated
master-much-pronoun	much	pronoun	A1	source-backed	cefrj-1.5	very-common	source-backed-rank	ngsl-gr-1.0	141	cefrj-1.5,ngsl-gr-1.0		validated
master-music-noun	music	noun	A1	source-backed	cefrj-1.5	very-common	source-backed-rank	ngsl-gr-1.0	442	cefrj-1.5,ngsl-gr-1.0,oewn-2025		validated
master-must-modal	must	modal	A1	source-backed	cefrj-1.5	very-common	source-backed-rank	ngsl-gr-1.0	210	cefrj-1.5,ngsl-gr-1.0		validated
foundation-a1-name	name	noun	A1	source-backed	cefrj-1.5	very-common	source-backed-rank	ngsl-gr-1.0	256	cefrj-1.5,ngsl-gr-1.0,oewn-2025,vocabulary-foundations-001-2026-08		validated
foundation-a1-near	near	adjective	A1	editorial-estimate		very-common	source-backed-rank	ngsl-gr-1.0	477	cefrj-1.5,ngsl-gr-1.0,oewn-2025,vocabulary-foundations-001-2026-08		validated
master-near-preposition	near	preposition	A1	source-backed	cefrj-1.5	very-common	source-backed-rank	ngsl-gr-1.0	477	cefrj-1.5,ngsl-gr-1.0		validated
master-need-modal	need	modal	A1	source-backed	cefrj-1.5	very-common	source-backed-rank	ngsl-gr-1.0	140	cefrj-1.5,ngsl-gr-1.0		validated
a1-need	need	verb	A1	editorial-estimate		very-common	source-backed-rank	ngsl-gr-1.0	140	cefrj-1.5,ngsl-gr-1.0,oewn-2025,vocabulary-core-2026-08		validated
master-never-adverb	never	adverb	A1	source-backed	cefrj-1.5	very-common	source-backed-rank	ngsl-gr-1.0	212	cefrj-1.5,ngsl-gr-1.0,oewn-2025		validated
foundation-a1-new	new	adjective	A1	source-backed	cefrj-1.5	very-common	source-backed-rank	ngsl-gr-1.0	129	cefrj-1.5,ngsl-gr-1.0,oewn-2025,vocabulary-foundations-001-2026-08		validated
master-news-noun	news	noun	A1	source-backed	cefrj-1.5	very-common	source-backed-rank	ngsl-gr-1.0	596	cefrj-1.5,ngsl-gr-1.0,oewn-2025		validated
master-newspaper-noun	newspaper	noun	A1	source-backed	cefrj-1.5	very-common	source-backed-rank	ngsl-gr-1.0	979	cefrj-1.5,ngsl-gr-1.0,oewn-2025		validated
master-nice-adjective	nice	adjective	A1	source-backed	cefrj-1.5	very-common	source-backed-rank	ngsl-gr-1.0	556	cefrj-1.5,ngsl-gr-1.0,oewn-2025		validated
foundation-a1-night	night	noun	A1	source-backed	cefrj-1.5	very-common	source-backed-rank	ngsl-gr-1.0	320	cefrj-1.5,ngsl-gr-1.0,oewn-2025,vocabulary-foundations-001-2026-08		validated
master-nine-numeral	nine	numeral	A1	source-backed	cefrj-1.5	very-common	source-backed-rank	ngsl-gr-1.0	26	cefrj-1.5,ngsl-gr-1.0		validated
master-nineteen-numeral	nineteen	numeral	A1	source-backed	cefrj-1.5	very-common	source-backed-rank	ngsl-gr-1.0	36	cefrj-1.5,ngsl-gr-1.0		validated
master-ninety-numeral	ninety	numeral	A1	source-backed	cefrj-1.5	very-common	source-backed-rank	ngsl-gr-1.0	44	cefrj-1.5,ngsl-gr-1.0		validated
master-no-adverb	no	adverb	A1	source-backed	cefrj-1.5	very-common	source-backed-rank	ngsl-gr-1.0	110	cefrj-1.5,ngsl-gr-1.0,oewn-2025		validated
master-no-determiner	no	determiner	A1	source-backed	cefrj-1.5	very-common	source-backed-rank	ngsl-gr-1.0	110	cefrj-1.5,ngsl-gr-1.0		validated
master-noise-noun	noise	noun	A1	source-backed	cefrj-1.5	very-common	source-backed-rank	ngsl-gr-1.0	1490	cefrj-1.5,ngsl-gr-1.0,oewn-2025		validated
master-not-adverb	not	adverb	A1	source-backed	cefrj-1.5	very-common	source-backed-rank	ngsl-gr-1.0	64	cefrj-1.5,ngsl-gr-1.0,oewn-2025		validated
master-note-noun	note	noun	A1	source-backed	cefrj-1.5	very-common	source-backed-rank	ngsl-gr-1.0	434	cefrj-1.5,ngsl-gr-1.0,oewn-2025		validated
master-note-verb	note	verb	A1	source-backed	cefrj-1.5	very-common	source-backed-rank	ngsl-gr-1.0	434	cefrj-1.5,ngsl-gr-1.0,oewn-2025		validated
master-nothing-pronoun	nothing	pronoun	A1	source-backed	cefrj-1.5	very-common	source-backed-rank	ngsl-gr-1.0	386	cefrj-1.5,ngsl-gr-1.0		validated
master-november-noun	november	noun	A1	source-backed	cefrj-1.5	very-common	source-backed-rank	ngsl-gr-1.0	16	cefrj-1.5,ngsl-gr-1.0,oewn-2025		validated
master-now-adverb	now	adverb	A1	source-backed	cefrj-1.5	very-common	source-backed-rank	ngsl-gr-1.0	120	cefrj-1.5,ngsl-gr-1.0,oewn-2025		validated
master-number-noun	number	noun	A1	source-backed	cefrj-1.5	very-common	source-backed-rank	ngsl-gr-1.0	177	cefrj-1.5,ngsl-gr-1.0,oewn-2025		validated
master-nurse-noun	nurse	noun	A1	source-backed	cefrj-1.5	very-common	source-backed-rank	ngsl-gr-1.0	1365	cefrj-1.5,ngsl-gr-1.0,oewn-2025		validated
master-october-noun	october	noun	A1	source-backed	cefrj-1.5	very-common	source-backed-rank	ngsl-gr-1.0	15	cefrj-1.5,ngsl-gr-1.0,oewn-2025		validated
master-of-preposition	of	preposition	A1	source-backed	cefrj-1.5	very-common	source-backed-rank	ngsl-gr-1.0	54	cefrj-1.5,ngsl-gr-1.0		validated
master-off-adjective	off	adjective	A1	source-backed	cefrj-1.5	very-common	source-backed-rank	ngsl-gr-1.0	200	cefrj-1.5,ngsl-gr-1.0,oewn-2025		validated
master-officer-noun	officer	noun	A1	source-backed	cefrj-1.5	very-common	source-backed-rank	ngsl-gr-1.0	946	cefrj-1.5,ngsl-gr-1.0,oewn-2025		validated
master-often-adverb	often	adverb	A1	source-backed	cefrj-1.5	very-common	source-backed-rank	ngsl-gr-1.0	338	cefrj-1.5,ngsl-gr-1.0,oewn-2025		validated
foundation-a1-old	old	adjective	A1	source-backed	cefrj-1.5	very-common	source-backed-rank	ngsl-gr-1.0	194	cefrj-1.5,ngsl-gr-1.0,oewn-2025,vocabulary-foundations-001-2026-08		validated
master-on-preposition	on	preposition	A1	source-backed	cefrj-1.5	very-common	source-backed-rank	ngsl-gr-1.0	67	cefrj-1.5,ngsl-gr-1.0		validated
master-once-adverb	once	adverb	A1	source-backed	cefrj-1.5	very-common	source-backed-rank	ngsl-gr-1.0	315	cefrj-1.5,ngsl-gr-1.0,oewn-2025		validated
master-one-determiner	one	determiner	A1	source-backed	cefrj-1.5	very-common	source-backed-rank	ngsl-gr-1.0	85	cefrj-1.5,ngsl-gr-1.0		validated
master-one-numeral	one	numeral	A1	source-backed	cefrj-1.5	very-common	source-backed-rank	ngsl-gr-1.0	85	cefrj-1.5,ngsl-gr-1.0		validated
master-only-adjective	only	adjective	A1	source-backed	cefrj-1.5	very-common	source-backed-rank	ngsl-gr-1.0	124	cefrj-1.5,ngsl-gr-1.0,oewn-2025		validated
master-only-adverb	only	adverb	A1	source-backed	cefrj-1.5	very-common	source-backed-rank	ngsl-gr-1.0	124	cefrj-1.5,ngsl-gr-1.0,oewn-2025		validated
master-open-adjective	open	adjective	A1	source-backed	cefrj-1.5	very-common	source-backed-rank	ngsl-gr-1.0	264	cefrj-1.5,ngsl-gr-1.0,oewn-2025		validated
foundation-a1-open	open	verb	A1	source-backed	cefrj-1.5	very-common	source-backed-rank	ngsl-gr-1.0	264	cefrj-1.5,ngsl-gr-1.0,oewn-2025,vocabulary-foundations-001-2026-08		validated
master-or-conjunction	or	conjunction	A1	source-backed	cefrj-1.5	very-common	source-backed-rank	ngsl-gr-1.0	79	cefrj-1.5,ngsl-gr-1.0		validated
master-order-noun	order	noun	A1	source-backed	cefrj-1.5	very-common	source-backed-rank	ngsl-gr-1.0	265	cefrj-1.5,ngsl-gr-1.0,oewn-2025		validated
master-other-determiner	other	determiner	A1	source-backed	cefrj-1.5	very-common	source-backed-rank	ngsl-gr-1.0	104	cefrj-1.5,ngsl-gr-1.0		validated
master-out-adverb	out	adverb	A1	source-backed	cefrj-1.5	very-common	source-backed-rank	ngsl-gr-1.0	105	cefrj-1.5,ngsl-gr-1.0,oewn-2025		validated
master-outside-adverb	outside	adverb	A1	source-backed	cefrj-1.5	very-common	source-backed-rank	ngsl-gr-1.0	541	cefrj-1.5,ngsl-gr-1.0,oewn-2025		validated
master-over-preposition	over	preposition	A1	source-backed	cefrj-1.5	very-common	source-backed-rank	ngsl-gr-1.0	132	cefrj-1.5,ngsl-gr-1.0		validated
master-own-adjective	own	adjective	A1	source-backed	cefrj-1.5	very-common	source-backed-rank	ngsl-gr-1.0	179	cefrj-1.5,ngsl-gr-1.0,oewn-2025		validated
master-owner-noun	owner	noun	A1	source-backed	cefrj-1.5	very-common	source-backed-rank	ngsl-gr-1.0	1308	cefrj-1.5,ngsl-gr-1.0,oewn-2025		validated
master-page-noun	page	noun	A1	source-backed	cefrj-1.5	very-common	source-backed-rank	ngsl-gr-1.0	702	cefrj-1.5,ngsl-gr-1.0,oewn-2025		validated
master-paint-noun	paint	noun	A1	source-backed	cefrj-1.5	very-common	source-backed-rank	ngsl-gr-1.0	722	cefrj-1.5,ngsl-gr-1.0,oewn-2025		validated
master-paint-verb	paint	verb	A1	source-backed	cefrj-1.5	very-common	source-backed-rank	ngsl-gr-1.0	722	cefrj-1.5,ngsl-gr-1.0,oewn-2025		validated
master-pair-noun	pair	noun	A1	source-backed	cefrj-1.5	very-common	source-backed-rank	ngsl-gr-1.0	1142	cefrj-1.5,ngsl-gr-1.0,oewn-2025		validated
master-paper-noun	paper	noun	A1	source-backed	cefrj-1.5	very-common	source-backed-rank	ngsl-gr-1.0	475	cefrj-1.5,ngsl-gr-1.0,oewn-2025		validated
foundation-a1-parent	parent	noun	A1	source-backed	cefrj-1.5	very-common	source-backed-rank	ngsl-gr-1.0	347	cefrj-1.5,ngsl-gr-1.0,oewn-2025,vocabulary-foundations-001-2026-08		validated
master-park-noun	park	noun	A1	source-backed	cefrj-1.5	very-common	source-backed-rank	ngsl-gr-1.0	707	cefrj-1.5,ngsl-gr-1.0,oewn-2025		validated
master-partner-noun	partner	noun	A1	source-backed	cefrj-1.5	very-common	source-backed-rank	ngsl-gr-1.0	1186	cefrj-1.5,ngsl-gr-1.0,oewn-2025		validated
master-party-noun	party	noun	A1	source-backed	cefrj-1.5	very-common	source-backed-rank	ngsl-gr-1.0	349	cefrj-1.5,ngsl-gr-1.0,oewn-2025		validated
master-past-adverb	past	adverb	A1	source-backed	cefrj-1.5	very-common	source-backed-rank	ngsl-gr-1.0	380	cefrj-1.5,ngsl-gr-1.0,oewn-2025		validated
master-past-preposition	past	preposition	A1	source-backed	cefrj-1.5	very-common	source-backed-rank	ngsl-gr-1.0	380	cefrj-1.5,ngsl-gr-1.0		validated
master-pay-noun	pay	noun	A1	source-backed	cefrj-1.5	very-common	source-backed-rank	ngsl-gr-1.0	270	cefrj-1.5,ngsl-gr-1.0,oewn-2025		validated
master-peace-noun	peace	noun	A1	source-backed	cefrj-1.5	very-common	source-backed-rank	ngsl-gr-1.0	1176	cefrj-1.5,ngsl-gr-1.0,oewn-2025		validated
master-people-noun	people	noun	A1	source-backed	cefrj-1.5	very-common	source-backed-rank	ngsl-gr-1.0	107	cefrj-1.5,ngsl-gr-1.0,oewn-2025		validated
master-period-noun	period	noun	A1	source-backed	cefrj-1.5	very-common	source-backed-rank	ngsl-gr-1.0	432	cefrj-1.5,ngsl-gr-1.0,oewn-2025		validated
foundation-a1-person	person	noun	A1	source-backed	cefrj-1.5	very-common	source-backed-rank	ngsl-gr-1.0	313	cefrj-1.5,ngsl-gr-1.0,oewn-2025,vocabulary-foundations-001-2026-08		validated
master-personal-adjective	personal	adjective	A1	source-backed	cefrj-1.5	very-common	source-backed-rank	ngsl-gr-1.0	635	cefrj-1.5,ngsl-gr-1.0,oewn-2025		validated
foundation-a1-phone	phone	noun	A1	source-backed	cefrj-1.5	very-common	source-backed-rank	ngsl-gr-1.0	529	cefrj-1.5,ngsl-gr-1.0,oewn-2025,vocabulary-foundations-001-2026-08		validated
master-phone-verb	phone	verb	A1	source-backed	cefrj-1.5	very-common	source-backed-rank	ngsl-gr-1.0	529	cefrj-1.5,ngsl-gr-1.0,oewn-2025		validated
master-photo-noun	photo	noun	A1	source-backed	cefrj-1.5	very-common	source-backed-rank	ngsl-gr-1.0	1258	cefrj-1.5,ngsl-gr-1.0,oewn-2025		validated
master-pick-verb	pick	verb	A1	source-backed	cefrj-1.5	very-common	source-backed-rank	ngsl-gr-1.0	633	cefrj-1.5,ngsl-gr-1.0,oewn-2025		validated
master-picture-noun	picture	noun	A1	source-backed	cefrj-1.5	very-common	source-backed-rank	ngsl-gr-1.0	559	cefrj-1.5,ngsl-gr-1.0,oewn-2025		validated
master-piece-noun	piece	noun	A1	source-backed	cefrj-1.5	very-common	source-backed-rank	ngsl-gr-1.0	658	cefrj-1.5,ngsl-gr-1.0,oewn-2025		validated
foundation-a1-place	place	noun	A1	source-backed	cefrj-1.5	very-common	source-backed-rank	ngsl-gr-1.0	164	cefrj-1.5,ngsl-gr-1.0,oewn-2025,vocabulary-foundations-001-2026-08		validated
master-plane-noun	plane	noun	A1	source-backed	cefrj-1.5	very-common	source-backed-rank	ngsl-gr-1.0	1309	cefrj-1.5,ngsl-gr-1.0,oewn-2025		validated
master-play-noun	play	noun	A1	source-backed	cefrj-1.5	very-common	source-backed-rank	ngsl-gr-1.0	208	cefrj-1.5,ngsl-gr-1.0,oewn-2025		validated
master-play-verb	play	verb	A1	source-backed	cefrj-1.5	very-common	source-backed-rank	ngsl-gr-1.0	208	cefrj-1.5,ngsl-gr-1.0,oewn-2025		validated
master-player-noun	player	noun	A1	source-backed	cefrj-1.5	very-common	source-backed-rank	ngsl-gr-1.0	765	cefrj-1.5,ngsl-gr-1.0,oewn-2025		validated
master-please-adverb	please	adverb	A1	source-backed	cefrj-1.5	very-common	source-backed-rank	ngsl-gr-1.0	521	cefrj-1.5,ngsl-gr-1.0,oewn-2025		validated
master-pleasure-noun	pleasure	noun	A1	source-backed	cefrj-1.5	very-common	source-backed-rank	ngsl-gr-1.0	1333	cefrj-1.5,ngsl-gr-1.0,oewn-2025		validated
master-point-noun	point	noun	A1	source-backed	cefrj-1.5	very-common	source-backed-rank	ngsl-gr-1.0	181	cefrj-1.5,ngsl-gr-1.0,oewn-2025		validated
master-pool-noun	pool	noun	A1	source-backed	cefrj-1.5	very-common	source-backed-rank	ngsl-gr-1.0	1386	cefrj-1.5,ngsl-gr-1.0,oewn-2025		validated
master-poor-adjective	poor	adjective	A1	source-backed	cefrj-1.5	very-common	source-backed-rank	ngsl-gr-1.0	668	cefrj-1.5,ngsl-gr-1.0,oewn-2025		validated
master-pop-noun	pop	noun	A1	source-backed	cefrj-1.5	very-common	source-backed-rank	ngsl-gr-1.0	1339	cefrj-1.5,ngsl-gr-1.0,oewn-2025		validated
master-post-noun	post	noun	A1	source-backed	cefrj-1.5	very-common	source-backed-rank	ngsl-gr-1.0	978	cefrj-1.5,ngsl-gr-1.0,oewn-2025		validated
v51	practice	noun	A1	source-backed	cefrj-1.5	very-common	source-backed-rank	ngsl-gr-1.0	534	cefrj-1.5,ngsl-gr-1.0,oewn-2025,vocabulary-core-2026-08		validated
master-present-noun	present	noun	A1	source-backed	cefrj-1.5	very-common	source-backed-rank	ngsl-gr-1.0	325	cefrj-1.5,ngsl-gr-1.0,oewn-2025		validated
master-pretty-adjective	pretty	adjective	A1	source-backed	cefrj-1.5	very-common	source-backed-rank	ngsl-gr-1.0	687	cefrj-1.5,ngsl-gr-1.0,oewn-2025		validated
master-push-verb	push	verb	A1	source-backed	cefrj-1.5	very-common	source-backed-rank	ngsl-gr-1.0	918	cefrj-1.5,ngsl-gr-1.0,oewn-2025		validated
master-put-verb	put	verb	A1	source-backed	cefrj-1.5	very-common	source-backed-rank	ngsl-gr-1.0	189	cefrj-1.5,ngsl-gr-1.0,oewn-2025		validated
master-quarter-noun	quarter	noun	A1	source-backed	cefrj-1.5	very-common	source-backed-rank	ngsl-gr-1.0	919	cefrj-1.5,ngsl-gr-1.0,oewn-2025		validated
a1-question	question	noun	A1	source-backed	cefrj-1.5	very-common	source-backed-rank	ngsl-gr-1.0	231	cefrj-1.5,ngsl-gr-1.0,oewn-2025,vocabulary-core-2026-08		validated
master-quickly-adverb	quickly	adverb	A1	source-backed	cefrj-1.5	very-common	source-backed-rank	ngsl-gr-1.0	833	cefrj-1.5,ngsl-gr-1.0,oewn-2025		validated
master-radio-noun	radio	noun	A1	source-backed	cefrj-1.5	very-common	source-backed-rank	ngsl-gr-1.0	1095	cefrj-1.5,ngsl-gr-1.0,oewn-2025		validated
master-rain-noun	rain	noun	A1	source-backed	cefrj-1.5	very-common	source-backed-rank	ngsl-gr-1.0	1282	cefrj-1.5,ngsl-gr-1.0,oewn-2025		validated
master-rain-verb	rain	verb	A1	source-backed	cefrj-1.5	very-common	source-backed-rank	ngsl-gr-1.0	1282	cefrj-1.5,ngsl-gr-1.0,oewn-2025		validated
a1-read	read	verb	A1	source-backed	cefrj-1.5	very-common	source-backed-rank	ngsl-gr-1.0	257	cefrj-1.5,ngsl-gr-1.0,oewn-2025,vocabulary-core-2026-08		validated
master-reader-noun	reader	noun	A1	source-backed	cefrj-1.5	very-common	source-backed-rank	ngsl-gr-1.0	1193	cefrj-1.5,ngsl-gr-1.0,oewn-2025		validated
master-ready-adjective	ready	adjective	A1	source-backed	cefrj-1.5	very-common	source-backed-rank	ngsl-gr-1.0	824	cefrj-1.5,ngsl-gr-1.0,oewn-2025		validated
master-real-adjective	real	adjective	A1	source-backed	cefrj-1.5	very-common	source-backed-rank	ngsl-gr-1.0	404	cefrj-1.5,ngsl-gr-1.0,oewn-2025		validated
master-real-adverb	real	adverb	A1	source-backed	cefrj-1.5	very-common	source-backed-rank	ngsl-gr-1.0	404	cefrj-1.5,ngsl-gr-1.0,oewn-2025		validated
master-really-adverb	really	adverb	A1	source-backed	cefrj-1.5	very-common	source-backed-rank	ngsl-gr-1.0	154	cefrj-1.5,ngsl-gr-1.0,oewn-2025		validated
master-reason-noun	reason	noun	A1	source-backed	cefrj-1.5	very-common	source-backed-rank	ngsl-gr-1.0	306	cefrj-1.5,ngsl-gr-1.0,oewn-2025		validated
master-red-adjective	red	adjective	A1	source-backed	cefrj-1.5	very-common	source-backed-rank	ngsl-gr-1.0	850	cefrj-1.5,ngsl-gr-1.0,oewn-2025		validated
v52	remember	verb	A1	source-backed	cefrj-1.5	very-common	source-backed-rank	ngsl-gr-1.0	401	cefrj-1.5,ngsl-gr-1.0,oewn-2025,vocabulary-core-2026-08		validated
master-repeat-verb	repeat	verb	A1	source-backed	cefrj-1.5	very-common	source-backed-rank	ngsl-gr-1.0	1303	cefrj-1.5,ngsl-gr-1.0,oewn-2025		validated
master-result-noun	result	noun	A1	source-backed	cefrj-1.5	very-common	source-backed-rank	ngsl-gr-1.0	283	cefrj-1.5,ngsl-gr-1.0,oewn-2025		validated
master-review-noun	review	noun	A1	source-backed	cefrj-1.5	very-common	source-backed-rank	ngsl-gr-1.0	780	cefrj-1.5,ngsl-gr-1.0,oewn-2025		validated
foundation-a1-rice	rice	noun	A1	source-backed	cefrj-1.5	common	source-backed-rank	ngsl-gr-1.0	2745	cefrj-1.5,ngsl-gr-1.0,oewn-2025,vocabulary-foundations-001-2026-08		validated
master-rich-adjective	rich	adjective	A1	source-backed	cefrj-1.5	very-common	source-backed-rank	ngsl-gr-1.0	1062	cefrj-1.5,ngsl-gr-1.0,oewn-2025		validated
master-ride-noun	ride	noun	A1	source-backed	cefrj-1.5	very-common	source-backed-rank	ngsl-gr-1.0	1100	cefrj-1.5,ngsl-gr-1.0,oewn-2025		validated
master-ride-verb	ride	verb	A1	source-backed	cefrj-1.5	very-common	source-backed-rank	ngsl-gr-1.0	1100	cefrj-1.5,ngsl-gr-1.0,oewn-2025		validated
master-right-adjective	right	adjective	A1	source-backed	cefrj-1.5	very-common	source-backed-rank	ngsl-gr-1.0	142	cefrj-1.5,ngsl-gr-1.0,oewn-2025		validated
master-right-adverb	right	adverb	A1	source-backed	cefrj-1.5	very-common	source-backed-rank	ngsl-gr-1.0	142	cefrj-1.5,ngsl-gr-1.0,oewn-2025		validated
master-ring-verb	ring	verb	A1	source-backed	cefrj-1.5	very-common	source-backed-rank	ngsl-gr-1.0	995	cefrj-1.5,ngsl-gr-1.0,oewn-2025		validated
master-river-noun	river	noun	A1	source-backed	cefrj-1.5	very-common	source-backed-rank	ngsl-gr-1.0	1226	cefrj-1.5,ngsl-gr-1.0,oewn-2025		validated
master-role-noun	role	noun	A1	source-backed	cefrj-1.5	very-common	source-backed-rank	ngsl-gr-1.0	518	cefrj-1.5,ngsl-gr-1.0,oewn-2025		validated
foundation-a1-room	room	noun	A1	source-backed	cefrj-1.5	very-common	source-backed-rank	ngsl-gr-1.0	304	cefrj-1.5,ngsl-gr-1.0,oewn-2025,vocabulary-foundations-001-2026-08		validated
master-rule-noun	rule	noun	A1	source-backed	cefrj-1.5	very-common	source-backed-rank	ngsl-gr-1.0	465	cefrj-1.5,ngsl-gr-1.0,oewn-2025		validated
master-run-noun	run	noun	A1	source-backed	cefrj-1.5	very-common	source-backed-rank	ngsl-gr-1.0	242	cefrj-1.5,ngsl-gr-1.0,oewn-2025		validated
master-run-verb	run	verb	A1	source-backed	cefrj-1.5	very-common	source-backed-rank	ngsl-gr-1.0	242	cefrj-1.5,ngsl-gr-1.0,oewn-2025		validated
master-sale-noun	sale	noun	A1	source-backed	cefrj-1.5	very-common	source-backed-rank	ngsl-gr-1.0	448	cefrj-1.5,ngsl-gr-1.0,oewn-2025		validated
master-same-adjective	same	adjective	A1	source-backed	cefrj-1.5	very-common	source-backed-rank	ngsl-gr-1.0	172	cefrj-1.5,ngsl-gr-1.0,oewn-2025		validated
master-same-pronoun	same	pronoun	A1	source-backed	cefrj-1.5	very-common	source-backed-rank	ngsl-gr-1.0	172	cefrj-1.5,ngsl-gr-1.0		validated
master-saturday-noun	saturday	noun	A1	source-backed	cefrj-1.5	very-common	source-backed-rank	ngsl-gr-1.0	6	cefrj-1.5,ngsl-gr-1.0,oewn-2025		validated
master-say-verb	say	verb	A1	source-backed	cefrj-1.5	very-common	source-backed-rank	ngsl-gr-1.0	80	cefrj-1.5,ngsl-gr-1.0,oewn-2025		validated
foundation-a1-school	school	noun	A1	source-backed	cefrj-1.5	very-common	source-backed-rank	ngsl-gr-1.0	196	cefrj-1.5,ngsl-gr-1.0,oewn-2025,vocabulary-foundations-001-2026-08		validated
master-science-noun	science	noun	A1	source-backed	cefrj-1.5	very-common	source-backed-rank	ngsl-gr-1.0	955	cefrj-1.5,ngsl-gr-1.0,oewn-2025		validated
master-scientist-noun	scientist	noun	A1	source-backed	cefrj-1.5	very-common	source-backed-rank	ngsl-gr-1.0	1459	cefrj-1.5,ngsl-gr-1.0,oewn-2025		validated
master-sea-noun	sea	noun	A1	source-backed	cefrj-1.5	very-common	source-backed-rank	ngsl-gr-1.0	1037	cefrj-1.5,ngsl-gr-1.0,oewn-2025		validated
master-seat-noun	seat	noun	A1	source-backed	cefrj-1.5	very-common	source-backed-rank	ngsl-gr-1.0	902	cefrj-1.5,ngsl-gr-1.0,oewn-2025		validated
master-second-adjective	second	adjective	A1	source-backed	cefrj-1.5	very-common	source-backed-rank	ngsl-gr-1.0	276	cefrj-1.5,ngsl-gr-1.0,oewn-2025		validated
master-section-noun	section	noun	A1	source-backed	cefrj-1.5	very-common	source-backed-rank	ngsl-gr-1.0	718	cefrj-1.5,ngsl-gr-1.0,oewn-2025		validated
master-see-verb	see	verb	A1	source-backed	cefrj-1.5	very-common	source-backed-rank	ngsl-gr-1.0	100	cefrj-1.5,ngsl-gr-1.0,oewn-2025		validated
master-sell-verb	sell	verb	A1	source-backed	cefrj-1.5	very-common	source-backed-rank	ngsl-gr-1.0	468	cefrj-1.5,ngsl-gr-1.0,oewn-2025		validated
v53	sentence	noun	A1	source-backed	cefrj-1.5	very-common	source-backed-rank	ngsl-gr-1.0	1149	cefrj-1.5,ngsl-gr-1.0,oewn-2025,vocabulary-core-2026-08		validated
master-september-noun	september	noun	A1	source-backed	cefrj-1.5	very-common	source-backed-rank	ngsl-gr-1.0	14	cefrj-1.5,ngsl-gr-1.0,oewn-2025		validated
master-set-verb	set	verb	A1	source-backed	cefrj-1.5	very-common	source-backed-rank	ngsl-gr-1.0	235	cefrj-1.5,ngsl-gr-1.0,oewn-2025		validated
master-seven-numeral	seven	numeral	A1	source-backed	cefrj-1.5	very-common	source-backed-rank	ngsl-gr-1.0	24	cefrj-1.5,ngsl-gr-1.0		validated
master-seventeen-numeral	seventeen	numeral	A1	source-backed	cefrj-1.5	very-common	source-backed-rank	ngsl-gr-1.0	34	cefrj-1.5,ngsl-gr-1.0		validated
master-seventy-numeral	seventy	numeral	A1	source-backed	cefrj-1.5	very-common	source-backed-rank	ngsl-gr-1.0	42	cefrj-1.5,ngsl-gr-1.0		validated
master-shake-noun	shake	noun	A1	source-backed	cefrj-1.5	common	source-backed-rank	ngsl-gr-1.0	1524	cefrj-1.5,ngsl-gr-1.0,oewn-2025		validated
master-she-pronoun	she	pronoun	A1	source-backed	cefrj-1.5	very-common	source-backed-rank	ngsl-gr-1.0	74	cefrj-1.5,ngsl-gr-1.0		validated
master-ship-noun	ship	noun	A1	source-backed	cefrj-1.5	very-common	source-backed-rank	ngsl-gr-1.0	1143	cefrj-1.5,ngsl-gr-1.0,oewn-2025		validated
master-shoe-noun	shoe	noun	A1	source-backed	cefrj-1.5	common	source-backed-rank	ngsl-gr-1.0	1526	cefrj-1.5,ngsl-gr-1.0,oewn-2025		validated
foundation-a1-shop	shop	noun	A1	source-backed	cefrj-1.5	very-common	source-backed-rank	ngsl-gr-1.0	487	cefrj-1.5,ngsl-gr-1.0,oewn-2025,vocabulary-foundations-001-2026-08		validated
master-short-adjective	short	adjective	A1	source-backed	cefrj-1.5	very-common	source-backed-rank	ngsl-gr-1.0	469	cefrj-1.5,ngsl-gr-1.0,oewn-2025		validated
master-short-adverb	short	adverb	A1	source-backed	cefrj-1.5	very-common	source-backed-rank	ngsl-gr-1.0	469	cefrj-1.5,ngsl-gr-1.0,oewn-2025		validated
master-should-modal	should	modal	A1	source-backed	cefrj-1.5	very-common	source-backed-rank	ngsl-gr-1.0	139	cefrj-1.5,ngsl-gr-1.0		validated
master-show-verb	show	verb	A1	source-backed	cefrj-1.5	very-common	source-backed-rank	ngsl-gr-1.0	160	cefrj-1.5,ngsl-gr-1.0,oewn-2025		validated
master-side-noun	side	noun	A1	source-backed	cefrj-1.5	very-common	source-backed-rank	ngsl-gr-1.0	326	cefrj-1.5,ngsl-gr-1.0,oewn-2025		validated
master-sight-noun	sight	noun	A1	source-backed	cefrj-1.5	very-common	source-backed-rank	ngsl-gr-1.0	1475	cefrj-1.5,ngsl-gr-1.0,oewn-2025		validated
master-sign-noun	sign	noun	A1	source-backed	cefrj-1.5	very-common	source-backed-rank	ngsl-gr-1.0	550	cefrj-1.5,ngsl-gr-1.0,oewn-2025		validated
master-sing-verb	sing	verb	A1	source-backed	cefrj-1.5	very-common	source-backed-rank	ngsl-gr-1.0	923	cefrj-1.5,ngsl-gr-1.0,oewn-2025		validated
master-sister-noun	sister	noun	A1	source-backed	cefrj-1.5	very-common	source-backed-rank	ngsl-gr-1.0	1014	cefrj-1.5,ngsl-gr-1.0,oewn-2025		validated
master-sit-verb	sit	verb	A1	source-backed	cefrj-1.5	very-common	source-backed-rank	ngsl-gr-1.0	406	cefrj-1.5,ngsl-gr-1.0,oewn-2025		validated
master-site-noun	site	noun	A1	source-backed	cefrj-1.5	very-common	source-backed-rank	ngsl-gr-1.0	544	cefrj-1.5,ngsl-gr-1.0,oewn-2025		validated
master-six-numeral	six	numeral	A1	source-backed	cefrj-1.5	very-common	source-backed-rank	ngsl-gr-1.0	23	cefrj-1.5,ngsl-gr-1.0		validated
master-sixteen-numeral	sixteen	numeral	A1	source-backed	cefrj-1.5	very-common	source-backed-rank	ngsl-gr-1.0	33	cefrj-1.5,ngsl-gr-1.0		validated
master-sixty-numeral	sixty	numeral	A1	source-backed	cefrj-1.5	very-common	source-backed-rank	ngsl-gr-1.0	41	cefrj-1.5,ngsl-gr-1.0		validated
master-size-noun	size	noun	A1	source-backed	cefrj-1.5	very-common	source-backed-rank	ngsl-gr-1.0	755	cefrj-1.5,ngsl-gr-1.0,oewn-2025		validated
v55	skill	noun	A1	source-backed	cefrj-1.5	very-common	source-backed-rank	ngsl-gr-1.0	735	cefrj-1.5,ngsl-gr-1.0,oewn-2025,vocabulary-core-2026-08		validated
foundation-a1-sleep	sleep	verb	A1	source-backed	cefrj-1.5	very-common	source-backed-rank	ngsl-gr-1.0	877	cefrj-1.5,ngsl-gr-1.0,oewn-2025,vocabulary-foundations-001-2026-08		validated
foundation-a1-slow	slow	adjective	A1	source-backed	cefrj-1.5	very-common	source-backed-rank	ngsl-gr-1.0	1168	cefrj-1.5,ngsl-gr-1.0,oewn-2025,vocabulary-foundations-001-2026-08		validated
foundation-a1-small	small	adjective	A1	source-backed	cefrj-1.5	very-common	source-backed-rank	ngsl-gr-1.0	236	cefrj-1.5,ngsl-gr-1.0,oewn-2025,vocabulary-foundations-001-2026-08		validated
master-smile-noun	smile	noun	A1	source-backed	cefrj-1.5	very-common	source-backed-rank	ngsl-gr-1.0	1040	cefrj-1.5,ngsl-gr-1.0,oewn-2025		validated
master-smoke-noun	smoke	noun	A1	source-backed	cefrj-1.5	very-common	source-backed-rank	ngsl-gr-1.0	1280	cefrj-1.5,ngsl-gr-1.0,oewn-2025		validated
master-so-conjunction	so	conjunction	A1	source-backed	cefrj-1.5	very-common	source-backed-rank	ngsl-gr-1.0	82	cefrj-1.5,ngsl-gr-1.0		validated
master-social-adjective	social	adjective	A1	source-backed	cefrj-1.5	very-common	source-backed-rank	ngsl-gr-1.0	431	cefrj-1.5,ngsl-gr-1.0,oewn-2025		validated
master-solve-verb	solve	verb	A1	source-backed	cefrj-1.5	very-common	source-backed-rank	ngsl-gr-1.0	1271	cefrj-1.5,ngsl-gr-1.0,oewn-2025		validated
master-some-determiner	some	determiner	A1	source-backed	cefrj-1.5	very-common	source-backed-rank	ngsl-gr-1.0	103	cefrj-1.5,ngsl-gr-1.0		validated
master-some-pronoun	some	pronoun	A1	source-backed	cefrj-1.5	very-common	source-backed-rank	ngsl-gr-1.0	103	cefrj-1.5,ngsl-gr-1.0		validated
master-someone-pronoun	someone	pronoun	A1	source-backed	cefrj-1.5	very-common	source-backed-rank	ngsl-gr-1.0	489	cefrj-1.5,ngsl-gr-1.0		validated
master-something-pronoun	something	pronoun	A1	source-backed	cefrj-1.5	very-common	source-backed-rank	ngsl-gr-1.0	188	cefrj-1.5,ngsl-gr-1.0		validated
master-son-noun	son	noun	A1	source-backed	cefrj-1.5	very-common	source-backed-rank	ngsl-gr-1.0	737	cefrj-1.5,ngsl-gr-1.0,oewn-2025		validated
master-song-noun	song	noun	A1	source-backed	cefrj-1.5	very-common	source-backed-rank	ngsl-gr-1.0	991	cefrj-1.5,ngsl-gr-1.0,oewn-2025		validated
master-soon-adverb	soon	adverb	A1	source-backed	cefrj-1.5	very-common	source-backed-rank	ngsl-gr-1.0	375	cefrj-1.5,ngsl-gr-1.0,oewn-2025		validated
master-sorry-adjective	sorry	adjective	A1	source-backed	cefrj-1.5	very-common	source-backed-rank	ngsl-gr-1.0	815	cefrj-1.5,ngsl-gr-1.0,oewn-2025		validated
a1-speak	speak	verb	A1	source-backed	cefrj-1.5	very-common	source-backed-rank	ngsl-gr-1.0	334	cefrj-1.5,ngsl-gr-1.0,oewn-2025,vocabulary-core-2026-08		validated
master-special-adjective	special	adjective	A1	source-backed	cefrj-1.5	very-common	source-backed-rank	ngsl-gr-1.0	493	cefrj-1.5,ngsl-gr-1.0,oewn-2025		validated
master-speech-noun	speech	noun	A1	source-backed	cefrj-1.5	very-common	source-backed-rank	ngsl-gr-1.0	944	cefrj-1.5,ngsl-gr-1.0,oewn-2025		validated
master-sport-noun	sport	noun	A1	source-backed	cefrj-1.5	very-common	source-backed-rank	ngsl-gr-1.0	653	cefrj-1.5,ngsl-gr-1.0,oewn-2025		validated
master-spot-noun	spot	noun	A1	source-backed	cefrj-1.5	very-common	source-backed-rank	ngsl-gr-1.0	1188	cefrj-1.5,ngsl-gr-1.0,oewn-2025		validated
master-spring-noun	spring	noun	A1	source-backed	cefrj-1.5	very-common	source-backed-rank	ngsl-gr-1.0	1382	cefrj-1.5,ngsl-gr-1.0,oewn-2025		validated
master-stage-noun	stage	noun	A1	source-backed	cefrj-1.5	very-common	source-backed-rank	ngsl-gr-1.0	601	cefrj-1.5,ngsl-gr-1.0,oewn-2025		validated
master-stand-noun	stand	noun	A1	source-backed	cefrj-1.5	very-common	source-backed-rank	ngsl-gr-1.0	359	cefrj-1.5,ngsl-gr-1.0,oewn-2025		validated
master-star-noun	star	noun	A1	source-backed	cefrj-1.5	very-common	source-backed-rank	ngsl-gr-1.0	896	cefrj-1.5,ngsl-gr-1.0,oewn-2025		validated
master-start-noun	start	noun	A1	source-backed	cefrj-1.5	very-common	source-backed-rank	ngsl-gr-1.0	186	cefrj-1.5,ngsl-gr-1.0,oewn-2025		validated
master-start-verb	start	verb	A1	source-backed	cefrj-1.5	very-common	source-backed-rank	ngsl-gr-1.0	186	cefrj-1.5,ngsl-gr-1.0,oewn-2025		validated
master-station-noun	station	noun	A1	source-backed	cefrj-1.5	very-common	source-backed-rank	ngsl-gr-1.0	759	cefrj-1.5,ngsl-gr-1.0,oewn-2025		validated
master-stay-verb	stay	verb	A1	source-backed	cefrj-1.5	very-common	source-backed-rank	ngsl-gr-1.0	395	cefrj-1.5,ngsl-gr-1.0,oewn-2025		validated
master-step-verb	step	verb	A1	source-backed	cefrj-1.5	very-common	source-backed-rank	ngsl-gr-1.0	527	cefrj-1.5,ngsl-gr-1.0,oewn-2025		validated
master-still-adjective	still	adjective	A1	source-backed	cefrj-1.5	very-common	source-backed-rank	ngsl-gr-1.0	169	cefrj-1.5,ngsl-gr-1.0,oewn-2025		validated
master-stone-noun	stone	noun	A1	source-backed	cefrj-1.5	very-common	source-backed-rank	ngsl-gr-1.0	1424	cefrj-1.5,ngsl-gr-1.0,oewn-2025		validated
master-stop-noun	stop	noun	A1	source-backed	cefrj-1.5	very-common	source-backed-rank	ngsl-gr-1.0	397	cefrj-1.5,ngsl-gr-1.0,oewn-2025		validated
master-stop-verb	stop	verb	A1	source-backed	cefrj-1.5	very-common	source-backed-rank	ngsl-gr-1.0	397	cefrj-1.5,ngsl-gr-1.0,oewn-2025		validated
master-store-noun	store	noun	A1	source-backed	cefrj-1.5	very-common	source-backed-rank	ngsl-gr-1.0	667	cefrj-1.5,ngsl-gr-1.0,oewn-2025		validated
master-story-noun	story	noun	A1	source-backed	cefrj-1.5	very-common	source-backed-rank	ngsl-gr-1.0	356	cefrj-1.5,ngsl-gr-1.0,oewn-2025		validated
master-straight-adverb	straight	adverb	A1	source-backed	cefrj-1.5	very-common	source-backed-rank	ngsl-gr-1.0	1122	cefrj-1.5,ngsl-gr-1.0,oewn-2025		validated
master-strange-adjective	strange	adjective	A1	source-backed	cefrj-1.5	very-common	source-backed-rank	ngsl-gr-1.0	1395	cefrj-1.5,ngsl-gr-1.0,oewn-2025		validated
foundation-a1-street	street	noun	A1	source-backed	cefrj-1.5	very-common	source-backed-rank	ngsl-gr-1.0	648	cefrj-1.5,ngsl-gr-1.0,oewn-2025,vocabulary-foundations-001-2026-08		validated
master-strong-adjective	strong	adjective	A1	source-backed	cefrj-1.5	very-common	source-backed-rank	ngsl-gr-1.0	511	cefrj-1.5,ngsl-gr-1.0,oewn-2025		validated
master-student-noun	student	noun	A1	source-backed	cefrj-1.5	very-common	source-backed-rank	ngsl-gr-1.0	298	cefrj-1.5,ngsl-gr-1.0,oewn-2025		validated
v57	study	verb	A1	source-backed	cefrj-1.5	very-common	source-backed-rank	ngsl-gr-1.0	237	cefrj-1.5,ngsl-gr-1.0,oewn-2025,vocabulary-core-2026-08		validated
master-subject-noun	subject	noun	A1	source-backed	cefrj-1.5	very-common	source-backed-rank	ngsl-gr-1.0	411	cefrj-1.5,ngsl-gr-1.0,oewn-2025		validated
master-successful-adjective	successful	adjective	A1	source-backed	cefrj-1.5	very-common	source-backed-rank	ngsl-gr-1.0	922	cefrj-1.5,ngsl-gr-1.0,oewn-2025		validated
master-suggestion-noun	suggestion	noun	A1	source-backed	cefrj-1.5	very-common	source-backed-rank	ngsl-gr-1.0	1334	cefrj-1.5,ngsl-gr-1.0,oewn-2025		validated
master-sum-noun	sum	noun	A1	source-backed	cefrj-1.5	very-common	source-backed-rank	ngsl-gr-1.0	1425	cefrj-1.5,ngsl-gr-1.0,oewn-2025		validated
master-summer-noun	summer	noun	A1	source-backed	cefrj-1.5	very-common	source-backed-rank	ngsl-gr-1.0	704	cefrj-1.5,ngsl-gr-1.0,oewn-2025		validated
master-sun-noun	sun	noun	A1	source-backed	cefrj-1.5	very-common	source-backed-rank	ngsl-gr-1.0	1411	cefrj-1.5,ngsl-gr-1.0,oewn-2025		validated
master-sunday-noun	sunday	noun	A1	source-backed	cefrj-1.5	very-common	source-backed-rank	ngsl-gr-1.0	7	cefrj-1.5,ngsl-gr-1.0,oewn-2025		validated
master-sure-adjective	sure	adjective	A1	source-backed	cefrj-1.5	very-common	source-backed-rank	ngsl-gr-1.0	329	cefrj-1.5,ngsl-gr-1.0,oewn-2025		validated
master-survey-noun	survey	noun	A1	source-backed	cefrj-1.5	very-common	source-backed-rank	ngsl-gr-1.0	1058	cefrj-1.5,ngsl-gr-1.0,oewn-2025		validated
master-swim-noun	swim	noun	A1	source-backed	cefrj-1.5	very-common	source-backed-rank	ngsl-gr-1.0	1441	cefrj-1.5,ngsl-gr-1.0,oewn-2025		validated
master-swim-verb	swim	verb	A1	source-backed	cefrj-1.5	very-common	source-backed-rank	ngsl-gr-1.0	1441	cefrj-1.5,ngsl-gr-1.0,oewn-2025		validated
foundation-a1-table	table	noun	A1	source-backed	cefrj-1.5	very-common	source-backed-rank	ngsl-gr-1.0	500	cefrj-1.5,ngsl-gr-1.0,oewn-2025,vocabulary-foundations-001-2026-08		validated
master-take-verb	take	verb	A1	source-backed	cefrj-1.5	very-common	source-backed-rank	ngsl-gr-1.0	109	cefrj-1.5,ngsl-gr-1.0,oewn-2025		validated
master-talk-verb	talk	verb	A1	source-backed	cefrj-1.5	very-common	source-backed-rank	ngsl-gr-1.0	187	cefrj-1.5,ngsl-gr-1.0,oewn-2025		validated
master-taxi-noun	taxi	noun	A1	source-backed	cefrj-1.5	very-common	source-backed-rank	ngsl-gr-1.0	1198	cefrj-1.5,ngsl-gr-1.0,oewn-2025		validated
foundation-a1-tea	tea	noun	A1	source-backed	cefrj-1.5	common	source-backed-rank	ngsl-gr-1.0	1649	cefrj-1.5,ngsl-gr-1.0,oewn-2025,vocabulary-foundations-001-2026-08		validated
master-teach-verb	teach	verb	A1	source-backed	cefrj-1.5	very-common	source-backed-rank	ngsl-gr-1.0	589	cefrj-1.5,ngsl-gr-1.0,oewn-2025		validated
a1-teacher	teacher	noun	A1	source-backed	cefrj-1.5	very-common	source-backed-rank	ngsl-gr-1.0	546	cefrj-1.5,ngsl-gr-1.0,oewn-2025,vocabulary-core-2026-08		validated
master-team-noun	team	noun	A1	source-backed	cefrj-1.5	very-common	source-backed-rank	ngsl-gr-1.0	457	cefrj-1.5,ngsl-gr-1.0,oewn-2025		validated
master-technology-noun	technology	noun	A1	source-backed	cefrj-1.5	very-common	source-backed-rank	ngsl-gr-1.0	613	cefrj-1.5,ngsl-gr-1.0,oewn-2025		validated
master-telephone-noun	telephone	noun	A1	source-backed	cefrj-1.5	very-common	source-backed-rank	ngsl-gr-1.0	1086	cefrj-1.5,ngsl-gr-1.0,oewn-2025		validated
master-television-noun	television	noun	A1	source-backed	cefrj-1.5	very-common	source-backed-rank	ngsl-gr-1.0	845	cefrj-1.5,ngsl-gr-1.0,oewn-2025		validated
master-tell-verb	tell	verb	A1	source-backed	cefrj-1.5	very-common	source-backed-rank	ngsl-gr-1.0	153	cefrj-1.5,ngsl-gr-1.0,oewn-2025		validated
master-ten-numeral	ten	numeral	A1	source-backed	cefrj-1.5	very-common	source-backed-rank	ngsl-gr-1.0	27	cefrj-1.5,ngsl-gr-1.0		validated
master-test-noun	test	noun	A1	source-backed	cefrj-1.5	very-common	source-backed-rank	ngsl-gr-1.0	382	cefrj-1.5,ngsl-gr-1.0,oewn-2025		validated
master-than-conjunction	than	conjunction	A1	source-backed	cefrj-1.5	very-common	source-backed-rank	ngsl-gr-1.0	119	cefrj-1.5,ngsl-gr-1.0		validated
master-than-preposition	than	preposition	A1	source-backed	cefrj-1.5	very-common	source-backed-rank	ngsl-gr-1.0	119	cefrj-1.5,ngsl-gr-1.0		validated
master-thank-verb	thank	verb	A1	source-backed	cefrj-1.5	very-common	source-backed-rank	ngsl-gr-1.0	294	cefrj-1.5,ngsl-gr-1.0,oewn-2025		validated
master-that-conjunction	that	conjunction	A1	source-backed	cefrj-1.5	very-common	source-backed-rank	ngsl-gr-1.0	65	cefrj-1.5,ngsl-gr-1.0		validated
master-that-determiner	that	determiner	A1	source-backed	cefrj-1.5	very-common	source-backed-rank	ngsl-gr-1.0	65	cefrj-1.5,ngsl-gr-1.0		validated
master-that-pronoun	that	pronoun	A1	source-backed	cefrj-1.5	very-common	source-backed-rank	ngsl-gr-1.0	65	cefrj-1.5,ngsl-gr-1.0		validated
master-the-determiner	the	determiner	A1	source-backed	cefrj-1.5	very-common	source-backed-rank	ngsl-gr-1.0	51	cefrj-1.5,ngsl-gr-1.0		validated
master-then-adverb	then	adverb	A1	source-backed	cefrj-1.5	very-common	source-backed-rank	ngsl-gr-1.0	121	cefrj-1.5,ngsl-gr-1.0,oewn-2025		validated
master-there-adverb	there	adverb	A1	source-backed	cefrj-1.5	very-common	source-backed-rank	ngsl-gr-1.0	90	cefrj-1.5,ngsl-gr-1.0,oewn-2025		validated
master-they-pronoun	they	pronoun	A1	source-backed	cefrj-1.5	very-common	source-backed-rank	ngsl-gr-1.0	63	cefrj-1.5,ngsl-gr-1.0		validated
master-thing-noun	thing	noun	A1	source-backed	cefrj-1.5	very-common	source-backed-rank	ngsl-gr-1.0	137	cefrj-1.5,ngsl-gr-1.0,oewn-2025		validated
master-think-verb	think	verb	A1	source-backed	cefrj-1.5	very-common	source-backed-rank	ngsl-gr-1.0	97	cefrj-1.5,ngsl-gr-1.0,oewn-2025		validated
master-thirteen-numeral	thirteen	numeral	A1	source-backed	cefrj-1.5	very-common	source-backed-rank	ngsl-gr-1.0	30	cefrj-1.5,ngsl-gr-1.0		validated
master-thirty-numeral	thirty	numeral	A1	source-backed	cefrj-1.5	very-common	source-backed-rank	ngsl-gr-1.0	38	cefrj-1.5,ngsl-gr-1.0		validated
master-this-determiner	this	determiner	A1	source-backed	cefrj-1.5	very-common	source-backed-rank	ngsl-gr-1.0	69	cefrj-1.5,ngsl-gr-1.0		validated
master-this-pronoun	this	pronoun	A1	source-backed	cefrj-1.5	very-common	source-backed-rank	ngsl-gr-1.0	69	cefrj-1.5,ngsl-gr-1.0		validated
master-three-numeral	three	numeral	A1	source-backed	cefrj-1.5	very-common	source-backed-rank	ngsl-gr-1.0	20	cefrj-1.5,ngsl-gr-1.0		validated
master-through-preposition	through	preposition	A1	source-backed	cefrj-1.5	very-common	source-backed-rank	ngsl-gr-1.0	158	cefrj-1.5,ngsl-gr-1.0		validated
master-throw-noun	throw	noun	A1	source-backed	cefrj-1.5	very-common	source-backed-rank	ngsl-gr-1.0	903	cefrj-1.5,ngsl-gr-1.0,oewn-2025		validated
master-thursday-noun	thursday	noun	A1	source-backed	cefrj-1.5	very-common	source-backed-rank	ngsl-gr-1.0	4	cefrj-1.5,ngsl-gr-1.0,oewn-2025		validated
master-ticket-noun	ticket	noun	A1	source-backed	cefrj-1.5	very-common	source-backed-rank	ngsl-gr-1.0	1299	cefrj-1.5,ngsl-gr-1.0,oewn-2025		validated
master-time-noun	time	noun	A1	source-backed	cefrj-1.5	very-common	source-backed-rank	ngsl-gr-1.0	99	cefrj-1.5,ngsl-gr-1.0,oewn-2025		validated
master-to-particle	to	particle	A1	source-backed	cefrj-1.5	very-common	source-backed-rank	ngsl-gr-1.0	55	cefrj-1.5,ngsl-gr-1.0		validated
master-to-preposition	to	preposition	A1	source-backed	cefrj-1.5	very-common	source-backed-rank	ngsl-gr-1.0	55	cefrj-1.5,ngsl-gr-1.0		validated
foundation-a1-today	today	adverb	A1	source-backed	cefrj-1.5	very-common	source-backed-rank	ngsl-gr-1.0	296	cefrj-1.5,ngsl-gr-1.0,oewn-2025,vocabulary-foundations-001-2026-08		validated
master-today-noun	today	noun	A1	source-backed	cefrj-1.5	very-common	source-backed-rank	ngsl-gr-1.0	296	cefrj-1.5,ngsl-gr-1.0,oewn-2025		validated
master-together-adverb	together	adverb	A1	source-backed	cefrj-1.5	very-common	source-backed-rank	ngsl-gr-1.0	344	cefrj-1.5,ngsl-gr-1.0,oewn-2025		validated
foundation-a1-tomorrow	tomorrow	adverb	A1	source-backed	cefrj-1.5	very-common	source-backed-rank	ngsl-gr-1.0	776	cefrj-1.5,ngsl-gr-1.0,oewn-2025,vocabulary-foundations-001-2026-08		validated
master-tomorrow-noun	tomorrow	noun	A1	source-backed	cefrj-1.5	very-common	source-backed-rank	ngsl-gr-1.0	776	cefrj-1.5,ngsl-gr-1.0,oewn-2025		validated
master-tonight-adverb	tonight	adverb	A1	source-backed	cefrj-1.5	very-common	source-backed-rank	ngsl-gr-1.0	1464	cefrj-1.5,ngsl-gr-1.0,oewn-2025		validated
master-too-adverb	too	adverb	A1	source-backed	cefrj-1.5	very-common	source-backed-rank	ngsl-gr-1.0	168	cefrj-1.5,ngsl-gr-1.0,oewn-2025		validated
master-tool-noun	tool	noun	A1	source-backed	cefrj-1.5	very-common	source-backed-rank	ngsl-gr-1.0	1277	cefrj-1.5,ngsl-gr-1.0,oewn-2025		validated
master-top-noun	top	noun	A1	source-backed	cefrj-1.5	very-common	source-backed-rank	ngsl-gr-1.0	425	cefrj-1.5,ngsl-gr-1.0,oewn-2025		validated
master-topic-noun	topic	noun	A1	source-backed	cefrj-1.5	very-common	source-backed-rank	ngsl-gr-1.0	1346	cefrj-1.5,ngsl-gr-1.0,oewn-2025		validated
master-touch-noun	touch	noun	A1	source-backed	cefrj-1.5	very-common	source-backed-rank	ngsl-gr-1.0	884	cefrj-1.5,ngsl-gr-1.0,oewn-2025		validated
master-town-noun	town	noun	A1	source-backed	cefrj-1.5	very-common	source-backed-rank	ngsl-gr-1.0	414	cefrj-1.5,ngsl-gr-1.0,oewn-2025		validated
foundation-a1-train	train	noun	A1	source-backed	cefrj-1.5	very-common	source-backed-rank	ngsl-gr-1.0	339	cefrj-1.5,ngsl-gr-1.0,oewn-2025,vocabulary-foundations-001-2026-08		validated
a1-travel	travel	verb	A1	source-backed	cefrj-1.5	very-common	source-backed-rank	ngsl-gr-1.0	553	cefrj-1.5,ngsl-gr-1.0,oewn-2025,vocabulary-core-2026-08		validated
master-tree-noun	tree	noun	A1	source-backed	cefrj-1.5	very-common	source-backed-rank	ngsl-gr-1.0	788	cefrj-1.5,ngsl-gr-1.0,oewn-2025		validated
master-true-adjective	true	adjective	A1	source-backed	cefrj-1.5	very-common	source-backed-rank	ngsl-gr-1.0	528	cefrj-1.5,ngsl-gr-1.0,oewn-2025		validated
master-try-noun	try	noun	A1	source-backed	cefrj-1.5	very-common	source-backed-rank	ngsl-gr-1.0	175	cefrj-1.5,ngsl-gr-1.0,oewn-2025		validated
master-tuesday-noun	tuesday	noun	A1	source-backed	cefrj-1.5	very-common	source-backed-rank	ngsl-gr-1.0	2	cefrj-1.5,ngsl-gr-1.0,oewn-2025		validated
master-turn-noun	turn	noun	A1	source-backed	cefrj-1.5	very-common	source-backed-rank	ngsl-gr-1.0	244	cefrj-1.5,ngsl-gr-1.0,oewn-2025		validated
master-turn-verb	turn	verb	A1	source-backed	cefrj-1.5	very-common	source-backed-rank	ngsl-gr-1.0	244	cefrj-1.5,ngsl-gr-1.0,oewn-2025		validated
master-twelve-numeral	twelve	numeral	A1	source-backed	cefrj-1.5	very-common	source-backed-rank	ngsl-gr-1.0	29	cefrj-1.5,ngsl-gr-1.0		validated
master-twenty-numeral	twenty	numeral	A1	source-backed	cefrj-1.5	very-common	source-backed-rank	ngsl-gr-1.0	37	cefrj-1.5,ngsl-gr-1.0		validated
master-two-numeral	two	numeral	A1	source-backed	cefrj-1.5	very-common	source-backed-rank	ngsl-gr-1.0	19	cefrj-1.5,ngsl-gr-1.0		validated
master-type-noun	type	noun	A1	source-backed	cefrj-1.5	very-common	source-backed-rank	ngsl-gr-1.0	439	cefrj-1.5,ngsl-gr-1.0,oewn-2025		validated
master-under-preposition	under	preposition	A1	source-backed	cefrj-1.5	very-common	source-backed-rank	ngsl-gr-1.0	243	cefrj-1.5,ngsl-gr-1.0		validated
v26	understand	verb	A1	editorial-estimate		very-common	source-backed-rank	ngsl-gr-1.0	293	cefrj-1.5,ngsl-gr-1.0,oewn-2025,vocabulary-core-2026-08		validated
master-until-preposition	until	preposition	A1	source-backed	cefrj-1.5	very-common	source-backed-rank	ngsl-gr-1.0	305	cefrj-1.5,ngsl-gr-1.0		validated
master-up-preposition	up	preposition	A1	source-backed	cefrj-1.5	very-common	source-backed-rank	ngsl-gr-1.0	102	cefrj-1.5,ngsl-gr-1.0		validated
master-use-verb	use	verb	A1	source-backed	cefrj-1.5	very-common	source-backed-rank	ngsl-gr-1.0	118	cefrj-1.5,ngsl-gr-1.0,oewn-2025		validated
v59	useful	adjective	A1	editorial-estimate		very-common	source-backed-rank	ngsl-gr-1.0	968	cefrj-1.5,ngsl-gr-1.0,oewn-2025,vocabulary-core-2026-08		validated
master-usually-adverb	usually	adverb	A1	source-backed	cefrj-1.5	very-common	source-backed-rank	ngsl-gr-1.0	605	cefrj-1.5,ngsl-gr-1.0,oewn-2025		validated
master-very-adverb	very	adverb	A1	source-backed	cefrj-1.5	very-common	source-backed-rank	ngsl-gr-1.0	113	cefrj-1.5,ngsl-gr-1.0,oewn-2025		validated
master-video-noun	video	noun	A1	source-backed	cefrj-1.5	very-common	source-backed-rank	ngsl-gr-1.0	1115	cefrj-1.5,ngsl-gr-1.0,oewn-2025		validated
master-visit-noun	visit	noun	A1	source-backed	cefrj-1.5	very-common	source-backed-rank	ngsl-gr-1.0	383	cefrj-1.5,ngsl-gr-1.0,oewn-2025		validated
master-vote-noun	vote	noun	A1	source-backed	cefrj-1.5	very-common	source-backed-rank	ngsl-gr-1.0	598	cefrj-1.5,ngsl-gr-1.0,oewn-2025		validated
master-wait-verb	wait	verb	A1	source-backed	cefrj-1.5	very-common	source-backed-rank	ngsl-gr-1.0	453	cefrj-1.5,ngsl-gr-1.0,oewn-2025		validated
master-walk-noun	walk	noun	A1	source-backed	cefrj-1.5	very-common	source-backed-rank	ngsl-gr-1.0	389	cefrj-1.5,ngsl-gr-1.0,oewn-2025		validated
master-walk-verb	walk	verb	A1	source-backed	cefrj-1.5	very-common	source-backed-rank	ngsl-gr-1.0	389	cefrj-1.5,ngsl-gr-1.0,oewn-2025		validated
master-wall-noun	wall	noun	A1	source-backed	cefrj-1.5	very-common	source-backed-rank	ngsl-gr-1.0	772	cefrj-1.5,ngsl-gr-1.0,oewn-2025		validated
master-want-verb	want	verb	A1	source-backed	cefrj-1.5	very-common	source-backed-rank	ngsl-gr-1.0	126	cefrj-1.5,ngsl-gr-1.0,oewn-2025		validated
master-war-noun	war	noun	A1	source-backed	cefrj-1.5	very-common	source-backed-rank	ngsl-gr-1.0	485	cefrj-1.5,ngsl-gr-1.0,oewn-2025		validated
master-warm-adjective	warm	adjective	A1	source-backed	cefrj-1.5	very-common	source-backed-rank	ngsl-gr-1.0	1071	cefrj-1.5,ngsl-gr-1.0,oewn-2025		validated
master-wash-noun	wash	noun	A1	source-backed	cefrj-1.5	very-common	source-backed-rank	ngsl-gr-1.0	1418	cefrj-1.5,ngsl-gr-1.0,oewn-2025		validated
master-wash-verb	wash	verb	A1	source-backed	cefrj-1.5	very-common	source-backed-rank	ngsl-gr-1.0	1418	cefrj-1.5,ngsl-gr-1.0,oewn-2025		validated
master-watch-noun	watch	noun	A1	source-backed	cefrj-1.5	very-common	source-backed-rank	ngsl-gr-1.0	376	cefrj-1.5,ngsl-gr-1.0,oewn-2025		validated
foundation-a1-watch	watch	verb	A1	source-backed	cefrj-1.5	very-common	source-backed-rank	ngsl-gr-1.0	376	cefrj-1.5,ngsl-gr-1.0,oewn-2025,vocabulary-foundations-001-2026-08		validated
a1-water	water	noun	A1	source-backed	cefrj-1.5	very-common	source-backed-rank	ngsl-gr-1.0	372	cefrj-1.5,ngsl-gr-1.0,oewn-2025,vocabulary-core-2026-08		validated
master-way-noun	way	noun	A1	source-backed	cefrj-1.5	very-common	source-backed-rank	ngsl-gr-1.0	130	cefrj-1.5,ngsl-gr-1.0,oewn-2025		validated
master-we-pronoun	we	pronoun	A1	source-backed	cefrj-1.5	very-common	source-backed-rank	ngsl-gr-1.0	66	cefrj-1.5,ngsl-gr-1.0		validated
master-wear-verb	wear	verb	A1	source-backed	cefrj-1.5	very-common	source-backed-rank	ngsl-gr-1.0	576	cefrj-1.5,ngsl-gr-1.0,oewn-2025		validated
master-wednesday-noun	wednesday	noun	A1	source-backed	cefrj-1.5	very-common	source-backed-rank	ngsl-gr-1.0	3	cefrj-1.5,ngsl-gr-1.0,oewn-2025		validated
foundation-a1-week	week	noun	A1	source-backed	cefrj-1.5	very-common	source-backed-rank	ngsl-gr-1.0	207	cefrj-1.5,ngsl-gr-1.0,oewn-2025,vocabulary-foundations-001-2026-08		validated
master-weekend-noun	weekend	noun	A1	source-backed	cefrj-1.5	very-common	source-backed-rank	ngsl-gr-1.0	984	cefrj-1.5,ngsl-gr-1.0,oewn-2025		validated
master-welcome-interjection	welcome	interjection	A1	source-backed	cefrj-1.5	very-common	source-backed-rank	ngsl-gr-1.0	1039	cefrj-1.5,ngsl-gr-1.0		validated
master-welcome-verb	welcome	verb	A1	source-backed	cefrj-1.5	very-common	source-backed-rank	ngsl-gr-1.0	1039	cefrj-1.5,ngsl-gr-1.0,oewn-2025		validated
master-well-adjective	well	adjective	A1	source-backed	cefrj-1.5	very-common	source-backed-rank	ngsl-gr-1.0	111	cefrj-1.5,ngsl-gr-1.0,oewn-2025		validated
master-well-adverb	well	adverb	A1	source-backed	cefrj-1.5	very-common	source-backed-rank	ngsl-gr-1.0	111	cefrj-1.5,ngsl-gr-1.0,oewn-2025		validated
master-what-determiner	what	determiner	A1	source-backed	cefrj-1.5	very-common	source-backed-rank	ngsl-gr-1.0	101	cefrj-1.5,ngsl-gr-1.0		validated
master-what-pronoun	what	pronoun	A1	source-backed	cefrj-1.5	very-common	source-backed-rank	ngsl-gr-1.0	101	cefrj-1.5,ngsl-gr-1.0		validated
master-when-conjunction	when	conjunction	A1	source-backed	cefrj-1.5	very-common	source-backed-rank	ngsl-gr-1.0	96	cefrj-1.5,ngsl-gr-1.0		validated
master-where-conjunction	where	conjunction	A1	source-backed	cefrj-1.5	very-common	source-backed-rank	ngsl-gr-1.0	136	cefrj-1.5,ngsl-gr-1.0		validated
master-which-determiner	which	determiner	A1	source-backed	cefrj-1.5	very-common	source-backed-rank	ngsl-gr-1.0	89	cefrj-1.5,ngsl-gr-1.0		validated
master-which-pronoun	which	pronoun	A1	source-backed	cefrj-1.5	very-common	source-backed-rank	ngsl-gr-1.0	89	cefrj-1.5,ngsl-gr-1.0		validated
master-white-adjective	white	adjective	A1	source-backed	cefrj-1.5	very-common	source-backed-rank	ngsl-gr-1.0	532	cefrj-1.5,ngsl-gr-1.0,oewn-2025		validated
master-white-noun	white	noun	A1	source-backed	cefrj-1.5	very-common	source-backed-rank	ngsl-gr-1.0	532	cefrj-1.5,ngsl-gr-1.0,oewn-2025		validated
master-who-pronoun	who	pronoun	A1	source-backed	cefrj-1.5	very-common	source-backed-rank	ngsl-gr-1.0	94	cefrj-1.5,ngsl-gr-1.0		validated
master-wife-noun	wife	noun	A1	source-backed	cefrj-1.5	very-common	source-backed-rank	ngsl-gr-1.0	652	cefrj-1.5,ngsl-gr-1.0,oewn-2025		validated
master-will-modal	will	modal	A1	source-backed	cefrj-1.5	very-common	source-backed-rank	ngsl-gr-1.0	78	cefrj-1.5,ngsl-gr-1.0		validated
master-win-verb	win	verb	A1	source-backed	cefrj-1.5	very-common	source-backed-rank	ngsl-gr-1.0	427	cefrj-1.5,ngsl-gr-1.0,oewn-2025		validated
master-wind-noun	wind	noun	A1	source-backed	cefrj-1.5	very-common	source-backed-rank	ngsl-gr-1.0	1063	cefrj-1.5,ngsl-gr-1.0,oewn-2025		validated
master-window-noun	window	noun	A1	source-backed	cefrj-1.5	very-common	source-backed-rank	ngsl-gr-1.0	784	cefrj-1.5,ngsl-gr-1.0,oewn-2025		validated
master-winter-noun	winter	noun	A1	source-backed	cefrj-1.5	very-common	source-backed-rank	ngsl-gr-1.0	1378	cefrj-1.5,ngsl-gr-1.0,oewn-2025		validated
master-wish-noun	wish	noun	A1	source-backed	cefrj-1.5	very-common	source-backed-rank	ngsl-gr-1.0	574	cefrj-1.5,ngsl-gr-1.0,oewn-2025		validated
master-with-preposition	with	preposition	A1	source-backed	cefrj-1.5	very-common	source-backed-rank	ngsl-gr-1.0	68	cefrj-1.5,ngsl-gr-1.0		validated
foundation-a1-woman	woman	noun	A1	source-backed	cefrj-1.5	very-common	source-backed-rank	ngsl-gr-1.0	219	cefrj-1.5,ngsl-gr-1.0,oewn-2025,vocabulary-foundations-001-2026-08		validated
master-wonderful-adjective	wonderful	adjective	A1	source-backed	cefrj-1.5	very-common	source-backed-rank	ngsl-gr-1.0	1126	cefrj-1.5,ngsl-gr-1.0,oewn-2025		validated
master-word-noun	word	noun	A1	source-backed	cefrj-1.5	very-common	source-backed-rank	ngsl-gr-1.0	267	cefrj-1.5,ngsl-gr-1.0,oewn-2025		validated
a1-work	work	noun	A1	source-backed	cefrj-1.5	very-common	source-backed-rank	ngsl-gr-1.0	117	cefrj-1.5,ngsl-gr-1.0,oewn-2025,vocabulary-core-2026-08		validated
master-work-verb	work	verb	A1	source-backed	cefrj-1.5	very-common	source-backed-rank	ngsl-gr-1.0	117	cefrj-1.5,ngsl-gr-1.0,oewn-2025		validated
master-worker-noun	worker	noun	A1	source-backed	cefrj-1.5	very-common	source-backed-rank	ngsl-gr-1.0	723	cefrj-1.5,ngsl-gr-1.0,oewn-2025		validated
master-world-noun	world	noun	A1	source-backed	cefrj-1.5	very-common	source-backed-rank	ngsl-gr-1.0	206	cefrj-1.5,ngsl-gr-1.0,oewn-2025		validated
master-worry-noun	worry	noun	A1	source-backed	cefrj-1.5	very-common	source-backed-rank	ngsl-gr-1.0	703	cefrj-1.5,ngsl-gr-1.0,oewn-2025		validated
master-would-modal	would	modal	A1	source-backed	cefrj-1.5	very-common	source-backed-rank	ngsl-gr-1.0	86	cefrj-1.5,ngsl-gr-1.0		validated
foundation-a1-write	write	verb	A1	source-backed	cefrj-1.5	very-common	source-backed-rank	ngsl-gr-1.0	171	cefrj-1.5,ngsl-gr-1.0,oewn-2025,vocabulary-foundations-001-2026-08		validated
master-writer-noun	writer	noun	A1	source-backed	cefrj-1.5	very-common	source-backed-rank	ngsl-gr-1.0	1074	cefrj-1.5,ngsl-gr-1.0,oewn-2025		validated
master-wrong-adjective	wrong	adjective	A1	source-backed	cefrj-1.5	very-common	source-backed-rank	ngsl-gr-1.0	625	cefrj-1.5,ngsl-gr-1.0,oewn-2025		validated
master-year-noun	year	noun	A1	source-backed	cefrj-1.5	very-common	source-backed-rank	ngsl-gr-1.0	108	cefrj-1.5,ngsl-gr-1.0,oewn-2025		validated
foundation-a1-yesterday	yesterday	adverb	A1	source-backed	cefrj-1.5	very-common	source-backed-rank	ngsl-gr-1.0	753	cefrj-1.5,ngsl-gr-1.0,oewn-2025,vocabulary-foundations-001-2026-08		validated
master-yet-adverb	yet	adverb	A1	source-backed	cefrj-1.5	very-common	source-backed-rank	ngsl-gr-1.0	361	cefrj-1.5,ngsl-gr-1.0,oewn-2025		validated
master-you-pronoun	you	pronoun	A1	source-backed	cefrj-1.5	very-common	source-backed-rank	ngsl-gr-1.0	60	cefrj-1.5,ngsl-gr-1.0		validated
foundation-a1-young	young	adjective	A1	source-backed	cefrj-1.5	very-common	source-backed-rank	ngsl-gr-1.0	288	cefrj-1.5,ngsl-gr-1.0,oewn-2025,vocabulary-foundations-001-2026-08		validated
master-yourself-pronoun	yourself	pronoun	A1	source-backed	cefrj-1.5	very-common	source-backed-rank	ngsl-gr-1.0	863	cefrj-1.5,ngsl-gr-1.0		validated
v91	ability	noun	A2	source-backed	cefrj-1.5	very-common	source-backed-rank	ngsl-gr-1.0	829	cefrj-1.5,ngsl-gr-1.0,oewn-2025,vocabulary-core-2026-08		validated
a2-abroad	abroad	adverb	A2	source-backed	cefrj-1.5	common	source-backed-rank	ngsl-gr-1.0	1933	cefrj-1.5,ngsl-gr-1.0,oewn-2025,vocabulary-core-2026-08		validated
v92	accept	verb	A2	source-backed	cefrj-1.5	very-common	source-backed-rank	ngsl-gr-1.0	611	cefrj-1.5,ngsl-gr-1.0,oewn-2025,vocabulary-core-2026-08		validated
master-acceptable-adjective	acceptable	adjective	A2	source-backed	cefrj-1.5	common	source-backed-rank	ngsl-gr-1.0	2478	cefrj-1.5,ngsl-gr-1.0,oewn-2025		validated
master-accident-noun	accident	noun	A2	source-backed	cefrj-1.5	very-common	source-backed-rank	ngsl-gr-1.0	1399	cefrj-1.5,ngsl-gr-1.0,oewn-2025		validated
master-account-noun	account	noun	A2	source-backed	cefrj-1.5	very-common	source-backed-rank	ngsl-gr-1.0	486	cefrj-1.5,ngsl-gr-1.0,oewn-2025		validated
v31	achieve	verb	A2	source-backed	cefrj-1.5	very-common	source-backed-rank	ngsl-gr-1.0	796	cefrj-1.5,ngsl-gr-1.0,oewn-2025,vocabulary-core-2026-08		validated
master-across-adverb	across	adverb	A2	source-backed	cefrj-1.5	very-common	source-backed-rank	ngsl-gr-1.0	433	cefrj-1.5,ngsl-gr-1.0,oewn-2025		validated
master-across-preposition	across	preposition	A2	source-backed	cefrj-1.5	very-common	source-backed-rank	ngsl-gr-1.0	433	cefrj-1.5,ngsl-gr-1.0		validated
master-act-noun	act	noun	A2	source-backed	cefrj-1.5	very-common	source-backed-rank	ngsl-gr-1.0	565	cefrj-1.5,ngsl-gr-1.0,oewn-2025		validated
master-actually-adverb	actually	adverb	A2	source-backed	cefrj-1.5	very-common	source-backed-rank	ngsl-gr-1.0	341	cefrj-1.5,ngsl-gr-1.0,oewn-2025		validated
master-addition-noun	addition	noun	A2	source-backed	cefrj-1.5	very-common	source-backed-rank	ngsl-gr-1.0	757	cefrj-1.5,ngsl-gr-1.0,oewn-2025		validated
master-additional-adjective	additional	adjective	A2	source-backed	cefrj-1.5	very-common	source-backed-rank	ngsl-gr-1.0	1131	cefrj-1.5,ngsl-gr-1.0,oewn-2025		validated
master-adjust-verb	adjust	verb	A2	source-backed	cefrj-1.5	common	source-backed-rank	ngsl-gr-1.0	2258	cefrj-1.5,ngsl-gr-1.0,oewn-2025		validated
master-admire-verb	admire	verb	A2	source-backed	cefrj-1.5	common	source-backed-rank	ngsl-gr-1.0	2397	cefrj-1.5,ngsl-gr-1.0,oewn-2025		validated
master-admit-verb	admit	verb	A2	source-backed	cefrj-1.5	very-common	source-backed-rank	ngsl-gr-1.0	1084	cefrj-1.5,ngsl-gr-1.0,oewn-2025		validated
master-adult-adjective	adult	adjective	A2	source-backed	cefrj-1.5	very-common	source-backed-rank	ngsl-gr-1.0	930	cefrj-1.5,ngsl-gr-1.0,oewn-2025		validated
master-adult-noun	adult	noun	A2	source-backed	cefrj-1.5	very-common	source-backed-rank	ngsl-gr-1.0	930	cefrj-1.5,ngsl-gr-1.0,oewn-2025		validated
master-advertisement-noun	advertisement	noun	A2	source-backed	cefrj-1.5	common	source-backed-rank	ngsl-gr-1.0	1991	cefrj-1.5,ngsl-gr-1.0,oewn-2025		validated
master-advise-verb	advise	verb	A2	source-backed	cefrj-1.5	common	source-backed-rank	ngsl-gr-1.0	1795	cefrj-1.5,ngsl-gr-1.0,oewn-2025		validated
master-affair-noun	affair	noun	A2	source-backed	cefrj-1.5	very-common	source-backed-rank	ngsl-gr-1.0	1498	cefrj-1.5,ngsl-gr-1.0,oewn-2025		validated
master-after-adverb	after	adverb	A2	source-backed	cefrj-1.5	very-common	source-backed-rank	ngsl-gr-1.0	134	cefrj-1.5,ngsl-gr-1.0,oewn-2025		validated
master-against-preposition	against	preposition	A2	source-backed	cefrj-1.5	very-common	source-backed-rank	ngsl-gr-1.0	274	cefrj-1.5,ngsl-gr-1.0		validated
master-agency-noun	agency	noun	A2	source-backed	cefrj-1.5	very-common	source-backed-rank	ngsl-gr-1.0	1020	cefrj-1.5,ngsl-gr-1.0,oewn-2025		validated
master-agent-noun	agent	noun	A2	source-backed	cefrj-1.5	very-common	source-backed-rank	ngsl-gr-1.0	1042	cefrj-1.5,ngsl-gr-1.0,oewn-2025		validated
master-ahead-adverb	ahead	adverb	A2	source-backed	cefrj-1.5	very-common	source-backed-rank	ngsl-gr-1.0	1024	cefrj-1.5,ngsl-gr-1.0,oewn-2025		validated
master-air-noun	air	noun	A2	source-backed	cefrj-1.5	very-common	source-backed-rank	ngsl-gr-1.0	592	cefrj-1.5,ngsl-gr-1.0,oewn-2025		validated
foundation-a2-airport	airport	noun	A2	editorial-estimate		common	source-backed-rank	ngsl-gr-1.0	2869	bsl-1.2,cefrj-1.5,ngsl-gr-1.0,oewn-2025,vocabulary-foundations-001-2026-08		validated
master-alarm-noun	alarm	noun	A2	source-backed	cefrj-1.5	common	source-backed-rank	ngsl-gr-1.0	2321	cefrj-1.5,ngsl-gr-1.0,oewn-2025		validated
master-alive-adjective	alive	adjective	A2	source-backed	cefrj-1.5	common	source-backed-rank	ngsl-gr-1.0	1824	cefrj-1.5,ngsl-gr-1.0,oewn-2025		validated
master-all-adverb	all	adverb	A2	source-backed	cefrj-1.5	very-common	source-backed-rank	ngsl-gr-1.0	83	cefrj-1.5,ngsl-gr-1.0,oewn-2025		validated
master-allow-verb	allow	verb	A2	source-backed	cefrj-1.5	very-common	source-backed-rank	ngsl-gr-1.0	374	cefrj-1.5,ngsl-gr-1.0,oewn-2025		validated
master-alone-adjective	alone	adjective	A2	source-backed	cefrj-1.5	very-common	source-backed-rank	ngsl-gr-1.0	769	cefrj-1.5,ngsl-gr-1.0,oewn-2025		validated
master-along-preposition	along	preposition	A2	source-backed	cefrj-1.5	very-common	source-backed-rank	ngsl-gr-1.0	438	cefrj-1.5,ngsl-gr-1.0		validated
master-although-conjunction	although	conjunction	A2	source-backed	cefrj-1.5	very-common	source-backed-rank	ngsl-gr-1.0	328	cefrj-1.5,ngsl-gr-1.0		validated
master-ambition-noun	ambition	noun	A2	source-backed	cefrj-1.5	common	source-backed-rank	ngsl-gr-1.0	3057	bsl-1.2,cefrj-1.5,ngsl-gr-1.0,oewn-2025		validated
master-among-preposition	among	preposition	A2	source-backed	cefrj-1.5	very-common	source-backed-rank	ngsl-gr-1.0	426	cefrj-1.5,ngsl-gr-1.0		validated
master-ancestor-noun	ancestor	noun	A2	source-backed	cefrj-1.5	less-common	source-backed-rank	ngsl-gr-1.0	4056	cefrj-1.5,nawl-1.2,ngsl-gr-1.0,oewn-2025		validated
v93	ancient	adjective	A2	source-backed	cefrj-1.5	common	source-backed-rank	ngsl-gr-1.0	1777	cefrj-1.5,ngsl-gr-1.0,oewn-2025,vocabulary-core-2026-08		validated
master-anniversary-noun	anniversary	noun	A2	source-backed	cefrj-1.5	common	source-backed-rank	ngsl-gr-1.0	3085	bsl-1.2,cefrj-1.5,ngsl-gr-1.0,oewn-2025		validated
v94	announce	verb	A2	editorial-estimate		very-common	source-backed-rank	ngsl-gr-1.0	1054	cefrj-1.5,ngsl-gr-1.0,oewn-2025,vocabulary-core-2026-08		validated
master-another-pronoun	another	pronoun	A2	source-backed	cefrj-1.5	very-common	source-backed-rank	ngsl-gr-1.0	190	cefrj-1.5,ngsl-gr-1.0		validated
master-anymore-adverb	anymore	adverb	A2	source-backed	cefrj-1.5	common	source-backed-rank	ngsl-gr-1.0	2157	cefrj-1.5,ngsl-gr-1.0,oewn-2025		validated
master-anyway-adverb	anyway	adverb	A2	source-backed	cefrj-1.5	very-common	source-backed-rank	ngsl-gr-1.0	943	cefrj-1.5,ngsl-gr-1.0,oewn-2025		validated
master-anywhere-adverb	anywhere	adverb	A2	source-backed	cefrj-1.5	common	source-backed-rank	ngsl-gr-1.0	1698	cefrj-1.5,ngsl-gr-1.0,oewn-2025		validated
master-apart-adverb	apart	adverb	A2	source-backed	cefrj-1.5	very-common	source-backed-rank	ngsl-gr-1.0	1171	cefrj-1.5,ngsl-gr-1.0,oewn-2025		validated
master-apartment-noun	apartment	noun	A2	source-backed	cefrj-1.5	common	source-backed-rank	ngsl-gr-1.0	2218	cefrj-1.5,ngsl-gr-1.0,oewn-2025		validated
master-apparently-adverb	apparently	adverb	A2	source-backed	cefrj-1.5	very-common	source-backed-rank	ngsl-gr-1.0	1327	cefrj-1.5,ngsl-gr-1.0,oewn-2025		validated
master-appear-verb	appear	verb	A2	source-backed	cefrj-1.5	very-common	source-backed-rank	ngsl-gr-1.0	455	cefrj-1.5,ngsl-gr-1.0,oewn-2025		validated
master-appearance-noun	appearance	noun	A2	source-backed	cefrj-1.5	common	source-backed-rank	ngsl-gr-1.0	1618	cefrj-1.5,ngsl-gr-1.0,oewn-2025		validated
master-apply-verb	apply	verb	A2	source-backed	cefrj-1.5	very-common	source-backed-rank	ngsl-gr-1.0	661	cefrj-1.5,ngsl-gr-1.0,oewn-2025		validated
a2-appointment	appointment	noun	A2	source-backed	cefrj-1.5	common	source-backed-rank	ngsl-gr-1.0	1889	cefrj-1.5,ngsl-gr-1.0,oewn-2025,vocabulary-core-2026-08		validated
master-appreciate-verb	appreciate	verb	A2	source-backed	cefrj-1.5	very-common	source-backed-rank	ngsl-gr-1.0	1324	cefrj-1.5,ngsl-gr-1.0,oewn-2025		validated
master-architecture-noun	architecture	noun	A2	source-backed	cefrj-1.5	common	source-backed-rank	ngsl-gr-1.0	2477	cefrj-1.5,ngsl-gr-1.0,oewn-2025		validated
master-area-noun	area	noun	A2	source-backed	cefrj-1.5	very-common	source-backed-rank	ngsl-gr-1.0	254	cefrj-1.5,ngsl-gr-1.0,oewn-2025		validated
master-argue-verb	argue	verb	A2	source-backed	cefrj-1.5	very-common	source-backed-rank	ngsl-gr-1.0	790	cefrj-1.5,ngsl-gr-1.0,oewn-2025		validated
master-argument-noun	argument	noun	A2	source-backed	cefrj-1.5	very-common	source-backed-rank	ngsl-gr-1.0	929	cefrj-1.5,ngsl-gr-1.0,oewn-2025		validated
master-around-adverb	around	adverb	A2	source-backed	cefrj-1.5	very-common	source-backed-rank	ngsl-gr-1.0	220	cefrj-1.5,ngsl-gr-1.0,oewn-2025		validated
master-artificial-adjective	artificial	adjective	A2	source-backed	cefrj-1.5	common	source-backed-rank	ngsl-gr-1.0	3372	bsl-1.2,cefrj-1.5,nawl-1.2,ngsl-gr-1.0,oewn-2025		validated
master-as-conjunction	as	conjunction	A2	source-backed	cefrj-1.5	very-common	source-backed-rank	ngsl-gr-1.0	72	cefrj-1.5,ngsl-gr-1.0		validated
master-assistant-adjective	assistant	adjective	A2	source-backed	cefrj-1.5	common	source-backed-rank	ngsl-gr-1.0	1789	cefrj-1.5,ngsl-gr-1.0,oewn-2025		validated
master-association-noun	association	noun	A2	source-backed	cefrj-1.5	common	source-backed-rank	ngsl-gr-1.0	1645	cefrj-1.5,ngsl-gr-1.0,oewn-2025		validated
master-atom-noun	atom	noun	A2	source-backed	cefrj-1.5	less-common	source-backed-rank	ngsl-gr-1.0	4336	bsl-1.2,cefrj-1.5,nawl-1.2,ngsl-gr-1.0,oewn-2025		validated
master-attack-noun	attack	noun	A2	source-backed	cefrj-1.5	very-common	source-backed-rank	ngsl-gr-1.0	682	cefrj-1.5,ngsl-gr-1.0,oewn-2025		validated
master-attack-verb	attack	verb	A2	source-backed	cefrj-1.5	very-common	source-backed-rank	ngsl-gr-1.0	682	cefrj-1.5,ngsl-gr-1.0,oewn-2025		validated
master-attempt-noun	attempt	noun	A2	source-backed	cefrj-1.5	very-common	source-backed-rank	ngsl-gr-1.0	736	cefrj-1.5,ngsl-gr-1.0,oewn-2025		validated
v95	attend	verb	A2	editorial-estimate		very-common	source-backed-rank	ngsl-gr-1.0	870	cefrj-1.5,ngsl-gr-1.0,oewn-2025,vocabulary-core-2026-08		validated
master-attention-noun	attention	noun	A2	source-backed	cefrj-1.5	very-common	source-backed-rank	ngsl-gr-1.0	628	cefrj-1.5,ngsl-gr-1.0,oewn-2025		validated
master-attitude-noun	attitude	noun	A2	source-backed	cefrj-1.5	very-common	source-backed-rank	ngsl-gr-1.0	1144	cefrj-1.5,ngsl-gr-1.0,oewn-2025		validated
master-attractive-adjective	attractive	adjective	A2	source-backed	cefrj-1.5	common	source-backed-rank	ngsl-gr-1.0	1765	cefrj-1.5,ngsl-gr-1.0,oewn-2025		validated
master-audience-noun	audience	noun	A2	source-backed	cefrj-1.5	very-common	source-backed-rank	ngsl-gr-1.0	1216	cefrj-1.5,ngsl-gr-1.0,oewn-2025		validated
master-author-noun	author	noun	A2	source-backed	cefrj-1.5	very-common	source-backed-rank	ngsl-gr-1.0	960	cefrj-1.5,ngsl-gr-1.0,oewn-2025		validated
master-automatic-adjective	automatic	adjective	A2	source-backed	cefrj-1.5	common	source-backed-rank	ngsl-gr-1.0	3146	bsl-1.2,cefrj-1.5,ngsl-gr-1.0,oewn-2025		validated
master-automatically-adverb	automatically	adverb	A2	source-backed	cefrj-1.5	common	source-backed-rank	ngsl-gr-1.0	2571	cefrj-1.5,ngsl-gr-1.0,oewn-2025		validated
a2-available	available	adjective	A2	editorial-estimate		very-common	source-backed-rank	ngsl-gr-1.0	509	cefrj-1.5,ngsl-gr-1.0,oewn-2025,vocabulary-core-2026-08		validated
master-average-adjective	average	adjective	A2	source-backed	cefrj-1.5	very-common	source-backed-rank	ngsl-gr-1.0	740	cefrj-1.5,ngsl-gr-1.0,oewn-2025		validated
master-average-noun	average	noun	A2	source-backed	cefrj-1.5	very-common	source-backed-rank	ngsl-gr-1.0	740	cefrj-1.5,ngsl-gr-1.0,oewn-2025		validated
master-award-noun	award	noun	A2	source-backed	cefrj-1.5	very-common	source-backed-rank	ngsl-gr-1.0	1391	cefrj-1.5,ngsl-gr-1.0,oewn-2025		validated
master-awful-adjective	awful	adjective	A2	source-backed	cefrj-1.5	common	source-backed-rank	ngsl-gr-1.0	2256	cefrj-1.5,ngsl-gr-1.0,oewn-2025		validated
master-back-adjective	back	adjective	A2	source-backed	cefrj-1.5	very-common	source-backed-rank	ngsl-gr-1.0	144	cefrj-1.5,ngsl-gr-1.0,oewn-2025		validated
master-background-noun	background	noun	A2	source-backed	cefrj-1.5	very-common	source-backed-rank	ngsl-gr-1.0	1273	cefrj-1.5,ngsl-gr-1.0,oewn-2025		validated
master-badly-adverb	badly	adverb	A2	source-backed	cefrj-1.5	common	source-backed-rank	ngsl-gr-1.0	2207	cefrj-1.5,ngsl-gr-1.0,oewn-2025		validated
master-bank-verb	bank	verb	A2	source-backed	cefrj-1.5	very-common	source-backed-rank	ngsl-gr-1.0	677	cefrj-1.5,ngsl-gr-1.0,oewn-2025		validated
master-bargain-noun	bargain	noun	A2	source-backed	cefrj-1.5	common	source-backed-rank	ngsl-gr-1.0	2966	bsl-1.2,cefrj-1.5,nawl-1.2,ngsl-gr-1.0,oewn-2025		validated
master-base-noun	base	noun	A2	source-backed	cefrj-1.5	very-common	source-backed-rank	ngsl-gr-1.0	377	cefrj-1.5,ngsl-gr-1.0,oewn-2025		validated
master-basic-adjective	basic	adjective	A2	source-backed	cefrj-1.5	very-common	source-backed-rank	ngsl-gr-1.0	961	cefrj-1.5,ngsl-gr-1.0,oewn-2025		validated
master-basically-adverb	basically	adverb	A2	source-backed	cefrj-1.5	very-common	source-backed-rank	ngsl-gr-1.0	1485	cefrj-1.5,ngsl-gr-1.0,oewn-2025		validated
master-basket-noun	basket	noun	A2	source-backed	cefrj-1.5	common	source-backed-rank	ngsl-gr-1.0	3497	bsl-1.2,cefrj-1.5,ngsl-gr-1.0,oewn-2025		validated
master-batch-noun	batch	noun	A2	source-backed	cefrj-1.5	less-common	source-backed-rank	ngsl-gr-1.0	4594	bsl-1.2,cefrj-1.5,ngsl-gr-1.0,oewn-2025		validated
master-battery-noun	battery	noun	A2	source-backed	cefrj-1.5	common	source-backed-rank	ngsl-gr-1.0	3041	bsl-1.2,cefrj-1.5,ngsl-gr-1.0,oewn-2025		validated
master-bear-verb	bear	verb	A2	source-backed	cefrj-1.5	very-common	source-backed-rank	ngsl-gr-1.0	505	cefrj-1.5,ngsl-gr-1.0,oewn-2025		validated
master-beauty-noun	beauty	noun	A2	source-backed	cefrj-1.5	common	source-backed-rank	ngsl-gr-1.0	1972	cefrj-1.5,ngsl-gr-1.0,oewn-2025		validated
master-beer-noun	beer	noun	A2	source-backed	cefrj-1.5	common	source-backed-rank	ngsl-gr-1.0	2112	cefrj-1.5,ngsl-gr-1.0,oewn-2025		validated
master-before-conjunction	before	conjunction	A2	source-backed	cefrj-1.5	very-common	source-backed-rank	ngsl-gr-1.0	156	cefrj-1.5,ngsl-gr-1.0		validated
master-belong-verb	belong	verb	A2	source-backed	cefrj-1.5	very-common	source-backed-rank	ngsl-gr-1.0	1462	cefrj-1.5,ngsl-gr-1.0,oewn-2025		validated
master-bend-verb	bend	verb	A2	source-backed	cefrj-1.5	common	source-backed-rank	ngsl-gr-1.0	2318	cefrj-1.5,ngsl-gr-1.0,oewn-2025		validated
v5	benefit	noun	A2	editorial-estimate		very-common	source-backed-rank	ngsl-gr-1.0	593	cefrj-1.5,ngsl-gr-1.0,oewn-2025,vocabulary-core-2026-08		validated
master-besides-adverb	besides	adverb	A2	source-backed	cefrj-1.5	common	source-backed-rank	ngsl-gr-1.0	1775	cefrj-1.5,ngsl-gr-1.0,oewn-2025		validated
master-beyond-preposition	beyond	preposition	A2	source-backed	cefrj-1.5	very-common	source-backed-rank	ngsl-gr-1.0	876	cefrj-1.5,ngsl-gr-1.0		validated
foundation-a2-bill	bill	noun	A2	source-backed	cefrj-1.5	very-common	source-backed-rank	ngsl-gr-1.0	938	cefrj-1.5,ngsl-gr-1.0,oewn-2025,vocabulary-foundations-001-2026-08		validated
master-bit-noun	bit	noun	A2	source-backed	cefrj-1.5	very-common	source-backed-rank	ngsl-gr-1.0	402	cefrj-1.5,ngsl-gr-1.0,oewn-2025		validated
master-blame-verb	blame	verb	A2	source-backed	cefrj-1.5	common	source-backed-rank	ngsl-gr-1.0	1677	cefrj-1.5,ngsl-gr-1.0,oewn-2025		validated
master-blood-noun	blood	noun	A2	source-backed	cefrj-1.5	very-common	source-backed-rank	ngsl-gr-1.0	1068	cefrj-1.5,ngsl-gr-1.0,oewn-2025		validated
master-blow-noun	blow	noun	A2	source-backed	cefrj-1.5	very-common	source-backed-rank	ngsl-gr-1.0	1413	cefrj-1.5,ngsl-gr-1.0,oewn-2025		validated
master-bonus-noun	bonus	noun	A2	source-backed	cefrj-1.5	common	source-backed-rank	ngsl-gr-1.0	3147	bsl-1.2,cefrj-1.5,nawl-1.2,ngsl-gr-1.0,oewn-2025		validated
v35	borrow	verb	A2	editorial-estimate		common	source-backed-rank	ngsl-gr-1.0	1930	cefrj-1.5,ngsl-gr-1.0,oewn-2025,vocabulary-core-2026-08		validated
master-boss-noun	boss	noun	A2	source-backed	cefrj-1.5	common	source-backed-rank	ngsl-gr-1.0	1904	cefrj-1.5,ngsl-gr-1.0,oewn-2025		validated
master-bother-verb	bother	verb	A2	source-backed	cefrj-1.5	common	source-backed-rank	ngsl-gr-1.0	1894	cefrj-1.5,ngsl-gr-1.0,oewn-2025		validated
master-branch-noun	branch	noun	A2	source-backed	cefrj-1.5	very-common	source-backed-rank	ngsl-gr-1.0	1457	cefrj-1.5,ngsl-gr-1.0,oewn-2025		validated
master-brand-noun	brand	noun	A2	source-backed	cefrj-1.5	common	source-backed-rank	ngsl-gr-1.0	1599	cefrj-1.5,ngsl-gr-1.0,oewn-2025		validated
master-brave-adjective	brave	adjective	A2	source-backed	cefrj-1.5	common	source-backed-rank	ngsl-gr-1.0	3466	bsl-1.2,cefrj-1.5,ngsl-gr-1.0,oewn-2025		validated
master-break-noun	break	noun	A2	source-backed	cefrj-1.5	very-common	source-backed-rank	ngsl-gr-1.0	418	cefrj-1.5,ngsl-gr-1.0,oewn-2025		validated
master-brilliant-adjective	brilliant	adjective	A2	source-backed	cefrj-1.5	common	source-backed-rank	ngsl-gr-1.0	2250	cefrj-1.5,ngsl-gr-1.0,oewn-2025		validated
master-brown-noun	brown	noun	A2	source-backed	cefrj-1.5	common	source-backed-rank	ngsl-gr-1.0	1963	cefrj-1.5,ngsl-gr-1.0,oewn-2025		validated
master-budget-noun	budget	noun	A2	source-backed	cefrj-1.5	very-common	source-backed-rank	ngsl-gr-1.0	1066	cefrj-1.5,ngsl-gr-1.0,oewn-2025		validated
master-bug-noun	bug	noun	A2	source-backed	cefrj-1.5	less-common	source-backed-rank	ngsl-gr-1.0	3987	bsl-1.2,cefrj-1.5,ngsl-gr-1.0,oewn-2025		validated
master-burn-noun	burn	noun	A2	source-backed	cefrj-1.5	very-common	source-backed-rank	ngsl-gr-1.0	1330	cefrj-1.5,ngsl-gr-1.0,oewn-2025		validated
master-bury-verb	bury	verb	A2	source-backed	cefrj-1.5	common	source-backed-rank	ngsl-gr-1.0	2456	cefrj-1.5,ngsl-gr-1.0,oewn-2025		validated
master-businessman-noun	businessman	noun	A2	source-backed	cefrj-1.5	common	source-backed-rank	ngsl-gr-1.0	3439	bsl-1.2,cefrj-1.5,ngsl-gr-1.0,oewn-2025		validated
master-calendar-noun	calendar	noun	A2	source-backed	cefrj-1.5	less-common	source-backed-rank	ngsl-gr-1.0	3703	bsl-1.2,cefrj-1.5,ngsl-gr-1.0,oewn-2025		validated
master-call-verb	call	verb	A2	source-backed	cefrj-1.5	very-common	source-backed-rank	ngsl-gr-1.0	155	cefrj-1.5,ngsl-gr-1.0,oewn-2025		validated
master-camp-verb	camp	verb	A2	source-backed	cefrj-1.5	very-common	source-backed-rank	ngsl-gr-1.0	1215	cefrj-1.5,ngsl-gr-1.0,oewn-2025		validated
master-campus-noun	campus	noun	A2	source-backed	cefrj-1.5	common	source-backed-rank	ngsl-gr-1.0	3059	bsl-1.2,cefrj-1.5,nawl-1.2,ngsl-gr-1.0,oewn-2025		validated
master-can-noun	can	noun	A2	source-backed	cefrj-1.5	very-common	source-backed-rank	ngsl-gr-1.0	88	cefrj-1.5,ngsl-gr-1.0,oewn-2025		validated
foundation-a2-cancel	cancel	verb	A2	editorial-estimate		common	source-backed-rank	ngsl-gr-1.0	2440	cefrj-1.5,ngsl-gr-1.0,oewn-2025,vocabulary-foundations-001-2026-08		validated
master-capital-noun	capital	noun	A2	source-backed	cefrj-1.5	very-common	source-backed-rank	ngsl-gr-1.0	839	cefrj-1.5,ngsl-gr-1.0,oewn-2025		validated
master-captain-noun	captain	noun	A2	source-backed	cefrj-1.5	common	source-backed-rank	ngsl-gr-1.0	3042	bsl-1.2,cefrj-1.5,ngsl-gr-1.0,oewn-2025		validated
master-cash-noun	cash	noun	A2	source-backed	cefrj-1.5	very-common	source-backed-rank	ngsl-gr-1.0	1389	cefrj-1.5,ngsl-gr-1.0,oewn-2025		validated
foundation-a2-catch	catch	verb	A2	editorial-estimate		very-common	source-backed-rank	ngsl-gr-1.0	733	cefrj-1.5,ngsl-gr-1.0,oewn-2025,vocabulary-foundations-001-2026-08		validated
v96	cause	noun	A2	editorial-estimate		very-common	source-backed-rank	ngsl-gr-1.0	369	cefrj-1.5,ngsl-gr-1.0,oewn-2025,vocabulary-core-2026-08		validated
master-cause-verb	cause	verb	A2	source-backed	cefrj-1.5	very-common	source-backed-rank	ngsl-gr-1.0	369	cefrj-1.5,ngsl-gr-1.0,oewn-2025		validated
master-cent-noun	cent	noun	A2	source-backed	cefrj-1.5	very-common	source-backed-rank	ngsl-gr-1.0	799	cefrj-1.5,ngsl-gr-1.0,oewn-2025		validated
master-century-noun	century	noun	A2	source-backed	cefrj-1.5	very-common	source-backed-rank	ngsl-gr-1.0	641	cefrj-1.5,ngsl-gr-1.0,oewn-2025		validated
master-certain-adjective	certain	adjective	A2	source-backed	cefrj-1.5	very-common	source-backed-rank	ngsl-gr-1.0	501	cefrj-1.5,ngsl-gr-1.0,oewn-2025		validated
master-certainly-adverb	certainly	adverb	A2	source-backed	cefrj-1.5	very-common	source-backed-rank	ngsl-gr-1.0	586	cefrj-1.5,ngsl-gr-1.0,oewn-2025		validated
master-chain-noun	chain	noun	A2	source-backed	cefrj-1.5	common	source-backed-rank	ngsl-gr-1.0	1568	cefrj-1.5,ngsl-gr-1.0,oewn-2025		validated
master-chairman-noun	chairman	noun	A2	source-backed	cefrj-1.5	common	source-backed-rank	ngsl-gr-1.0	1712	cefrj-1.5,ngsl-gr-1.0,oewn-2025		validated
v7	challenge	noun	A2	source-backed	cefrj-1.5	very-common	source-backed-rank	ngsl-gr-1.0	816	cefrj-1.5,ngsl-gr-1.0,oewn-2025,vocabulary-core-2026-08		validated
master-chance-noun	chance	noun	A2	source-backed	cefrj-1.5	very-common	source-backed-rank	ngsl-gr-1.0	610	cefrj-1.5,ngsl-gr-1.0,oewn-2025		validated
foundation-a2-change	change	verb	A2	editorial-estimate		very-common	source-backed-rank	ngsl-gr-1.0	163	cefrj-1.5,ngsl-gr-1.0,oewn-2025,vocabulary-foundations-001-2026-08		validated
master-chapter-noun	chapter	noun	A2	source-backed	cefrj-1.5	very-common	source-backed-rank	ngsl-gr-1.0	1325	cefrj-1.5,ngsl-gr-1.0,oewn-2025		validated
master-chart-noun	chart	noun	A2	source-backed	cefrj-1.5	common	source-backed-rank	ngsl-gr-1.0	1791	cefrj-1.5,ngsl-gr-1.0,oewn-2025		validated
master-chat-verb	chat	verb	A2	source-backed	cefrj-1.5	common	source-backed-rank	ngsl-gr-1.0	2584	cefrj-1.5,ngsl-gr-1.0,oewn-2025		validated
master-cheap-adjective	cheap	adjective	A2	source-backed	cefrj-1.5	very-common	source-backed-rank	ngsl-gr-1.0	1145	cefrj-1.5,ngsl-gr-1.0,oewn-2025		validated
master-check-verb	check	verb	A2	source-backed	cefrj-1.5	less-common	source-backed-rank	ngsl-gr-1.0	4076	bsl-1.2,cefrj-1.5,ngsl-gr-1.0,oewn-2025		validated
master-cheer-verb	cheer	verb	A2	source-backed	cefrj-1.5	common	source-backed-rank	ngsl-gr-1.0	3088	bsl-1.2,cefrj-1.5,nawl-1.2,ngsl-gr-1.0,oewn-2025		validated
master-chemical-adjective	chemical	adjective	A2	source-backed	cefrj-1.5	common	source-backed-rank	ngsl-gr-1.0	1707	cefrj-1.5,ngsl-gr-1.0,oewn-2025		validated
master-chess-noun	chess	noun	A2	source-backed	cefrj-1.5	less-common	source-backed-rank	ngsl-gr-1.0	4940	cefrj-1.5,nawl-1.2,ngsl-gr-1.0,oewn-2025		validated
master-chest-noun	chest	noun	A2	source-backed	cefrj-1.5	common	source-backed-rank	ngsl-gr-1.0	2518	cefrj-1.5,ngsl-gr-1.0,oewn-2025		validated
master-childhood-noun	childhood	noun	A2	source-backed	cefrj-1.5	common	source-backed-rank	ngsl-gr-1.0	1858	cefrj-1.5,ngsl-gr-1.0,oewn-2025		validated
foundation-a2-choose	choose	verb	A2	editorial-estimate		very-common	source-backed-rank	ngsl-gr-1.0	497	cefrj-1.5,ngsl-gr-1.0,oewn-2025,vocabulary-foundations-001-2026-08		validated
master-cigarette-noun	cigarette	noun	A2	source-backed	cefrj-1.5	common	source-backed-rank	ngsl-gr-1.0	2406	cefrj-1.5,ngsl-gr-1.0,oewn-2025		validated
master-citizen-noun	citizen	noun	A2	source-backed	cefrj-1.5	common	source-backed-rank	ngsl-gr-1.0	1501	cefrj-1.5,ngsl-gr-1.0,oewn-2025		validated
master-claim-verb	claim	verb	A2	source-backed	cefrj-1.5	very-common	source-backed-rank	ngsl-gr-1.0	551	cefrj-1.5,ngsl-gr-1.0,oewn-2025		validated
master-classic-adjective	classic	adjective	A2	source-backed	cefrj-1.5	common	source-backed-rank	ngsl-gr-1.0	1925	cefrj-1.5,ngsl-gr-1.0,oewn-2025		validated
master-cleaner-noun	cleaner	noun	A2	source-backed	cefrj-1.5	less-common	source-backed-rank	ngsl-gr-1.0	4805	bsl-1.2,cefrj-1.5,ngsl-gr-1.0,oewn-2025		validated
master-clear-adjective	clear	adjective	A2	source-backed	cefrj-1.5	very-common	source-backed-rank	ngsl-gr-1.0	419	cefrj-1.5,ngsl-gr-1.0,oewn-2025		validated
master-clearly-adverb	clearly	adverb	A2	source-backed	cefrj-1.5	very-common	source-backed-rank	ngsl-gr-1.0	778	cefrj-1.5,ngsl-gr-1.0,oewn-2025		validated
master-click-verb	click	verb	A2	source-backed	cefrj-1.5	common	source-backed-rank	ngsl-gr-1.0	2564	cefrj-1.5,ngsl-gr-1.0,oewn-2025		validated
master-climb-verb	climb	verb	A2	source-backed	cefrj-1.5	very-common	source-backed-rank	ngsl-gr-1.0	1484	cefrj-1.5,ngsl-gr-1.0,oewn-2025		validated
master-clue-noun	clue	noun	A2	source-backed	cefrj-1.5	common	source-backed-rank	ngsl-gr-1.0	3061	bsl-1.2,cefrj-1.5,nawl-1.2,ngsl-gr-1.0,oewn-2025		validated
master-coast-noun	coast	noun	A2	source-backed	cefrj-1.5	common	source-backed-rank	ngsl-gr-1.0	1778	cefrj-1.5,ngsl-gr-1.0,oewn-2025		validated
foundation-a2-colleague	colleague	noun	A2	editorial-estimate		very-common	source-backed-rank	ngsl-gr-1.0	1301	cefrj-1.5,ngsl-gr-1.0,oewn-2025,vocabulary-foundations-001-2026-08		validated
master-column-noun	column	noun	A2	source-backed	cefrj-1.5	common	source-backed-rank	ngsl-gr-1.0	1771	cefrj-1.5,ngsl-gr-1.0,oewn-2025		validated
foundation-a2-comfortable	comfortable	adjective	A2	source-backed	cefrj-1.5	very-common	source-backed-rank	ngsl-gr-1.0	1434	cefrj-1.5,ngsl-gr-1.0,oewn-2025,vocabulary-foundations-001-2026-08		validated
master-committee-noun	committee	noun	A2	source-backed	cefrj-1.5	very-common	source-backed-rank	ngsl-gr-1.0	1088	cefrj-1.5,ngsl-gr-1.0,oewn-2025		validated
master-common-adjective	common	adjective	A2	source-backed	cefrj-1.5	very-common	source-backed-rank	ngsl-gr-1.0	617	cefrj-1.5,ngsl-gr-1.0,oewn-2025		validated
v38	communicate	verb	A2	source-backed	cefrj-1.5	common	source-backed-rank	ngsl-gr-1.0	1850	cefrj-1.5,ngsl-gr-1.0,oewn-2025,vocabulary-core-2026-08		validated
master-communication-noun	communication	noun	A2	source-backed	cefrj-1.5	very-common	source-backed-rank	ngsl-gr-1.0	1041	cefrj-1.5,ngsl-gr-1.0,oewn-2025		validated
master-company-noun	company	noun	A2	source-backed	cefrj-1.5	very-common	source-backed-rank	ngsl-gr-1.0	157	cefrj-1.5,ngsl-gr-1.0,oewn-2025		validated
master-comparative-noun	comparative	noun	A2	source-backed	cefrj-1.5	less-common	source-backed-rank	ngsl-gr-1.0	4073	bsl-1.2,cefrj-1.5,nawl-1.2,ngsl-gr-1.0,oewn-2025		validated
master-competition-noun	competition	noun	A2	source-backed	cefrj-1.5	very-common	source-backed-rank	ngsl-gr-1.0	925	cefrj-1.5,ngsl-gr-1.0,oewn-2025		validated
master-complain-verb	complain	verb	A2	source-backed	cefrj-1.5	common	source-backed-rank	ngsl-gr-1.0	1545	cefrj-1.5,ngsl-gr-1.0,oewn-2025		validated
master-complaint-noun	complaint	noun	A2	source-backed	cefrj-1.5	common	source-backed-rank	ngsl-gr-1.0	1739	cefrj-1.5,ngsl-gr-1.0,oewn-2025		validated
master-complete-adjective	complete	adjective	A2	source-backed	cefrj-1.5	very-common	source-backed-rank	ngsl-gr-1.0	631	cefrj-1.5,ngsl-gr-1.0,oewn-2025		validated
master-composer-noun	composer	noun	A2	source-backed	cefrj-1.5	common	source-backed-rank	ngsl-gr-1.0	3202	cefrj-1.5,nawl-1.2,ngsl-gr-1.0,oewn-2025		validated
master-concentrate-verb	concentrate	verb	A2	source-backed	cefrj-1.5	common	source-backed-rank	ngsl-gr-1.0	1591	cefrj-1.5,ngsl-gr-1.0,oewn-2025		validated
master-condition-noun	condition	noun	A2	source-backed	cefrj-1.5	very-common	source-backed-rank	ngsl-gr-1.0	495	cefrj-1.5,ngsl-gr-1.0,oewn-2025		validated
v39	confident	adjective	A2	source-backed	cefrj-1.5	common	source-backed-rank	ngsl-gr-1.0	2268	cefrj-1.5,ngsl-gr-1.0,oewn-2025,vocabulary-core-2026-08		validated
master-confuse-verb	confuse	verb	A2	source-backed	cefrj-1.5	common	source-backed-rank	ngsl-gr-1.0	1969	cefrj-1.5,ngsl-gr-1.0,oewn-2025		validated
master-consider-verb	consider	verb	A2	source-backed	cefrj-1.5	very-common	source-backed-rank	ngsl-gr-1.0	345	cefrj-1.5,ngsl-gr-1.0,oewn-2025		validated
master-consist-verb	consist	verb	A2	source-backed	cefrj-1.5	common	source-backed-rank	ngsl-gr-1.0	1597	cefrj-1.5,ngsl-gr-1.0,oewn-2025		validated
master-contact-noun	contact	noun	A2	source-backed	cefrj-1.5	very-common	source-backed-rank	ngsl-gr-1.0	650	cefrj-1.5,ngsl-gr-1.0,oewn-2025		validated
master-contact-verb	contact	verb	A2	source-backed	cefrj-1.5	very-common	source-backed-rank	ngsl-gr-1.0	650	cefrj-1.5,ngsl-gr-1.0,oewn-2025		validated
master-container-noun	container	noun	A2	source-backed	cefrj-1.5	less-common	source-backed-rank	ngsl-gr-1.0	3916	bsl-1.2,cefrj-1.5,nawl-1.2,ngsl-gr-1.0,oewn-2025		validated
master-continent-noun	continent	noun	A2	source-backed	cefrj-1.5	common	source-backed-rank	ngsl-gr-1.0	3303	bsl-1.2,cefrj-1.5,nawl-1.2,ngsl-gr-1.0,oewn-2025		validated
foundation-a2-continue	continue	verb	A2	source-backed	cefrj-1.5	very-common	source-backed-rank	ngsl-gr-1.0	358	cefrj-1.5,ngsl-gr-1.0,oewn-2025,vocabulary-foundations-001-2026-08		validated
master-contrast-noun	contrast	noun	A2	source-backed	cefrj-1.5	very-common	source-backed-rank	ngsl-gr-1.0	1229	cefrj-1.5,ngsl-gr-1.0,oewn-2025		validated
master-control-noun	control	noun	A2	source-backed	cefrj-1.5	very-common	source-backed-rank	ngsl-gr-1.0	351	cefrj-1.5,ngsl-gr-1.0,oewn-2025		validated
master-convenience-noun	convenience	noun	A2	source-backed	cefrj-1.5	less-common	source-backed-rank	ngsl-gr-1.0	3849	bsl-1.2,cefrj-1.5,ngsl-gr-1.0,oewn-2025		validated
master-convenient-adjective	convenient	adjective	A2	source-backed	cefrj-1.5	common	source-backed-rank	ngsl-gr-1.0	2909	bsl-1.2,cefrj-1.5,ngsl-gr-1.0,oewn-2025		validated
master-copy-verb	copy	verb	A2	source-backed	cefrj-1.5	very-common	source-backed-rank	ngsl-gr-1.0	1087	cefrj-1.5,ngsl-gr-1.0,oewn-2025		validated
master-correctly-adverb	correctly	adverb	A2	source-backed	cefrj-1.5	common	source-backed-rank	ngsl-gr-1.0	3025	bsl-1.2,cefrj-1.5,nawl-1.2,ngsl-gr-1.0,oewn-2025		validated
foundation-a2-cost	cost	noun	A2	source-backed	cefrj-1.5	very-common	source-backed-rank	ngsl-gr-1.0	302	cefrj-1.5,ngsl-gr-1.0,oewn-2025,vocabulary-foundations-001-2026-08		validated
master-cost-verb	cost	verb	A2	source-backed	cefrj-1.5	very-common	source-backed-rank	ngsl-gr-1.0	302	cefrj-1.5,ngsl-gr-1.0,oewn-2025		validated
master-count-verb	count	verb	A2	source-backed	cefrj-1.5	very-common	source-backed-rank	ngsl-gr-1.0	1072	cefrj-1.5,ngsl-gr-1.0,oewn-2025		validated
master-country-noun	country	noun	A2	source-backed	cefrj-1.5	very-common	source-backed-rank	ngsl-gr-1.0	193	cefrj-1.5,ngsl-gr-1.0,oewn-2025		validated
master-countryside-noun	countryside	noun	A2	source-backed	cefrj-1.5	common	source-backed-rank	ngsl-gr-1.0	2875	bsl-1.2,cefrj-1.5,ngsl-gr-1.0,oewn-2025		validated
master-couple-noun	couple	noun	A2	source-backed	cefrj-1.5	very-common	source-backed-rank	ngsl-gr-1.0	564	cefrj-1.5,ngsl-gr-1.0,oewn-2025		validated
master-court-noun	court	noun	A2	source-backed	cefrj-1.5	very-common	source-backed-rank	ngsl-gr-1.0	665	cefrj-1.5,ngsl-gr-1.0,oewn-2025		validated
master-cover-verb	cover	verb	A2	source-backed	cefrj-1.5	very-common	source-backed-rank	ngsl-gr-1.0	474	cefrj-1.5,ngsl-gr-1.0,oewn-2025		validated
master-crazy-adjective	crazy	adjective	A2	source-backed	cefrj-1.5	common	source-backed-rank	ngsl-gr-1.0	2326	cefrj-1.5,ngsl-gr-1.0,oewn-2025		validated
master-create-verb	create	verb	A2	source-backed	cefrj-1.5	very-common	source-backed-rank	ngsl-gr-1.0	436	cefrj-1.5,ngsl-gr-1.0,oewn-2025		validated
master-creative-adjective	creative	adjective	A2	source-backed	cefrj-1.5	common	source-backed-rank	ngsl-gr-1.0	2259	cefrj-1.5,ngsl-gr-1.0,oewn-2025		validated
master-creativity-noun	creativity	noun	A2	source-backed	cefrj-1.5	less-common	source-backed-rank	ngsl-gr-1.0	4414	bsl-1.2,cefrj-1.5,ngsl-gr-1.0,oewn-2025		validated
master-creature-noun	creature	noun	A2	source-backed	cefrj-1.5	common	source-backed-rank	ngsl-gr-1.0	2576	cefrj-1.5,ngsl-gr-1.0,oewn-2025		validated
master-credit-noun	credit	noun	A2	source-backed	cefrj-1.5	very-common	source-backed-rank	ngsl-gr-1.0	994	cefrj-1.5,ngsl-gr-1.0,oewn-2025		validated
master-crime-noun	crime	noun	A2	source-backed	cefrj-1.5	very-common	source-backed-rank	ngsl-gr-1.0	1178	cefrj-1.5,ngsl-gr-1.0,oewn-2025		validated
master-cross-noun	cross	noun	A2	source-backed	cefrj-1.5	very-common	source-backed-rank	ngsl-gr-1.0	1025	cefrj-1.5,ngsl-gr-1.0,oewn-2025		validated
master-cross-verb	cross	verb	A2	source-backed	cefrj-1.5	very-common	source-backed-rank	ngsl-gr-1.0	1025	cefrj-1.5,ngsl-gr-1.0,oewn-2025		validated
master-crowd-noun	crowd	noun	A2	source-backed	cefrj-1.5	very-common	source-backed-rank	ngsl-gr-1.0	1237	cefrj-1.5,ngsl-gr-1.0,oewn-2025		validated
foundation-a2-crowded	crowded	adjective	A2	source-backed	cefrj-1.5	common	editorial-band			cefrj-1.5,oewn-2025,vocabulary-foundations-001-2026-08		validated
master-cruise-noun	cruise	noun	A2	source-backed	cefrj-1.5	common	source-backed-rank	ngsl-gr-1.0	3447	bsl-1.2,cefrj-1.5,ngsl-gr-1.0,oewn-2025		validated
master-cry-verb	cry	verb	A2	source-backed	cefrj-1.5	very-common	source-backed-rank	ngsl-gr-1.0	1252	cefrj-1.5,ngsl-gr-1.0,oewn-2025		validated
master-custom-noun	custom	noun	A2	source-backed	cefrj-1.5	common	source-backed-rank	ngsl-gr-1.0	2421	cefrj-1.5,ngsl-gr-1.0,oewn-2025		validated
a2-customer	customer	noun	A2	source-backed	cefrj-1.5	very-common	source-backed-rank	ngsl-gr-1.0	537	cefrj-1.5,ngsl-gr-1.0,oewn-2025,vocabulary-core-2026-08		validated
master-daily-adjective	daily	adjective	A2	source-backed	cefrj-1.5	very-common	source-backed-rank	ngsl-gr-1.0	1005	cefrj-1.5,ngsl-gr-1.0,oewn-2025		validated
master-daily-adverb	daily	adverb	A2	source-backed	cefrj-1.5	very-common	source-backed-rank	ngsl-gr-1.0	1005	cefrj-1.5,ngsl-gr-1.0,oewn-2025		validated
master-danger-noun	danger	noun	A2	source-backed	cefrj-1.5	very-common	source-backed-rank	ngsl-gr-1.0	1466	cefrj-1.5,ngsl-gr-1.0,oewn-2025		validated
foundation-a2-dangerous	dangerous	adjective	A2	source-backed	cefrj-1.5	very-common	source-backed-rank	ngsl-gr-1.0	1469	cefrj-1.5,ngsl-gr-1.0,oewn-2025,vocabulary-foundations-001-2026-08		validated
master-dead-adjective	dead	adjective	A2	source-backed	cefrj-1.5	very-common	source-backed-rank	ngsl-gr-1.0	997	cefrj-1.5,ngsl-gr-1.0,oewn-2025		validated
master-deal-noun	deal	noun	A2	source-backed	cefrj-1.5	very-common	source-backed-rank	ngsl-gr-1.0	371	cefrj-1.5,ngsl-gr-1.0,oewn-2025		validated
master-death-noun	death	noun	A2	source-backed	cefrj-1.5	very-common	source-backed-rank	ngsl-gr-1.0	555	cefrj-1.5,ngsl-gr-1.0,oewn-2025		validated
master-debate-noun	debate	noun	A2	source-backed	cefrj-1.5	very-common	source-backed-rank	ngsl-gr-1.0	988	cefrj-1.5,ngsl-gr-1.0,oewn-2025		validated
v97	decrease	verb	A2	editorial-estimate		very-common	source-backed-rank	ngsl-gr-1.0	1470	cefrj-1.5,ngsl-gr-1.0,oewn-2025,vocabulary-core-2026-08		validated
master-deep-adverb	deep	adverb	A2	source-backed	cefrj-1.5	very-common	source-backed-rank	ngsl-gr-1.0	890	cefrj-1.5,ngsl-gr-1.0,oewn-2025		validated
master-deeply-adverb	deeply	adverb	A2	source-backed	cefrj-1.5	common	source-backed-rank	ngsl-gr-1.0	2062	cefrj-1.5,ngsl-gr-1.0,oewn-2025		validated
master-degree-noun	degree	noun	A2	source-backed	cefrj-1.5	very-common	source-backed-rank	ngsl-gr-1.0	848	cefrj-1.5,ngsl-gr-1.0,oewn-2025		validated
master-delay-noun	delay	noun	A2	source-backed	cefrj-1.5	very-common	source-backed-rank	ngsl-gr-1.0	1360	cefrj-1.5,ngsl-gr-1.0,oewn-2025		validated
master-depend-verb	depend	verb	A2	source-backed	cefrj-1.5	very-common	source-backed-rank	ngsl-gr-1.0	781	cefrj-1.5,ngsl-gr-1.0,oewn-2025		validated
master-description-noun	description	noun	A2	source-backed	cefrj-1.5	common	source-backed-rank	ngsl-gr-1.0	1542	cefrj-1.5,ngsl-gr-1.0,oewn-2025		validated
master-desert-noun	desert	noun	A2	source-backed	cefrj-1.5	common	source-backed-rank	ngsl-gr-1.0	2337	cefrj-1.5,ngsl-gr-1.0,oewn-2025		validated
master-destroy-verb	destroy	verb	A2	source-backed	cefrj-1.5	very-common	source-backed-rank	ngsl-gr-1.0	1497	cefrj-1.5,ngsl-gr-1.0,oewn-2025		validated
master-detail-noun	detail	noun	A2	source-backed	cefrj-1.5	very-common	source-backed-rank	ngsl-gr-1.0	522	cefrj-1.5,ngsl-gr-1.0,oewn-2025		validated
v12	develop	verb	A2	source-backed	cefrj-1.5	very-common	source-backed-rank	ngsl-gr-1.0	400	cefrj-1.5,ngsl-gr-1.0,oewn-2025,vocabulary-core-2026-08		validated
master-diamond-noun	diamond	noun	A2	source-backed	cefrj-1.5	less-common	source-backed-rank	ngsl-gr-1.0	3826	bsl-1.2,cefrj-1.5,ngsl-gr-1.0,oewn-2025		validated
master-diary-noun	diary	noun	A2	source-backed	cefrj-1.5	common	source-backed-rank	ngsl-gr-1.0	2892	bsl-1.2,cefrj-1.5,nawl-1.2,ngsl-gr-1.0,oewn-2025		validated
master-die-verb	die	verb	A2	source-backed	cefrj-1.5	very-common	source-backed-rank	ngsl-gr-1.0	504	cefrj-1.5,ngsl-gr-1.0,oewn-2025		validated
master-diet-noun	diet	noun	A2	source-backed	cefrj-1.5	common	source-backed-rank	ngsl-gr-1.0	1897	cefrj-1.5,ngsl-gr-1.0,oewn-2025		validated
master-difficulty-noun	difficulty	noun	A2	source-backed	cefrj-1.5	very-common	source-backed-rank	ngsl-gr-1.0	1051	cefrj-1.5,ngsl-gr-1.0,oewn-2025		validated
master-direct-adjective	direct	adjective	A2	source-backed	cefrj-1.5	very-common	source-backed-rank	ngsl-gr-1.0	774	cefrj-1.5,ngsl-gr-1.0,oewn-2025		validated
master-direction-noun	direction	noun	A2	source-backed	cefrj-1.5	very-common	source-backed-rank	ngsl-gr-1.0	1002	cefrj-1.5,ngsl-gr-1.0,oewn-2025		validated
master-director-noun	director	noun	A2	source-backed	cefrj-1.5	very-common	source-backed-rank	ngsl-gr-1.0	777	cefrj-1.5,ngsl-gr-1.0,oewn-2025		validated
master-disadvantage-noun	disadvantage	noun	A2	source-backed	cefrj-1.5	common	source-backed-rank	ngsl-gr-1.0	2879	bsl-1.2,cefrj-1.5,nawl-1.2,ngsl-gr-1.0,oewn-2025		validated
master-disagree-verb	disagree	verb	A2	source-backed	cefrj-1.5	common	source-backed-rank	ngsl-gr-1.0	2553	cefrj-1.5,ngsl-gr-1.0,oewn-2025		validated
master-disappear-verb	disappear	verb	A2	source-backed	cefrj-1.5	common	source-backed-rank	ngsl-gr-1.0	1715	cefrj-1.5,ngsl-gr-1.0,oewn-2025		validated
master-discover-verb	discover	verb	A2	source-backed	cefrj-1.5	very-common	source-backed-rank	ngsl-gr-1.0	996	cefrj-1.5,ngsl-gr-1.0,oewn-2025		validated
master-discussion-noun	discussion	noun	A2	source-backed	cefrj-1.5	very-common	source-backed-rank	ngsl-gr-1.0	814	cefrj-1.5,ngsl-gr-1.0,oewn-2025		validated
master-dislike-noun	dislike	noun	A2	source-backed	cefrj-1.5	less-common	source-backed-rank	ngsl-gr-1.0	3670	bsl-1.2,cefrj-1.5,ngsl-gr-1.0,oewn-2025		validated
master-display-noun	display	noun	A2	source-backed	cefrj-1.5	very-common	source-backed-rank	ngsl-gr-1.0	1159	cefrj-1.5,ngsl-gr-1.0,oewn-2025		validated
master-disturb-verb	disturb	verb	A2	source-backed	cefrj-1.5	common	source-backed-rank	ngsl-gr-1.0	2322	cefrj-1.5,ngsl-gr-1.0,oewn-2025		validated
master-divide-verb	divide	verb	A2	source-backed	cefrj-1.5	very-common	source-backed-rank	ngsl-gr-1.0	1366	cefrj-1.5,ngsl-gr-1.0,oewn-2025		validated
master-double-adjective	double	adjective	A2	source-backed	cefrj-1.5	very-common	source-backed-rank	ngsl-gr-1.0	1146	cefrj-1.5,ngsl-gr-1.0,oewn-2025		validated
master-doubt-noun	doubt	noun	A2	source-backed	cefrj-1.5	very-common	source-backed-rank	ngsl-gr-1.0	924	cefrj-1.5,ngsl-gr-1.0,oewn-2025		validated
master-down-preposition	down	preposition	A2	source-backed	cefrj-1.5	very-common	source-backed-rank	ngsl-gr-1.0	159	cefrj-1.5,ngsl-gr-1.0		validated
master-download-verb	download	verb	A2	source-backed	cefrj-1.5	less-common	source-backed-rank	ngsl-gr-1.0	4487	bsl-1.2,cefrj-1.5,ngsl-gr-1.0,oewn-2025		validated
master-draw-noun	draw	noun	A2	source-backed	cefrj-1.5	very-common	source-backed-rank	ngsl-gr-1.0	531	cefrj-1.5,ngsl-gr-1.0,oewn-2025		validated
master-dream-verb	dream	verb	A2	source-backed	cefrj-1.5	very-common	source-backed-rank	ngsl-gr-1.0	1016	cefrj-1.5,ngsl-gr-1.0,oewn-2025		validated
master-dress-verb	dress	verb	A2	source-backed	cefrj-1.5	very-common	source-backed-rank	ngsl-gr-1.0	949	cefrj-1.5,ngsl-gr-1.0,oewn-2025		validated
master-drill-noun	drill	noun	A2	source-backed	cefrj-1.5	common	source-backed-rank	ngsl-gr-1.0	3072	bsl-1.2,cefrj-1.5,ngsl-gr-1.0,oewn-2025		validated
master-drive-verb	drive	verb	A2	source-backed	cefrj-1.5	very-common	source-backed-rank	ngsl-gr-1.0	437	cefrj-1.5,ngsl-gr-1.0,oewn-2025		validated
master-drop-noun	drop	noun	A2	source-backed	cefrj-1.5	very-common	source-backed-rank	ngsl-gr-1.0	690	cefrj-1.5,ngsl-gr-1.0,oewn-2025		validated
master-drug-noun	drug	noun	A2	source-backed	cefrj-1.5	very-common	source-backed-rank	ngsl-gr-1.0	771	cefrj-1.5,ngsl-gr-1.0,oewn-2025		validated
master-dry-verb	dry	verb	A2	source-backed	cefrj-1.5	very-common	source-backed-rank	ngsl-gr-1.0	1185	cefrj-1.5,ngsl-gr-1.0,oewn-2025		validated
master-during-preposition	during	preposition	A2	source-backed	cefrj-1.5	very-common	source-backed-rank	ngsl-gr-1.0	232	cefrj-1.5,ngsl-gr-1.0		validated
master-dust-noun	dust	noun	A2	source-backed	cefrj-1.5	common	source-backed-rank	ngsl-gr-1.0	2498	cefrj-1.5,ngsl-gr-1.0,oewn-2025		validated
master-early-adjective	early	adjective	A2	source-backed	cefrj-1.5	very-common	source-backed-rank	ngsl-gr-1.0	247	cefrj-1.5,ngsl-gr-1.0,oewn-2025		validated
master-earn-verb	earn	verb	A2	source-backed	cefrj-1.5	very-common	source-backed-rank	ngsl-gr-1.0	976	cefrj-1.5,ngsl-gr-1.0,oewn-2025		validated
master-earth-noun	earth	noun	A2	source-backed	cefrj-1.5	very-common	source-backed-rank	ngsl-gr-1.0	1338	cefrj-1.5,ngsl-gr-1.0,oewn-2025		validated
master-earthquake-noun	earthquake	noun	A2	source-backed	cefrj-1.5	less-common	source-backed-rank	ngsl-gr-1.0	4261	bsl-1.2,cefrj-1.5,ngsl-gr-1.0,oewn-2025		validated
master-easily-adverb	easily	adverb	A2	source-backed	cefrj-1.5	very-common	source-backed-rank	ngsl-gr-1.0	1019	cefrj-1.5,ngsl-gr-1.0,oewn-2025		validated
master-east-adjective	east	adjective	A2	source-backed	cefrj-1.5	common	source-backed-rank	ngsl-gr-1.0	1799	cefrj-1.5,ngsl-gr-1.0,oewn-2025		validated
master-east-adverb	east	adverb	A2	source-backed	cefrj-1.5	common	source-backed-rank	ngsl-gr-1.0	1799	cefrj-1.5,ngsl-gr-1.0,oewn-2025		validated
master-east-noun	east	noun	A2	source-backed	cefrj-1.5	common	source-backed-rank	ngsl-gr-1.0	1799	cefrj-1.5,ngsl-gr-1.0,oewn-2025		validated
master-editor-noun	editor	noun	A2	source-backed	cefrj-1.5	very-common	source-backed-rank	ngsl-gr-1.0	1473	cefrj-1.5,ngsl-gr-1.0,oewn-2025		validated
master-education-noun	education	noun	A2	source-backed	cefrj-1.5	very-common	source-backed-rank	ngsl-gr-1.0	581	cefrj-1.5,ngsl-gr-1.0,oewn-2025		validated
master-educational-adjective	educational	adjective	A2	source-backed	cefrj-1.5	common	source-backed-rank	ngsl-gr-1.0	1942	cefrj-1.5,ngsl-gr-1.0,oewn-2025		validated
master-effect-noun	effect	noun	A2	source-backed	cefrj-1.5	very-common	source-backed-rank	ngsl-gr-1.0	365	cefrj-1.5,ngsl-gr-1.0,oewn-2025		validated
master-effort-noun	effort	noun	A2	source-backed	cefrj-1.5	very-common	source-backed-rank	ngsl-gr-1.0	627	cefrj-1.5,ngsl-gr-1.0,oewn-2025		validated
master-either-conjunction	either	conjunction	A2	source-backed	cefrj-1.5	very-common	source-backed-rank	ngsl-gr-1.0	421	cefrj-1.5,ngsl-gr-1.0		validated
master-elderly-adjective	elderly	adjective	A2	source-backed	cefrj-1.5	common	source-backed-rank	ngsl-gr-1.0	2102	cefrj-1.5,ngsl-gr-1.0,oewn-2025		validated
master-electric-adjective	electric	adjective	A2	source-backed	cefrj-1.5	common	source-backed-rank	ngsl-gr-1.0	2470	cefrj-1.5,ngsl-gr-1.0,oewn-2025		validated
master-elsewhere-adverb	elsewhere	adverb	A2	source-backed	cefrj-1.5	common	source-backed-rank	ngsl-gr-1.0	1893	cefrj-1.5,ngsl-gr-1.0,oewn-2025		validated
master-email-verb	email	verb	A2	source-backed	cefrj-1.5	very-common	source-backed-rank	ngsl-gr-1.0	1219	cefrj-1.5,ngsl-gr-1.0,oewn-2025		validated
master-emergency-noun	emergency	noun	A2	source-backed	cefrj-1.5	common	source-backed-rank	ngsl-gr-1.0	1941	cefrj-1.5,ngsl-gr-1.0,oewn-2025		validated
master-empty-adjective	empty	adjective	A2	source-backed	cefrj-1.5	common	source-backed-rank	ngsl-gr-1.0	1642	cefrj-1.5,ngsl-gr-1.0,oewn-2025		validated
master-end-verb	end	verb	A2	source-backed	cefrj-1.5	very-common	source-backed-rank	ngsl-gr-1.0	202	cefrj-1.5,ngsl-gr-1.0,oewn-2025		validated
master-enormous-adjective	enormous	adjective	A2	source-backed	cefrj-1.5	common	source-backed-rank	ngsl-gr-1.0	1830	cefrj-1.5,ngsl-gr-1.0,oewn-2025		validated
master-enough-adverb	enough	adverb	A2	source-backed	cefrj-1.5	very-common	source-backed-rank	ngsl-gr-1.0	317	cefrj-1.5,ngsl-gr-1.0,oewn-2025		validated
master-enough-determiner	enough	determiner	A2	source-backed	cefrj-1.5	very-common	source-backed-rank	ngsl-gr-1.0	317	cefrj-1.5,ngsl-gr-1.0		validated
master-enough-pronoun	enough	pronoun	A2	source-backed	cefrj-1.5	very-common	source-backed-rank	ngsl-gr-1.0	317	cefrj-1.5,ngsl-gr-1.0		validated
master-enter-verb	enter	verb	A2	source-backed	cefrj-1.5	very-common	source-backed-rank	ngsl-gr-1.0	767	cefrj-1.5,ngsl-gr-1.0,oewn-2025		validated
master-entertainment-noun	entertainment	noun	A2	source-backed	cefrj-1.5	common	source-backed-rank	ngsl-gr-1.0	2084	cefrj-1.5,ngsl-gr-1.0,oewn-2025		validated
master-entrance-noun	entrance	noun	A2	source-backed	cefrj-1.5	common	source-backed-rank	ngsl-gr-1.0	2275	cefrj-1.5,ngsl-gr-1.0,oewn-2025		validated
a2-environment	environment	noun	A2	editorial-estimate		very-common	source-backed-rank	ngsl-gr-1.0	762	cefrj-1.5,ngsl-gr-1.0,oewn-2025,vocabulary-core-2026-08		validated
master-episode-noun	episode	noun	A2	source-backed	cefrj-1.5	common	source-backed-rank	ngsl-gr-1.0	2117	cefrj-1.5,ngsl-gr-1.0,oewn-2025		validated
master-error-noun	error	noun	A2	source-backed	cefrj-1.5	common	source-backed-rank	ngsl-gr-1.0	1547	cefrj-1.5,ngsl-gr-1.0,oewn-2025		validated
master-escape-noun	escape	noun	A2	source-backed	cefrj-1.5	common	source-backed-rank	ngsl-gr-1.0	1532	cefrj-1.5,ngsl-gr-1.0,oewn-2025		validated
master-especially-adverb	especially	adverb	A2	source-backed	cefrj-1.5	very-common	source-backed-rank	ngsl-gr-1.0	510	cefrj-1.5,ngsl-gr-1.0,oewn-2025		validated
master-essay-noun	essay	noun	A2	source-backed	cefrj-1.5	common	source-backed-rank	ngsl-gr-1.0	2211	cefrj-1.5,ngsl-gr-1.0,oewn-2025		validated
master-euro-noun	euro	noun	A2	source-backed	cefrj-1.5	less-common	source-backed-rank	ngsl-gr-1.0	4666	bsl-1.2,cefrj-1.5,ngsl-gr-1.0,oewn-2025		validated
master-even-adverb	even	adverb	A2	source-backed	cefrj-1.5	very-common	source-backed-rank	ngsl-gr-1.0	146	cefrj-1.5,ngsl-gr-1.0,oewn-2025		validated
master-ever-adverb	ever	adverb	A2	source-backed	cefrj-1.5	very-common	source-backed-rank	ngsl-gr-1.0	367	cefrj-1.5,ngsl-gr-1.0,oewn-2025		validated
master-exactly-adverb	exactly	adverb	A2	source-backed	cefrj-1.5	very-common	source-backed-rank	ngsl-gr-1.0	720	cefrj-1.5,ngsl-gr-1.0,oewn-2025		validated
master-exam-noun	exam	noun	A2	source-backed	cefrj-1.5	common	source-backed-rank	ngsl-gr-1.0	2294	cefrj-1.5,ngsl-gr-1.0,oewn-2025		validated
master-except-conjunction	except	conjunction	A2	source-backed	cefrj-1.5	very-common	source-backed-rank	ngsl-gr-1.0	891	cefrj-1.5,ngsl-gr-1.0		validated
master-except-preposition	except	preposition	A2	source-backed	cefrj-1.5	very-common	source-backed-rank	ngsl-gr-1.0	891	cefrj-1.5,ngsl-gr-1.0		validated
master-exchange-noun	exchange	noun	A2	source-backed	cefrj-1.5	very-common	source-backed-rank	ngsl-gr-1.0	1065	cefrj-1.5,ngsl-gr-1.0,oewn-2025		validated
master-exercise-noun	exercise	noun	A2	source-backed	cefrj-1.5	very-common	source-backed-rank	ngsl-gr-1.0	967	cefrj-1.5,ngsl-gr-1.0,oewn-2025		validated
master-exhibition-noun	exhibition	noun	A2	source-backed	cefrj-1.5	common	source-backed-rank	ngsl-gr-1.0	1853	cefrj-1.5,ngsl-gr-1.0,oewn-2025		validated
master-exist-verb	exist	verb	A2	source-backed	cefrj-1.5	very-common	source-backed-rank	ngsl-gr-1.0	643	cefrj-1.5,ngsl-gr-1.0,oewn-2025		validated
master-expect-verb	expect	verb	A2	source-backed	cefrj-1.5	very-common	source-backed-rank	ngsl-gr-1.0	364	cefrj-1.5,ngsl-gr-1.0,oewn-2025		validated
a2-experience	experience	noun	A2	source-backed	cefrj-1.5	very-common	source-backed-rank	ngsl-gr-1.0	314	cefrj-1.5,ngsl-gr-1.0,oewn-2025,vocabulary-core-2026-08		validated
master-expert-noun	expert	noun	A2	source-backed	cefrj-1.5	very-common	source-backed-rank	ngsl-gr-1.0	1207	cefrj-1.5,ngsl-gr-1.0,oewn-2025		validated
master-explanation-noun	explanation	noun	A2	source-backed	cefrj-1.5	common	source-backed-rank	ngsl-gr-1.0	1678	cefrj-1.5,ngsl-gr-1.0,oewn-2025		validated
master-explore-verb	explore	verb	A2	source-backed	cefrj-1.5	common	source-backed-rank	ngsl-gr-1.0	1555	cefrj-1.5,ngsl-gr-1.0,oewn-2025		validated
master-express-noun	express	noun	A2	source-backed	cefrj-1.5	very-common	source-backed-rank	ngsl-gr-1.0	868	cefrj-1.5,ngsl-gr-1.0,oewn-2025		validated
master-expression-noun	expression	noun	A2	source-backed	cefrj-1.5	very-common	source-backed-rank	ngsl-gr-1.0	1305	cefrj-1.5,ngsl-gr-1.0,oewn-2025		validated
master-extra-adjective	extra	adjective	A2	source-backed	cefrj-1.5	very-common	source-backed-rank	ngsl-gr-1.0	1108	cefrj-1.5,ngsl-gr-1.0,oewn-2025		validated
master-extra-adverb	extra	adverb	A2	source-backed	cefrj-1.5	very-common	source-backed-rank	ngsl-gr-1.0	1108	cefrj-1.5,ngsl-gr-1.0,oewn-2025		validated
master-extremely-adverb	extremely	adverb	A2	source-backed	cefrj-1.5	very-common	source-backed-rank	ngsl-gr-1.0	1307	cefrj-1.5,ngsl-gr-1.0,oewn-2025		validated
master-face-verb	face	verb	A2	source-backed	cefrj-1.5	very-common	source-backed-rank	ngsl-gr-1.0	299	cefrj-1.5,ngsl-gr-1.0,oewn-2025		validated
master-fact-noun	fact	noun	A2	source-backed	cefrj-1.5	very-common	source-backed-rank	ngsl-gr-1.0	252	cefrj-1.5,ngsl-gr-1.0,oewn-2025		validated
master-fail-verb	fail	verb	A2	source-backed	cefrj-1.5	very-common	source-backed-rank	ngsl-gr-1.0	761	cefrj-1.5,ngsl-gr-1.0,oewn-2025		validated
master-fairly-adverb	fairly	adverb	A2	source-backed	cefrj-1.5	common	source-backed-rank	ngsl-gr-1.0	1516	cefrj-1.5,ngsl-gr-1.0,oewn-2025		validated
master-fall-verb	fall	verb	A2	source-backed	cefrj-1.5	very-common	source-backed-rank	ngsl-gr-1.0	370	cefrj-1.5,ngsl-gr-1.0,oewn-2025		validated
master-fancy-adjective	fancy	adjective	A2	source-backed	cefrj-1.5	common	source-backed-rank	ngsl-gr-1.0	2582	cefrj-1.5,ngsl-gr-1.0,oewn-2025		validated
master-fantastic-adjective	fantastic	adjective	A2	source-backed	cefrj-1.5	common	source-backed-rank	ngsl-gr-1.0	2542	cefrj-1.5,ngsl-gr-1.0,oewn-2025		validated
master-far-adverb	far	adverb	A2	source-backed	cefrj-1.5	very-common	source-backed-rank	ngsl-gr-1.0	295	cefrj-1.5,ngsl-gr-1.0,oewn-2025		validated
master-fare-noun	fare	noun	A2	source-backed	cefrj-1.5	common	source-backed-rank	ngsl-gr-1.0	3098	bsl-1.2,cefrj-1.5,ngsl-gr-1.0,oewn-2025		validated
master-fashion-noun	fashion	noun	A2	source-backed	cefrj-1.5	very-common	source-backed-rank	ngsl-gr-1.0	1465	cefrj-1.5,ngsl-gr-1.0,oewn-2025		validated
master-fault-noun	fault	noun	A2	source-backed	cefrj-1.5	common	source-backed-rank	ngsl-gr-1.0	2045	cefrj-1.5,ngsl-gr-1.0,oewn-2025		validated
master-fear-noun	fear	noun	A2	source-backed	cefrj-1.5	very-common	source-backed-rank	ngsl-gr-1.0	843	cefrj-1.5,ngsl-gr-1.0,oewn-2025		validated
master-fee-noun	fee	noun	A2	source-backed	cefrj-1.5	common	source-backed-rank	ngsl-gr-1.0	1529	cefrj-1.5,ngsl-gr-1.0,oewn-2025		validated
master-feel-noun	feel	noun	A2	source-backed	cefrj-1.5	very-common	source-backed-rank	ngsl-gr-1.0	167	cefrj-1.5,ngsl-gr-1.0,oewn-2025		validated
foundation-a2-feel	feel	verb	A2	editorial-estimate		very-common	source-backed-rank	ngsl-gr-1.0	167	cefrj-1.5,ngsl-gr-1.0,oewn-2025,vocabulary-foundations-001-2026-08		validated
master-female-adjective	female	adjective	A2	source-backed	cefrj-1.5	very-common	source-backed-rank	ngsl-gr-1.0	1011	cefrj-1.5,ngsl-gr-1.0,oewn-2025		validated
master-few-determiner	few	determiner	A2	source-backed	cefrj-1.5	very-common	source-backed-rank	ngsl-gr-1.0	245	cefrj-1.5,ngsl-gr-1.0		validated
master-fighter-noun	fighter	noun	A2	source-backed	cefrj-1.5	common	source-backed-rank	ngsl-gr-1.0	3347	bsl-1.2,cefrj-1.5,ngsl-gr-1.0,oewn-2025		validated
master-figure-noun	figure	noun	A2	source-backed	cefrj-1.5	very-common	source-backed-rank	ngsl-gr-1.0	407	cefrj-1.5,ngsl-gr-1.0,oewn-2025		validated
master-figure-verb	figure	verb	A2	source-backed	cefrj-1.5	very-common	source-backed-rank	ngsl-gr-1.0	407	cefrj-1.5,ngsl-gr-1.0,oewn-2025		validated
master-film-noun	film	noun	A2	source-backed	cefrj-1.5	very-common	source-backed-rank	ngsl-gr-1.0	483	cefrj-1.5,ngsl-gr-1.0,oewn-2025		validated
master-final-adjective	final	adjective	A2	source-backed	cefrj-1.5	very-common	source-backed-rank	ngsl-gr-1.0	748	cefrj-1.5,ngsl-gr-1.0,oewn-2025		validated
master-final-noun	final	noun	A2	source-backed	cefrj-1.5	very-common	source-backed-rank	ngsl-gr-1.0	748	cefrj-1.5,ngsl-gr-1.0,oewn-2025		validated
master-finally-adverb	finally	adverb	A2	source-backed	cefrj-1.5	very-common	source-backed-rank	ngsl-gr-1.0	549	cefrj-1.5,ngsl-gr-1.0,oewn-2025		validated
master-fit-adjective	fit	adjective	A2	source-backed	cefrj-1.5	very-common	source-backed-rank	ngsl-gr-1.0	750	cefrj-1.5,ngsl-gr-1.0,oewn-2025		validated
master-fix-noun	fix	noun	A2	source-backed	cefrj-1.5	very-common	source-backed-rank	ngsl-gr-1.0	1023	cefrj-1.5,ngsl-gr-1.0,oewn-2025		validated
master-flight-noun	flight	noun	A2	source-backed	cefrj-1.5	very-common	source-backed-rank	ngsl-gr-1.0	1269	cefrj-1.5,ngsl-gr-1.0,oewn-2025		validated
master-float-noun	float	noun	A2	source-backed	cefrj-1.5	common	source-backed-rank	ngsl-gr-1.0	2466	cefrj-1.5,ngsl-gr-1.0,oewn-2025		validated
master-flood-noun	flood	noun	A2	source-backed	cefrj-1.5	common	source-backed-rank	ngsl-gr-1.0	2324	cefrj-1.5,ngsl-gr-1.0,oewn-2025		validated
v47	focus	verb	A2	editorial-estimate		very-common	source-backed-rank	ngsl-gr-1.0	600	cefrj-1.5,ngsl-gr-1.0,oewn-2025,vocabulary-core-2026-08		validated
master-follow-verb	follow	verb	A2	source-backed	cefrj-1.5	very-common	source-backed-rank	ngsl-gr-1.0	238	cefrj-1.5,ngsl-gr-1.0,oewn-2025		validated
master-for-conjunction	for	conjunction	A2	source-backed	cefrj-1.5	very-common	source-backed-rank	ngsl-gr-1.0	62	cefrj-1.5,ngsl-gr-1.0		validated
master-forbid-verb	forbid	verb	A2	source-backed	cefrj-1.5	less-common	source-backed-rank	ngsl-gr-1.0	3547	bsl-1.2,cefrj-1.5,ngsl-gr-1.0,oewn-2025		validated
master-force-noun	force	noun	A2	source-backed	cefrj-1.5	very-common	source-backed-rank	ngsl-gr-1.0	396	cefrj-1.5,ngsl-gr-1.0,oewn-2025		validated
master-forest-noun	forest	noun	A2	source-backed	cefrj-1.5	common	source-backed-rank	ngsl-gr-1.0	1577	cefrj-1.5,ngsl-gr-1.0,oewn-2025		validated
master-forever-adverb	forever	adverb	A2	source-backed	cefrj-1.5	common	source-backed-rank	ngsl-gr-1.0	2557	cefrj-1.5,ngsl-gr-1.0,oewn-2025		validated
foundation-a2-forget	forget	verb	A2	editorial-estimate		very-common	source-backed-rank	ngsl-gr-1.0	701	cefrj-1.5,ngsl-gr-1.0,oewn-2025,vocabulary-foundations-001-2026-08		validated
master-fortune-noun	fortune	noun	A2	source-backed	cefrj-1.5	common	source-backed-rank	ngsl-gr-1.0	2566	cefrj-1.5,ngsl-gr-1.0,oewn-2025		validated
master-forward-adverb	forward	adverb	A2	source-backed	cefrj-1.5	very-common	source-backed-rank	ngsl-gr-1.0	502	cefrj-1.5,ngsl-gr-1.0,oewn-2025		validated
master-frame-noun	frame	noun	A2	source-backed	cefrj-1.5	common	source-backed-rank	ngsl-gr-1.0	1561	cefrj-1.5,ngsl-gr-1.0,oewn-2025		validated
master-free-adverb	free	adverb	A2	source-backed	cefrj-1.5	very-common	source-backed-rank	ngsl-gr-1.0	445	cefrj-1.5,ngsl-gr-1.0,oewn-2025		validated
master-freedom-noun	freedom	noun	A2	source-backed	cefrj-1.5	very-common	source-backed-rank	ngsl-gr-1.0	1449	cefrj-1.5,ngsl-gr-1.0,oewn-2025		validated
master-freeze-verb	freeze	verb	A2	source-backed	cefrj-1.5	common	source-backed-rank	ngsl-gr-1.0	1906	cefrj-1.5,ngsl-gr-1.0,oewn-2025		validated
master-fresh-adjective	fresh	adjective	A2	source-backed	cefrj-1.5	very-common	source-backed-rank	ngsl-gr-1.0	1359	cefrj-1.5,ngsl-gr-1.0,oewn-2025		validated
master-friendship-noun	friendship	noun	A2	source-backed	cefrj-1.5	common	source-backed-rank	ngsl-gr-1.0	2536	cefrj-1.5,ngsl-gr-1.0,oewn-2025		validated
master-frighten-verb	frighten	verb	A2	source-backed	cefrj-1.5	common	source-backed-rank	ngsl-gr-1.0	2246	cefrj-1.5,ngsl-gr-1.0,oewn-2025		validated
master-front-noun	front	noun	A2	source-backed	cefrj-1.5	very-common	source-backed-rank	ngsl-gr-1.0	538	cefrj-1.5,ngsl-gr-1.0,oewn-2025		validated
master-fully-adverb	fully	adverb	A2	source-backed	cefrj-1.5	very-common	source-backed-rank	ngsl-gr-1.0	1228	cefrj-1.5,ngsl-gr-1.0,oewn-2025		validated
master-function-verb	function	verb	A2	source-backed	cefrj-1.5	very-common	source-backed-rank	ngsl-gr-1.0	752	cefrj-1.5,ngsl-gr-1.0,oewn-2025		validated
master-furniture-noun	furniture	noun	A2	source-backed	cefrj-1.5	common	source-backed-rank	ngsl-gr-1.0	2216	cefrj-1.5,ngsl-gr-1.0,oewn-2025		validated
master-further-adjective	further	adjective	A2	source-backed	cefrj-1.5	very-common	source-backed-rank	ngsl-gr-1.0	450	cefrj-1.5,ngsl-gr-1.0,oewn-2025		validated
master-gallery-noun	gallery	noun	A2	source-backed	cefrj-1.5	common	source-backed-rank	ngsl-gr-1.0	2515	cefrj-1.5,ngsl-gr-1.0,oewn-2025		validated
master-gas-noun	gas	noun	A2	source-backed	cefrj-1.5	very-common	source-backed-rank	ngsl-gr-1.0	1239	cefrj-1.5,ngsl-gr-1.0,oewn-2025		validated
master-gate-noun	gate	noun	A2	source-backed	cefrj-1.5	common	source-backed-rank	ngsl-gr-1.0	2110	cefrj-1.5,ngsl-gr-1.0,oewn-2025		validated
master-gather-verb	gather	verb	A2	source-backed	cefrj-1.5	very-common	source-backed-rank	ngsl-gr-1.0	1336	cefrj-1.5,ngsl-gr-1.0,oewn-2025		validated
master-gender-noun	gender	noun	A2	source-backed	cefrj-1.5	common	source-backed-rank	ngsl-gr-1.0	2330	cefrj-1.5,ngsl-gr-1.0,oewn-2025		validated
master-generation-noun	generation	noun	A2	source-backed	cefrj-1.5	very-common	source-backed-rank	ngsl-gr-1.0	1048	cefrj-1.5,ngsl-gr-1.0,oewn-2025		validated
master-globe-noun	globe	noun	A2	source-backed	cefrj-1.5	less-common	source-backed-rank	ngsl-gr-1.0	4504	bsl-1.2,cefrj-1.5,ngsl-gr-1.0,oewn-2025		validated
master-gold-noun	gold	noun	A2	source-backed	cefrj-1.5	common	source-backed-rank	ngsl-gr-1.0	1503	cefrj-1.5,ngsl-gr-1.0,oewn-2025		validated
master-golf-noun	golf	noun	A2	source-backed	cefrj-1.5	common	source-backed-rank	ngsl-gr-1.0	2528	cefrj-1.5,ngsl-gr-1.0,oewn-2025		validated
master-government-noun	government	noun	A2	source-backed	cefrj-1.5	very-common	source-backed-rank	ngsl-gr-1.0	266	cefrj-1.5,ngsl-gr-1.0,oewn-2025		validated
master-gradually-adverb	gradually	adverb	A2	source-backed	cefrj-1.5	common	source-backed-rank	ngsl-gr-1.0	2238	cefrj-1.5,ngsl-gr-1.0,oewn-2025		validated
master-graduate-verb	graduate	verb	A2	source-backed	cefrj-1.5	common	source-backed-rank	ngsl-gr-1.0	1598	cefrj-1.5,ngsl-gr-1.0,oewn-2025		validated
master-grateful-adjective	grateful	adjective	A2	source-backed	cefrj-1.5	common	source-backed-rank	ngsl-gr-1.0	2027	cefrj-1.5,ngsl-gr-1.0,oewn-2025		validated
master-greatly-adverb	greatly	adverb	A2	source-backed	cefrj-1.5	common	source-backed-rank	ngsl-gr-1.0	2468	cefrj-1.5,ngsl-gr-1.0,oewn-2025		validated
master-green-noun	green	noun	A2	source-backed	cefrj-1.5	very-common	source-backed-rank	ngsl-gr-1.0	990	cefrj-1.5,ngsl-gr-1.0,oewn-2025		validated
master-guard-noun	guard	noun	A2	source-backed	cefrj-1.5	common	source-backed-rank	ngsl-gr-1.0	1727	cefrj-1.5,ngsl-gr-1.0,oewn-2025		validated
master-gun-noun	gun	noun	A2	source-backed	cefrj-1.5	very-common	source-backed-rank	ngsl-gr-1.0	1492	cefrj-1.5,ngsl-gr-1.0,oewn-2025		validated
v48	habit	noun	A2	editorial-estimate		common	source-backed-rank	ngsl-gr-1.0	1878	cefrj-1.5,ngsl-gr-1.0,oewn-2025,vocabulary-core-2026-08		validated
master-half-determiner	half	determiner	A2	source-backed	cefrj-1.5	very-common	source-backed-rank	ngsl-gr-1.0	415	cefrj-1.5,ngsl-gr-1.0		validated
master-half-pronoun	half	pronoun	A2	source-backed	cefrj-1.5	very-common	source-backed-rank	ngsl-gr-1.0	415	cefrj-1.5,ngsl-gr-1.0		validated
master-hand-verb	hand	verb	A2	source-backed	cefrj-1.5	very-common	source-backed-rank	ngsl-gr-1.0	248	cefrj-1.5,ngsl-gr-1.0,oewn-2025		validated
master-handle-noun	handle	noun	A2	source-backed	cefrj-1.5	very-common	source-backed-rank	ngsl-gr-1.0	1091	cefrj-1.5,ngsl-gr-1.0,oewn-2025		validated
foundation-a2-happen	happen	verb	A2	editorial-estimate		very-common	source-backed-rank	ngsl-gr-1.0	286	cefrj-1.5,ngsl-gr-1.0,oewn-2025,vocabulary-foundations-001-2026-08		validated
master-hardly-adverb	hardly	adverb	A2	source-backed	cefrj-1.5	very-common	source-backed-rank	ngsl-gr-1.0	1390	cefrj-1.5,ngsl-gr-1.0,oewn-2025		validated
master-harm-verb	harm	verb	A2	source-backed	cefrj-1.5	common	source-backed-rank	ngsl-gr-1.0	2286	cefrj-1.5,ngsl-gr-1.0,oewn-2025		validated
master-harvest-noun	harvest	noun	A2	source-backed	cefrj-1.5	common	source-backed-rank	ngsl-gr-1.0	3416	bsl-1.2,cefrj-1.5,nawl-1.2,ngsl-gr-1.0,oewn-2025		validated
master-hate-verb	hate	verb	A2	source-backed	cefrj-1.5	very-common	source-backed-rank	ngsl-gr-1.0	1430	cefrj-1.5,ngsl-gr-1.0,oewn-2025		validated
master-head-verb	head	verb	A2	source-backed	cefrj-1.5	very-common	source-backed-rank	ngsl-gr-1.0	309	cefrj-1.5,ngsl-gr-1.0,oewn-2025		validated
a2-healthy	healthy	adjective	A2	editorial-estimate		very-common	source-backed-rank	ngsl-gr-1.0	1412	cefrj-1.5,ngsl-gr-1.0,oewn-2025,vocabulary-core-2026-08		validated
master-heat-noun	heat	noun	A2	source-backed	cefrj-1.5	very-common	source-backed-rank	ngsl-gr-1.0	1191	cefrj-1.5,ngsl-gr-1.0,oewn-2025		validated
master-heavily-adverb	heavily	adverb	A2	source-backed	cefrj-1.5	common	source-backed-rank	ngsl-gr-1.0	2169	cefrj-1.5,ngsl-gr-1.0,oewn-2025		validated
master-help-noun	help	noun	A2	source-backed	cefrj-1.5	very-common	source-backed-rank	ngsl-gr-1.0	183	cefrj-1.5,ngsl-gr-1.0,oewn-2025		validated
master-helpful-adjective	helpful	adjective	A2	source-backed	cefrj-1.5	common	source-backed-rank	ngsl-gr-1.0	1763	cefrj-1.5,ngsl-gr-1.0,oewn-2025		validated
master-hero-noun	hero	noun	A2	source-backed	cefrj-1.5	common	source-backed-rank	ngsl-gr-1.0	2158	cefrj-1.5,ngsl-gr-1.0,oewn-2025		validated
master-herself-pronoun	herself	pronoun	A2	source-backed	cefrj-1.5	very-common	source-backed-rank	ngsl-gr-1.0	1046	cefrj-1.5,ngsl-gr-1.0		validated
master-high-adverb	high	adverb	A2	source-backed	cefrj-1.5	very-common	source-backed-rank	ngsl-gr-1.0	198	cefrj-1.5,ngsl-gr-1.0,oewn-2025		validated
master-highway-noun	highway	noun	A2	source-backed	cefrj-1.5	common	source-backed-rank	ngsl-gr-1.0	3210	bsl-1.2,cefrj-1.5,ngsl-gr-1.0,oewn-2025		validated
master-himself-pronoun	himself	pronoun	A2	source-backed	cefrj-1.5	very-common	source-backed-rank	ngsl-gr-1.0	508	cefrj-1.5,ngsl-gr-1.0		validated
master-hit-verb	hit	verb	A2	source-backed	cefrj-1.5	very-common	source-backed-rank	ngsl-gr-1.0	745	cefrj-1.5,ngsl-gr-1.0,oewn-2025		validated
master-hold-verb	hold	verb	A2	source-backed	cefrj-1.5	very-common	source-backed-rank	ngsl-gr-1.0	272	cefrj-1.5,ngsl-gr-1.0,oewn-2025		validated
foundation-a2-holiday	holiday	noun	A2	editorial-estimate		very-common	source-backed-rank	ngsl-gr-1.0	792	cefrj-1.5,ngsl-gr-1.0,oewn-2025,vocabulary-foundations-001-2026-08		validated
master-home-adverb	home	adverb	A2	source-backed	cefrj-1.5	very-common	source-backed-rank	ngsl-gr-1.0	211	cefrj-1.5,ngsl-gr-1.0,oewn-2025		validated
foundation-a2-hope	hope	verb	A2	editorial-estimate		very-common	source-backed-rank	ngsl-gr-1.0	300	cefrj-1.5,ngsl-gr-1.0,oewn-2025,vocabulary-foundations-001-2026-08		validated
master-horror-noun	horror	noun	A2	source-backed	cefrj-1.5	common	source-backed-rank	ngsl-gr-1.0	3005	bsl-1.2,cefrj-1.5,ngsl-gr-1.0,oewn-2025		validated
foundation-a2-hospital	hospital	noun	A2	editorial-estimate		very-common	source-backed-rank	ngsl-gr-1.0	832	cefrj-1.5,ngsl-gr-1.0,oewn-2025,vocabulary-foundations-001-2026-08		validated
master-host-noun	host	noun	A2	source-backed	cefrj-1.5	very-common	source-backed-rank	ngsl-gr-1.0	1377	cefrj-1.5,ngsl-gr-1.0,oewn-2025		validated
foundation-a2-hotel	hotel	noun	A2	editorial-estimate		very-common	source-backed-rank	ngsl-gr-1.0	809	cefrj-1.5,ngsl-gr-1.0,oewn-2025,vocabulary-foundations-001-2026-08		validated
master-however-adverb	however	adverb	A2	source-backed	cefrj-1.5	very-common	source-backed-rank	ngsl-gr-1.0	253	cefrj-1.5,ngsl-gr-1.0,oewn-2025		validated
master-human-adjective	human	adjective	A2	source-backed	cefrj-1.5	very-common	source-backed-rank	ngsl-gr-1.0	478	cefrj-1.5,ngsl-gr-1.0,oewn-2025		validated
master-hundred-numeral	hundred	numeral	A2	source-backed	cefrj-1.5	very-common	source-backed-rank	ngsl-gr-1.0	45	cefrj-1.5,ngsl-gr-1.0		validated
foundation-a2-idea	idea	noun	A2	editorial-estimate		very-common	source-backed-rank	ngsl-gr-1.0	301	cefrj-1.5,ngsl-gr-1.0,oewn-2025,vocabulary-foundations-001-2026-08		validated
master-ill-adjective	ill	adjective	A2	source-backed	cefrj-1.5	common	source-backed-rank	ngsl-gr-1.0	1779	cefrj-1.5,ngsl-gr-1.0,oewn-2025		validated
master-illegal-adjective	illegal	adjective	A2	source-backed	cefrj-1.5	common	source-backed-rank	ngsl-gr-1.0	2403	cefrj-1.5,ngsl-gr-1.0,oewn-2025		validated
master-image-noun	image	noun	A2	source-backed	cefrj-1.5	very-common	source-backed-rank	ngsl-gr-1.0	754	cefrj-1.5,ngsl-gr-1.0,oewn-2025		validated
master-imagination-noun	imagination	noun	A2	source-backed	cefrj-1.5	common	source-backed-rank	ngsl-gr-1.0	2552	cefrj-1.5,ngsl-gr-1.0,oewn-2025		validated
master-importance-noun	importance	noun	A2	source-backed	cefrj-1.5	very-common	source-backed-rank	ngsl-gr-1.0	1194	cefrj-1.5,ngsl-gr-1.0,oewn-2025		validated
master-importantly-adverb	importantly	adverb	A2	source-backed	cefrj-1.5	common	source-backed-rank	ngsl-gr-1.0	3495	bsl-1.2,cefrj-1.5,nawl-1.2,ngsl-gr-1.0,oewn-2025		validated
foundation-a2-impossible	impossible	adjective	A2	source-backed	cefrj-1.5	very-common	source-backed-rank	ngsl-gr-1.0	1400	cefrj-1.5,ngsl-gr-1.0,oewn-2025,vocabulary-foundations-001-2026-08		validated
master-impress-verb	impress	verb	A2	source-backed	cefrj-1.5	common	source-backed-rank	ngsl-gr-1.0	2293	cefrj-1.5,ngsl-gr-1.0,oewn-2025		validated
v17	improve	verb	A2	source-backed	cefrj-1.5	very-common	source-backed-rank	ngsl-gr-1.0	558	cefrj-1.5,ngsl-gr-1.0,oewn-2025,vocabulary-core-2026-08		validated
master-in-adverb	in	adverb	A2	source-backed	cefrj-1.5	very-common	source-backed-rank	ngsl-gr-1.0	57	cefrj-1.5,ngsl-gr-1.0,oewn-2025		validated
master-inch-noun	inch	noun	A2	source-backed	cefrj-1.5	common	source-backed-rank	ngsl-gr-1.0	2098	cefrj-1.5,ngsl-gr-1.0,oewn-2025		validated
master-include-verb	include	verb	A2	source-backed	cefrj-1.5	very-common	source-backed-rank	ngsl-gr-1.0	213	cefrj-1.5,ngsl-gr-1.0,oewn-2025		validated
master-increase-verb	increase	verb	A2	source-backed	cefrj-1.5	very-common	source-backed-rank	ngsl-gr-1.0	280	cefrj-1.5,ngsl-gr-1.0,oewn-2025		validated
master-indeed-adverb	indeed	adverb	A2	source-backed	cefrj-1.5	very-common	source-backed-rank	ngsl-gr-1.0	747	cefrj-1.5,ngsl-gr-1.0,oewn-2025		validated
master-independence-noun	independence	noun	A2	source-backed	cefrj-1.5	common	source-backed-rank	ngsl-gr-1.0	2283	cefrj-1.5,ngsl-gr-1.0,oewn-2025		validated
master-influence-noun	influence	noun	A2	source-backed	cefrj-1.5	very-common	source-backed-rank	ngsl-gr-1.0	730	cefrj-1.5,ngsl-gr-1.0,oewn-2025		validated
master-injure-verb	injure	verb	A2	source-backed	cefrj-1.5	common	source-backed-rank	ngsl-gr-1.0	2546	cefrj-1.5,ngsl-gr-1.0,oewn-2025		validated
master-inner-adjective	inner	adjective	A2	source-backed	cefrj-1.5	common	source-backed-rank	ngsl-gr-1.0	2285	cefrj-1.5,ngsl-gr-1.0,oewn-2025		validated
master-insect-noun	insect	noun	A2	source-backed	cefrj-1.5	less-common	source-backed-rank	ngsl-gr-1.0	3562	cefrj-1.5,nawl-1.2,ngsl-gr-1.0,oewn-2025		validated
master-inside-adverb	inside	adverb	A2	source-backed	cefrj-1.5	very-common	source-backed-rank	ngsl-gr-1.0	710	cefrj-1.5,ngsl-gr-1.0,oewn-2025		validated
master-instant-adjective	instant	adjective	A2	source-backed	cefrj-1.5	common	source-backed-rank	ngsl-gr-1.0	3084	bsl-1.2,cefrj-1.5,ngsl-gr-1.0,oewn-2025		validated
master-instead-adverb	instead	adverb	A2	source-backed	cefrj-1.5	very-common	source-backed-rank	ngsl-gr-1.0	603	cefrj-1.5,ngsl-gr-1.0,oewn-2025		validated
master-instrument-noun	instrument	noun	A2	source-backed	cefrj-1.5	common	source-backed-rank	ngsl-gr-1.0	1646	cefrj-1.5,ngsl-gr-1.0,oewn-2025		validated
master-intelligence-noun	intelligence	noun	A2	source-backed	cefrj-1.5	common	source-backed-rank	ngsl-gr-1.0	1723	cefrj-1.5,ngsl-gr-1.0,oewn-2025		validated
master-intelligent-adjective	intelligent	adjective	A2	source-backed	cefrj-1.5	common	source-backed-rank	ngsl-gr-1.0	3023	bsl-1.2,cefrj-1.5,ngsl-gr-1.0,oewn-2025		validated
master-interest-noun	interest	noun	A2	source-backed	cefrj-1.5	very-common	source-backed-rank	ngsl-gr-1.0	192	cefrj-1.5,ngsl-gr-1.0,oewn-2025		validated
master-international-adjective	international	adjective	A2	source-backed	cefrj-1.5	very-common	source-backed-rank	ngsl-gr-1.0	712	cefrj-1.5,ngsl-gr-1.0,oewn-2025		validated
master-invade-verb	invade	verb	A2	source-backed	cefrj-1.5	less-common	source-backed-rank	ngsl-gr-1.0	3952	bsl-1.2,cefrj-1.5,nawl-1.2,ngsl-gr-1.0,oewn-2025		validated
master-invention-noun	invention	noun	A2	source-backed	cefrj-1.5	common	source-backed-rank	ngsl-gr-1.0	3450	bsl-1.2,cefrj-1.5,ngsl-gr-1.0,oewn-2025		validated
a2-invite	invite	verb	A2	source-backed	cefrj-1.5	very-common	source-backed-rank	ngsl-gr-1.0	1078	cefrj-1.5,ngsl-gr-1.0,oewn-2025,vocabulary-core-2026-08		validated
master-it-noun	it	noun	A2	source-backed	cefrj-1.5	very-common	source-backed-rank	ngsl-gr-1.0	59	cefrj-1.5,ngsl-gr-1.0,oewn-2025		validated
master-itself-pronoun	itself	pronoun	A2	source-backed	cefrj-1.5	very-common	source-backed-rank	ngsl-gr-1.0	588	cefrj-1.5,ngsl-gr-1.0		validated
master-joke-noun	joke	noun	A2	source-backed	cefrj-1.5	common	source-backed-rank	ngsl-gr-1.0	1769	cefrj-1.5,ngsl-gr-1.0,oewn-2025		validated
a2-journey	journey	noun	A2	source-backed	cefrj-1.5	common	source-backed-rank	ngsl-gr-1.0	1671	cefrj-1.5,ngsl-gr-1.0,oewn-2025,vocabulary-core-2026-08		validated
master-joy-noun	joy	noun	A2	source-backed	cefrj-1.5	common	source-backed-rank	ngsl-gr-1.0	2560	cefrj-1.5,ngsl-gr-1.0,oewn-2025		validated
master-junior-adjective	junior	adjective	A2	source-backed	cefrj-1.5	common	source-backed-rank	ngsl-gr-1.0	2984	bsl-1.2,cefrj-1.5,nawl-1.2,ngsl-gr-1.0,oewn-2025		validated
master-junk-noun	junk	noun	A2	source-backed	cefrj-1.5	less-common	source-backed-rank	ngsl-gr-1.0	4464	bsl-1.2,cefrj-1.5,ngsl-gr-1.0,oewn-2025		validated
master-killer-noun	killer	noun	A2	source-backed	cefrj-1.5	common	source-backed-rank	ngsl-gr-1.0	3419	bsl-1.2,cefrj-1.5,ngsl-gr-1.0,oewn-2025		validated
master-kind-adjective	kind	adjective	A2	source-backed	cefrj-1.5	very-common	source-backed-rank	ngsl-gr-1.0	226	cefrj-1.5,ngsl-gr-1.0,oewn-2025		validated
master-knock-noun	knock	noun	A2	source-backed	cefrj-1.5	common	source-backed-rank	ngsl-gr-1.0	1864	cefrj-1.5,ngsl-gr-1.0,oewn-2025		validated
v18	knowledge	noun	A2	source-backed	cefrj-1.5	very-common	source-backed-rank	ngsl-gr-1.0	669	cefrj-1.5,ngsl-gr-1.0,oewn-2025,vocabulary-core-2026-08		validated
master-lack-noun	lack	noun	A2	source-backed	cefrj-1.5	very-common	source-backed-rank	ngsl-gr-1.0	779	cefrj-1.5,ngsl-gr-1.0,oewn-2025		validated
master-lake-noun	lake	noun	A2	source-backed	cefrj-1.5	common	source-backed-rank	ngsl-gr-1.0	1872	cefrj-1.5,ngsl-gr-1.0,oewn-2025		validated
master-land-verb	land	verb	A2	source-backed	cefrj-1.5	very-common	source-backed-rank	ngsl-gr-1.0	547	cefrj-1.5,ngsl-gr-1.0,oewn-2025		validated
master-landscape-noun	landscape	noun	A2	source-backed	cefrj-1.5	common	source-backed-rank	ngsl-gr-1.0	2042	cefrj-1.5,ngsl-gr-1.0,oewn-2025		validated
master-last-determiner	last	determiner	A2	source-backed	cefrj-1.5	very-common	source-backed-rank	ngsl-gr-1.0	151	cefrj-1.5,ngsl-gr-1.0		validated
master-last-pronoun	last	pronoun	A2	source-backed	cefrj-1.5	very-common	source-backed-rank	ngsl-gr-1.0	151	cefrj-1.5,ngsl-gr-1.0		validated
master-latter-pronoun	latter	pronoun	A2	source-backed	cefrj-1.5	common	source-backed-rank	ngsl-gr-1.0	1754	cefrj-1.5,ngsl-gr-1.0		validated
master-law-noun	law	noun	A2	source-backed	cefrj-1.5	very-common	source-backed-rank	ngsl-gr-1.0	471	cefrj-1.5,ngsl-gr-1.0,oewn-2025		validated
master-lawyer-noun	lawyer	noun	A2	source-backed	cefrj-1.5	common	source-backed-rank	ngsl-gr-1.0	1539	cefrj-1.5,ngsl-gr-1.0,oewn-2025		validated
master-lead-noun	lead	noun	A2	source-backed	cefrj-1.5	very-common	source-backed-rank	ngsl-gr-1.0	291	cefrj-1.5,ngsl-gr-1.0,oewn-2025		validated
master-least-determiner	least	determiner	A2	source-backed	cefrj-1.5	very-common	source-backed-rank	ngsl-gr-1.0	331	cefrj-1.5,ngsl-gr-1.0		validated
foundation-a2-leave	leave	verb	A2	editorial-estimate		very-common	source-backed-rank	ngsl-gr-1.0	176	cefrj-1.5,ngsl-gr-1.0,oewn-2025,vocabulary-foundations-001-2026-08		validated
master-left-adverb	left	adverb	A2	source-backed	cefrj-1.5	very-common	source-backed-rank	ngsl-gr-1.0	1270	cefrj-1.5,ngsl-gr-1.0,oewn-2025		validated
master-left-noun	left	noun	A2	source-backed	cefrj-1.5	very-common	source-backed-rank	ngsl-gr-1.0	1270	cefrj-1.5,ngsl-gr-1.0,oewn-2025		validated
master-leisure-noun	leisure	noun	A2	source-backed	cefrj-1.5	common	source-backed-rank	ngsl-gr-1.0	2922	bsl-1.2,cefrj-1.5,nawl-1.2,ngsl-gr-1.0,oewn-2025		validated
master-less-adverb	less	adverb	A2	source-backed	cefrj-1.5	very-common	source-backed-rank	ngsl-gr-1.0	303	cefrj-1.5,ngsl-gr-1.0,oewn-2025		validated
master-less-determiner	less	determiner	A2	source-backed	cefrj-1.5	very-common	source-backed-rank	ngsl-gr-1.0	303	cefrj-1.5,ngsl-gr-1.0		validated
master-less-pronoun	less	pronoun	A2	source-backed	cefrj-1.5	very-common	source-backed-rank	ngsl-gr-1.0	303	cefrj-1.5,ngsl-gr-1.0		validated
master-level-noun	level	noun	A2	source-backed	cefrj-1.5	very-common	source-backed-rank	ngsl-gr-1.0	312	cefrj-1.5,ngsl-gr-1.0,oewn-2025		validated
master-liberty-noun	liberty	noun	A2	source-backed	cefrj-1.5	common	source-backed-rank	ngsl-gr-1.0	3431	bsl-1.2,cefrj-1.5,ngsl-gr-1.0,oewn-2025		validated
master-lie-verb	lie	verb	A2	source-backed	cefrj-1.5	very-common	source-backed-rank	ngsl-gr-1.0	632	cefrj-1.5,ngsl-gr-1.0,oewn-2025		validated
master-lifestyle-noun	lifestyle	noun	A2	source-backed	cefrj-1.5	common	source-backed-rank	ngsl-gr-1.0	2925	bsl-1.2,cefrj-1.5,nawl-1.2,ngsl-gr-1.0,oewn-2025		validated
master-lip-noun	lip	noun	A2	source-backed	cefrj-1.5	common	source-backed-rank	ngsl-gr-1.0	2349	cefrj-1.5,ngsl-gr-1.0,oewn-2025		validated
master-load-noun	load	noun	A2	source-backed	cefrj-1.5	common	source-backed-rank	ngsl-gr-1.0	1505	cefrj-1.5,ngsl-gr-1.0,oewn-2025		validated
foundation-a2-local	local	adjective	A2	source-backed	cefrj-1.5	very-common	source-backed-rank	ngsl-gr-1.0	350	cefrj-1.5,ngsl-gr-1.0,oewn-2025,vocabulary-foundations-001-2026-08		validated
master-lock-noun	lock	noun	A2	source-backed	cefrj-1.5	common	source-backed-rank	ngsl-gr-1.0	1654	cefrj-1.5,ngsl-gr-1.0,oewn-2025		validated
master-logical-adjective	logical	adjective	A2	source-backed	cefrj-1.5	common	source-backed-rank	ngsl-gr-1.0	3224	bsl-1.2,cefrj-1.5,nawl-1.2,ngsl-gr-1.0,oewn-2025		validated
master-long-adverb	long	adverb	A2	source-backed	cefrj-1.5	very-common	source-backed-rank	ngsl-gr-1.0	165	cefrj-1.5,ngsl-gr-1.0,oewn-2025		validated
master-loose-adjective	loose	adjective	A2	source-backed	cefrj-1.5	common	source-backed-rank	ngsl-gr-1.0	2235	cefrj-1.5,ngsl-gr-1.0,oewn-2025		validated
master-lose-verb	lose	verb	A2	source-backed	cefrj-1.5	very-common	source-backed-rank	ngsl-gr-1.0	355	cefrj-1.5,ngsl-gr-1.0,oewn-2025		validated
master-lot-noun	lot	noun	A2	source-backed	cefrj-1.5	very-common	source-backed-rank	ngsl-gr-1.0	173	cefrj-1.5,ngsl-gr-1.0,oewn-2025		validated
master-low-adjective	low	adjective	A2	source-backed	cefrj-1.5	very-common	source-backed-rank	ngsl-gr-1.0	333	cefrj-1.5,ngsl-gr-1.0,oewn-2025		validated
master-low-adverb	low	adverb	A2	source-backed	cefrj-1.5	very-common	source-backed-rank	ngsl-gr-1.0	333	cefrj-1.5,ngsl-gr-1.0,oewn-2025		validated
master-mad-adjective	mad	adjective	A2	source-backed	cefrj-1.5	common	source-backed-rank	ngsl-gr-1.0	2467	cefrj-1.5,ngsl-gr-1.0,oewn-2025		validated
master-mainly-adverb	mainly	adverb	A2	source-backed	cefrj-1.5	very-common	source-backed-rank	ngsl-gr-1.0	1488	cefrj-1.5,ngsl-gr-1.0,oewn-2025		validated
master-major-adjective	major	adjective	A2	source-backed	cefrj-1.5	very-common	source-backed-rank	ngsl-gr-1.0	488	cefrj-1.5,ngsl-gr-1.0,oewn-2025		validated
master-male-noun	male	noun	A2	source-backed	cefrj-1.5	very-common	source-backed-rank	ngsl-gr-1.0	964	cefrj-1.5,ngsl-gr-1.0,oewn-2025		validated
master-mall-noun	mall	noun	A2	source-backed	cefrj-1.5	common	source-backed-rank	ngsl-gr-1.0	3470	bsl-1.2,cefrj-1.5,nawl-1.2,ngsl-gr-1.0,oewn-2025		validated
a2-manage	manage	verb	A2	source-backed	cefrj-1.5	very-common	source-backed-rank	ngsl-gr-1.0	675	cefrj-1.5,ngsl-gr-1.0,oewn-2025,vocabulary-core-2026-08		validated
foundation-a2-manager	manager	noun	A2	source-backed	cefrj-1.5	very-common	source-backed-rank	ngsl-gr-1.0	711	cefrj-1.5,ngsl-gr-1.0,oewn-2025,vocabulary-foundations-001-2026-08		validated
master-manner-noun	manner	noun	A2	source-backed	cefrj-1.5	very-common	source-backed-rank	ngsl-gr-1.0	1491	cefrj-1.5,ngsl-gr-1.0,oewn-2025		validated
foundation-a2-map	map	noun	A2	editorial-estimate		very-common	source-backed-rank	ngsl-gr-1.0	1262	cefrj-1.5,ngsl-gr-1.0,oewn-2025,vocabulary-foundations-001-2026-08		validated
master-mark-noun	mark	noun	A2	source-backed	cefrj-1.5	very-common	source-backed-rank	ngsl-gr-1.0	793	cefrj-1.5,ngsl-gr-1.0,oewn-2025		validated
master-mark-verb	mark	verb	A2	source-backed	cefrj-1.5	very-common	source-backed-rank	ngsl-gr-1.0	793	cefrj-1.5,ngsl-gr-1.0,oewn-2025		validated
master-market-noun	market	noun	A2	source-backed	cefrj-1.5	very-common	source-backed-rank	ngsl-gr-1.0	269	cefrj-1.5,ngsl-gr-1.0,oewn-2025		validated
master-marry-verb	marry	verb	A2	source-backed	cefrj-1.5	very-common	source-backed-rank	ngsl-gr-1.0	825	cefrj-1.5,ngsl-gr-1.0,oewn-2025		validated
master-material-noun	material	noun	A2	source-backed	cefrj-1.5	very-common	source-backed-rank	ngsl-gr-1.0	621	cefrj-1.5,ngsl-gr-1.0,oewn-2025		validated
master-matter-verb	matter	verb	A2	source-backed	cefrj-1.5	very-common	source-backed-rank	ngsl-gr-1.0	390	cefrj-1.5,ngsl-gr-1.0,oewn-2025		validated
master-mean-adjective	mean	adjective	A2	source-backed	cefrj-1.5	very-common	source-backed-rank	ngsl-gr-1.0	145	cefrj-1.5,ngsl-gr-1.0,oewn-2025		validated
master-medical-adjective	medical	adjective	A2	source-backed	cefrj-1.5	very-common	source-backed-rank	ngsl-gr-1.0	1083	cefrj-1.5,ngsl-gr-1.0,oewn-2025		validated
foundation-a2-meeting	meeting	noun	A2	editorial-estimate		common	editorial-band			cefrj-1.5,oewn-2025,vocabulary-foundations-001-2026-08		validated
master-member-noun	member	noun	A2	source-backed	cefrj-1.5	very-common	source-backed-rank	ngsl-gr-1.0	316	cefrj-1.5,ngsl-gr-1.0,oewn-2025		validated
master-mention-noun	mention	noun	A2	source-backed	cefrj-1.5	very-common	source-backed-rank	ngsl-gr-1.0	614	cefrj-1.5,ngsl-gr-1.0,oewn-2025		validated
master-metal-noun	metal	noun	A2	source-backed	cefrj-1.5	common	source-backed-rank	ngsl-gr-1.0	1884	cefrj-1.5,ngsl-gr-1.0,oewn-2025		validated
master-middle-noun	middle	noun	A2	source-backed	cefrj-1.5	very-common	source-backed-rank	ngsl-gr-1.0	886	cefrj-1.5,ngsl-gr-1.0,oewn-2025		validated
master-might-modal	might	modal	A2	source-backed	cefrj-1.5	very-common	source-backed-rank	ngsl-gr-1.0	209	cefrj-1.5,ngsl-gr-1.0		validated
master-military-adjective	military	adjective	A2	source-backed	cefrj-1.5	very-common	source-backed-rank	ngsl-gr-1.0	808	cefrj-1.5,ngsl-gr-1.0,oewn-2025		validated
master-million-numeral	million	numeral	A2	source-backed	cefrj-1.5	very-common	source-backed-rank	ngsl-gr-1.0	47	cefrj-1.5,ngsl-gr-1.0		validated
master-mind-verb	mind	verb	A2	source-backed	cefrj-1.5	very-common	source-backed-rank	ngsl-gr-1.0	391	cefrj-1.5,ngsl-gr-1.0,oewn-2025		validated
master-mirror-noun	mirror	noun	A2	source-backed	cefrj-1.5	common	source-backed-rank	ngsl-gr-1.0	2255	cefrj-1.5,ngsl-gr-1.0,oewn-2025		validated
foundation-a2-miss	miss	verb	A2	editorial-estimate		very-common	source-backed-rank	ngsl-gr-1.0	695	cefrj-1.5,ngsl-gr-1.0,oewn-2025,vocabulary-foundations-001-2026-08		validated
master-mistake-noun	mistake	noun	A2	source-backed	cefrj-1.5	very-common	source-backed-rank	ngsl-gr-1.0	1202	cefrj-1.5,ngsl-gr-1.0,oewn-2025		validated
master-mix-verb	mix	verb	A2	source-backed	cefrj-1.5	very-common	source-backed-rank	ngsl-gr-1.0	1079	cefrj-1.5,ngsl-gr-1.0,oewn-2025		validated
master-mobile-adjective	mobile	adjective	A2	source-backed	cefrj-1.5	common	source-backed-rank	ngsl-gr-1.0	1788	cefrj-1.5,ngsl-gr-1.0,oewn-2025		validated
master-model-noun	model	noun	A2	source-backed	cefrj-1.5	very-common	source-backed-rank	ngsl-gr-1.0	535	cefrj-1.5,ngsl-gr-1.0,oewn-2025		validated
master-modern-adjective	modern	adjective	A2	source-backed	cefrj-1.5	very-common	source-backed-rank	ngsl-gr-1.0	858	cefrj-1.5,ngsl-gr-1.0,oewn-2025		validated
foundation-a2-money	money	noun	A2	editorial-estimate		very-common	source-backed-rank	ngsl-gr-1.0	251	cefrj-1.5,ngsl-gr-1.0,oewn-2025,vocabulary-foundations-001-2026-08		validated
master-mood-noun	mood	noun	A2	source-backed	cefrj-1.5	common	source-backed-rank	ngsl-gr-1.0	2116	cefrj-1.5,ngsl-gr-1.0,oewn-2025		validated
master-most-adverb	most	adverb	A2	source-backed	cefrj-1.5	very-common	source-backed-rank	ngsl-gr-1.0	138	cefrj-1.5,ngsl-gr-1.0,oewn-2025		validated
master-most-pronoun	most	pronoun	A2	source-backed	cefrj-1.5	very-common	source-backed-rank	ngsl-gr-1.0	138	cefrj-1.5,ngsl-gr-1.0		validated
master-mostly-adverb	mostly	adverb	A2	source-backed	cefrj-1.5	very-common	source-backed-rank	ngsl-gr-1.0	1337	cefrj-1.5,ngsl-gr-1.0,oewn-2025		validated
master-move-verb	move	verb	A2	source-backed	cefrj-1.5	very-common	source-backed-rank	ngsl-gr-1.0	250	cefrj-1.5,ngsl-gr-1.0,oewn-2025		validated
master-murder-noun	murder	noun	A2	source-backed	cefrj-1.5	very-common	source-backed-rank	ngsl-gr-1.0	1426	cefrj-1.5,ngsl-gr-1.0,oewn-2025		validated
master-museum-noun	museum	noun	A2	source-backed	cefrj-1.5	very-common	source-backed-rank	ngsl-gr-1.0	1447	cefrj-1.5,ngsl-gr-1.0,oewn-2025		validated
master-musical-adjective	musical	adjective	A2	source-backed	cefrj-1.5	common	source-backed-rank	ngsl-gr-1.0	1680	cefrj-1.5,ngsl-gr-1.0,oewn-2025		validated
master-myself-pronoun	myself	pronoun	A2	source-backed	cefrj-1.5	very-common	source-backed-rank	ngsl-gr-1.0	719	cefrj-1.5,ngsl-gr-1.0		validated
master-nation-noun	nation	noun	A2	source-backed	cefrj-1.5	very-common	source-backed-rank	ngsl-gr-1.0	817	cefrj-1.5,ngsl-gr-1.0,oewn-2025		validated
master-national-adjective	national	adjective	A2	source-backed	cefrj-1.5	very-common	source-backed-rank	ngsl-gr-1.0	587	cefrj-1.5,ngsl-gr-1.0,oewn-2025		validated
master-native-adjective	native	adjective	A2	source-backed	cefrj-1.5	common	source-backed-rank	ngsl-gr-1.0	1689	cefrj-1.5,ngsl-gr-1.0,oewn-2025		validated
master-nature-noun	nature	noun	A2	source-backed	cefrj-1.5	very-common	source-backed-rank	ngsl-gr-1.0	716	cefrj-1.5,ngsl-gr-1.0,oewn-2025		validated
master-nearly-adverb	nearly	adverb	A2	source-backed	cefrj-1.5	very-common	source-backed-rank	ngsl-gr-1.0	818	cefrj-1.5,ngsl-gr-1.0,oewn-2025		validated
master-necessary-adjective	necessary	adjective	A2	source-backed	cefrj-1.5	very-common	source-backed-rank	ngsl-gr-1.0	726	cefrj-1.5,ngsl-gr-1.0,oewn-2025		validated
master-negative-adjective	negative	adjective	A2	source-backed	cefrj-1.5	very-common	source-backed-rank	ngsl-gr-1.0	1136	cefrj-1.5,ngsl-gr-1.0,oewn-2025		validated
foundation-a2-neighbour	neighbour	noun	A2	editorial-estimate		very-common	source-backed-rank	ngsl-gr-1.0	1272	ngsl-gr-1.0,vocabulary-foundations-001-2026-08		validated
master-nervous-adjective	nervous	adjective	A2	source-backed	cefrj-1.5	common	source-backed-rank	ngsl-gr-1.0	2128	cefrj-1.5,ngsl-gr-1.0,oewn-2025		validated
master-net-adjective	net	adjective	A2	source-backed	cefrj-1.5	very-common	source-backed-rank	ngsl-gr-1.0	1241	cefrj-1.5,ngsl-gr-1.0,oewn-2025		validated
master-next-adverb	next	adverb	A2	source-backed	cefrj-1.5	very-common	source-backed-rank	ngsl-gr-1.0	201	cefrj-1.5,ngsl-gr-1.0,oewn-2025		validated
master-next-determiner	next	determiner	A2	source-backed	cefrj-1.5	very-common	source-backed-rank	ngsl-gr-1.0	201	cefrj-1.5,ngsl-gr-1.0		validated
master-nobody-pronoun	nobody	pronoun	A2	source-backed	cefrj-1.5	very-common	source-backed-rank	ngsl-gr-1.0	1153	cefrj-1.5,ngsl-gr-1.0		validated
foundation-a2-noisy	noisy	adjective	A2	source-backed	cefrj-1.5	less-common	source-backed-rank	ngsl-gr-1.0	4038	cefrj-1.5,nawl-1.2,ngsl-gr-1.0,oewn-2025,vocabulary-foundations-001-2026-08		validated
master-normal-adjective	normal	adjective	A2	source-backed	cefrj-1.5	very-common	source-backed-rank	ngsl-gr-1.0	905	cefrj-1.5,ngsl-gr-1.0,oewn-2025		validated
master-north-adjective	north	adjective	A2	source-backed	cefrj-1.5	very-common	source-backed-rank	ngsl-gr-1.0	1255	cefrj-1.5,ngsl-gr-1.0,oewn-2025		validated
master-north-adverb	north	adverb	A2	source-backed	cefrj-1.5	very-common	source-backed-rank	ngsl-gr-1.0	1255	cefrj-1.5,ngsl-gr-1.0,oewn-2025		validated
master-north-noun	north	noun	A2	source-backed	cefrj-1.5	very-common	source-backed-rank	ngsl-gr-1.0	1255	cefrj-1.5,ngsl-gr-1.0,oewn-2025		validated
master-notice-noun	notice	noun	A2	source-backed	cefrj-1.5	very-common	source-backed-rank	ngsl-gr-1.0	714	cefrj-1.5,ngsl-gr-1.0,oewn-2025		validated
v20	notice	verb	A2	editorial-estimate		very-common	source-backed-rank	ngsl-gr-1.0	714	cefrj-1.5,ngsl-gr-1.0,oewn-2025,vocabulary-core-2026-08		validated
master-novel-noun	novel	noun	A2	source-backed	cefrj-1.5	very-common	source-backed-rank	ngsl-gr-1.0	1328	cefrj-1.5,ngsl-gr-1.0,oewn-2025		validated
master-nowadays-adverb	nowadays	adverb	A2	source-backed	cefrj-1.5	common	source-backed-rank	ngsl-gr-1.0	2260	cefrj-1.5,ngsl-gr-1.0,oewn-2025		validated
master-occupation-noun	occupation	noun	A2	source-backed	cefrj-1.5	common	source-backed-rank	ngsl-gr-1.0	2913	bsl-1.2,cefrj-1.5,nawl-1.2,ngsl-gr-1.0,oewn-2025		validated
master-off-adverb	off	adverb	A2	source-backed	cefrj-1.5	very-common	source-backed-rank	ngsl-gr-1.0	200	cefrj-1.5,ngsl-gr-1.0,oewn-2025		validated
master-offer-noun	offer	noun	A2	source-backed	cefrj-1.5	very-common	source-backed-rank	ngsl-gr-1.0	287	cefrj-1.5,ngsl-gr-1.0,oewn-2025		validated
master-offer-verb	offer	verb	A2	source-backed	cefrj-1.5	very-common	source-backed-rank	ngsl-gr-1.0	287	cefrj-1.5,ngsl-gr-1.0,oewn-2025		validated
foundation-a2-office	office	noun	A2	editorial-estimate		very-common	source-backed-rank	ngsl-gr-1.0	393	cefrj-1.5,ngsl-gr-1.0,oewn-2025,vocabulary-foundations-001-2026-08		validated
master-official-adjective	official	adjective	A2	source-backed	cefrj-1.5	very-common	source-backed-rank	ngsl-gr-1.0	693	cefrj-1.5,ngsl-gr-1.0,oewn-2025		validated
master-oil-noun	oil	noun	A2	source-backed	cefrj-1.5	very-common	source-backed-rank	ngsl-gr-1.0	948	cefrj-1.5,ngsl-gr-1.0,oewn-2025		validated
master-on-adverb	on	adverb	A2	source-backed	cefrj-1.5	very-common	source-backed-rank	ngsl-gr-1.0	67	cefrj-1.5,ngsl-gr-1.0,oewn-2025		validated
master-one-pronoun	one	pronoun	A2	source-backed	cefrj-1.5	very-common	source-backed-rank	ngsl-gr-1.0	85	cefrj-1.5,ngsl-gr-1.0		validated
master-online-adjective	online	adjective	A2	source-backed	cefrj-1.5	common	source-backed-rank	ngsl-gr-1.0	1844	cefrj-1.5,ngsl-gr-1.0,oewn-2025		validated
master-online-adverb	online	adverb	A2	source-backed	cefrj-1.5	common	source-backed-rank	ngsl-gr-1.0	1844	cefrj-1.5,ngsl-gr-1.0,oewn-2025		validated
master-operate-verb	operate	verb	A2	source-backed	cefrj-1.5	very-common	source-backed-rank	ngsl-gr-1.0	965	cefrj-1.5,ngsl-gr-1.0,oewn-2025		validated
master-opinion-noun	opinion	noun	A2	source-backed	cefrj-1.5	very-common	source-backed-rank	ngsl-gr-1.0	706	cefrj-1.5,ngsl-gr-1.0,oewn-2025		validated
a2-opportunity	opportunity	noun	A2	source-backed	cefrj-1.5	very-common	source-backed-rank	ngsl-gr-1.0	570	cefrj-1.5,ngsl-gr-1.0,oewn-2025,vocabulary-core-2026-08		validated
master-oppose-verb	oppose	verb	A2	source-backed	cefrj-1.5	very-common	source-backed-rank	ngsl-gr-1.0	1456	cefrj-1.5,ngsl-gr-1.0,oewn-2025		validated
master-opposite-adjective	opposite	adjective	A2	source-backed	cefrj-1.5	very-common	source-backed-rank	ngsl-gr-1.0	1423	cefrj-1.5,ngsl-gr-1.0,oewn-2025		validated
master-opposite-preposition	opposite	preposition	A2	source-backed	cefrj-1.5	very-common	source-backed-rank	ngsl-gr-1.0	1423	cefrj-1.5,ngsl-gr-1.0		validated
foundation-a2-order	order	verb	A2	source-backed	cefrj-1.5	very-common	source-backed-rank	ngsl-gr-1.0	265	cefrj-1.5,ngsl-gr-1.0,oewn-2025,vocabulary-foundations-001-2026-08		validated
a2-organize	organize	verb	A2	editorial-estimate		very-common	source-backed-rank	ngsl-gr-1.0	874	ngsl-gr-1.0,vocabulary-core-2026-08		validated
master-original-adjective	original	adjective	A2	source-backed	cefrj-1.5	very-common	source-backed-rank	ngsl-gr-1.0	1013	cefrj-1.5,ngsl-gr-1.0,oewn-2025		validated
master-other-pronoun	other	pronoun	A2	source-backed	cefrj-1.5	very-common	source-backed-rank	ngsl-gr-1.0	104	cefrj-1.5,ngsl-gr-1.0		validated
master-ourselves-pronoun	ourselves	pronoun	A2	source-backed	cefrj-1.5	common	source-backed-rank	ngsl-gr-1.0	1665	cefrj-1.5,ngsl-gr-1.0		validated
master-outside-preposition	outside	preposition	A2	source-backed	cefrj-1.5	very-common	source-backed-rank	ngsl-gr-1.0	541	cefrj-1.5,ngsl-gr-1.0		validated
master-over-adverb	over	adverb	A2	source-backed	cefrj-1.5	very-common	source-backed-rank	ngsl-gr-1.0	132	cefrj-1.5,ngsl-gr-1.0,oewn-2025		validated
master-overseas-adverb	overseas	adverb	A2	source-backed	cefrj-1.5	common	source-backed-rank	ngsl-gr-1.0	2365	cefrj-1.5,ngsl-gr-1.0,oewn-2025		validated
master-own-pronoun	own	pronoun	A2	source-backed	cefrj-1.5	very-common	source-backed-rank	ngsl-gr-1.0	179	cefrj-1.5,ngsl-gr-1.0		validated
master-pack-noun	pack	noun	A2	source-backed	cefrj-1.5	very-common	source-backed-rank	ngsl-gr-1.0	1437	cefrj-1.5,ngsl-gr-1.0,oewn-2025		validated
master-pack-verb	pack	verb	A2	source-backed	cefrj-1.5	very-common	source-backed-rank	ngsl-gr-1.0	1437	cefrj-1.5,ngsl-gr-1.0,oewn-2025		validated
master-pan-noun	pan	noun	A2	source-backed	cefrj-1.5	less-common	source-backed-rank	ngsl-gr-1.0	3827	bsl-1.2,cefrj-1.5,ngsl-gr-1.0,oewn-2025		validated
master-park-verb	park	verb	A2	source-backed	cefrj-1.5	very-common	source-backed-rank	ngsl-gr-1.0	707	cefrj-1.5,ngsl-gr-1.0,oewn-2025		validated
master-part-noun	part	noun	A2	source-backed	cefrj-1.5	very-common	source-backed-rank	ngsl-gr-1.0	180	cefrj-1.5,ngsl-gr-1.0,oewn-2025		validated
master-partly-adverb	partly	adverb	A2	source-backed	cefrj-1.5	common	source-backed-rank	ngsl-gr-1.0	1966	cefrj-1.5,ngsl-gr-1.0,oewn-2025		validated
master-pass-noun	pass	noun	A2	source-backed	cefrj-1.5	very-common	source-backed-rank	ngsl-gr-1.0	466	cefrj-1.5,ngsl-gr-1.0,oewn-2025		validated
master-pass-verb	pass	verb	A2	source-backed	cefrj-1.5	very-common	source-backed-rank	ngsl-gr-1.0	466	cefrj-1.5,ngsl-gr-1.0,oewn-2025		validated
master-passage-noun	passage	noun	A2	source-backed	cefrj-1.5	common	source-backed-rank	ngsl-gr-1.0	1908	cefrj-1.5,ngsl-gr-1.0,oewn-2025		validated
master-passenger-noun	passenger	noun	A2	source-backed	cefrj-1.5	common	source-backed-rank	ngsl-gr-1.0	1745	cefrj-1.5,ngsl-gr-1.0,oewn-2025		validated
master-path-noun	path	noun	A2	source-backed	cefrj-1.5	very-common	source-backed-rank	ngsl-gr-1.0	1345	cefrj-1.5,ngsl-gr-1.0,oewn-2025		validated
a2-patient	patient	adjective	A2	editorial-estimate		very-common	source-backed-rank	ngsl-gr-1.0	639	cefrj-1.5,ngsl-gr-1.0,oewn-2025,vocabulary-core-2026-08		validated
master-patient-noun	patient	noun	A2	source-backed	cefrj-1.5	very-common	source-backed-rank	ngsl-gr-1.0	639	cefrj-1.5,ngsl-gr-1.0,oewn-2025		validated
foundation-a2-pay	pay	verb	A2	editorial-estimate		very-common	source-backed-rank	ngsl-gr-1.0	270	cefrj-1.5,ngsl-gr-1.0,oewn-2025,vocabulary-foundations-001-2026-08		validated
master-peaceful-adjective	peaceful	adjective	A2	source-backed	cefrj-1.5	common	source-backed-rank	ngsl-gr-1.0	3094	bsl-1.2,cefrj-1.5,ngsl-gr-1.0,oewn-2025		validated
master-perfect-adjective	perfect	adjective	A2	source-backed	cefrj-1.5	very-common	source-backed-rank	ngsl-gr-1.0	1161	cefrj-1.5,ngsl-gr-1.0,oewn-2025		validated
master-perfectly-adverb	perfectly	adverb	A2	source-backed	cefrj-1.5	common	source-backed-rank	ngsl-gr-1.0	1938	cefrj-1.5,ngsl-gr-1.0,oewn-2025		validated
master-perform-verb	perform	verb	A2	source-backed	cefrj-1.5	very-common	source-backed-rank	ngsl-gr-1.0	985	cefrj-1.5,ngsl-gr-1.0,oewn-2025		validated
master-performance-noun	performance	noun	A2	source-backed	cefrj-1.5	very-common	source-backed-rank	ngsl-gr-1.0	609	cefrj-1.5,ngsl-gr-1.0,oewn-2025		validated
master-perhaps-adverb	perhaps	adverb	A2	source-backed	cefrj-1.5	very-common	source-backed-rank	ngsl-gr-1.0	463	cefrj-1.5,ngsl-gr-1.0,oewn-2025		validated
master-permission-noun	permission	noun	A2	source-backed	cefrj-1.5	common	source-backed-rank	ngsl-gr-1.0	2464	cefrj-1.5,ngsl-gr-1.0,oewn-2025		validated
master-personality-noun	personality	noun	A2	source-backed	cefrj-1.5	common	source-backed-rank	ngsl-gr-1.0	1702	cefrj-1.5,ngsl-gr-1.0,oewn-2025		validated
master-petrol-noun	petrol	noun	A2	source-backed	cefrj-1.5	less-common	source-backed-rank	ngsl-gr-1.0	3574	bsl-1.2,cefrj-1.5,ngsl-gr-1.0,oewn-2025		validated
master-photograph-noun	photograph	noun	A2	source-backed	cefrj-1.5	very-common	source-backed-rank	ngsl-gr-1.0	1232	cefrj-1.5,ngsl-gr-1.0,oewn-2025		validated
master-physical-adjective	physical	adjective	A2	source-backed	cefrj-1.5	very-common	source-backed-rank	ngsl-gr-1.0	1170	cefrj-1.5,ngsl-gr-1.0,oewn-2025		validated
master-physically-adverb	physically	adverb	A2	source-backed	cefrj-1.5	common	source-backed-rank	ngsl-gr-1.0	3047	bsl-1.2,cefrj-1.5,nawl-1.2,ngsl-gr-1.0,oewn-2025		validated
master-pile-noun	pile	noun	A2	source-backed	cefrj-1.5	common	source-backed-rank	ngsl-gr-1.0	2568	cefrj-1.5,ngsl-gr-1.0,oewn-2025		validated
master-pill-noun	pill	noun	A2	source-backed	cefrj-1.5	less-common	source-backed-rank	ngsl-gr-1.0	3838	bsl-1.2,cefrj-1.5,ngsl-gr-1.0,oewn-2025		validated
master-pilot-noun	pilot	noun	A2	source-backed	cefrj-1.5	common	source-backed-rank	ngsl-gr-1.0	1846	cefrj-1.5,ngsl-gr-1.0,oewn-2025		validated
master-pink-noun	pink	noun	A2	source-backed	cefrj-1.5	common	source-backed-rank	ngsl-gr-1.0	2288	cefrj-1.5,ngsl-gr-1.0,oewn-2025		validated
foundation-a2-plan	plan	noun	A2	editorial-estimate		very-common	source-backed-rank	ngsl-gr-1.0	282	cefrj-1.5,ngsl-gr-1.0,oewn-2025,vocabulary-foundations-001-2026-08		validated
master-planet-noun	planet	noun	A2	source-backed	cefrj-1.5	common	source-backed-rank	ngsl-gr-1.0	2269	cefrj-1.5,ngsl-gr-1.0,oewn-2025		validated
master-plant-noun	plant	noun	A2	source-backed	cefrj-1.5	very-common	source-backed-rank	ngsl-gr-1.0	721	cefrj-1.5,ngsl-gr-1.0,oewn-2025		validated
master-plastic-adjective	plastic	adjective	A2	source-backed	cefrj-1.5	common	source-backed-rank	ngsl-gr-1.0	1900	cefrj-1.5,ngsl-gr-1.0,oewn-2025		validated
master-plate-noun	plate	noun	A2	source-backed	cefrj-1.5	common	source-backed-rank	ngsl-gr-1.0	1755	cefrj-1.5,ngsl-gr-1.0,oewn-2025		validated
master-pleasant-adjective	pleasant	adjective	A2	source-backed	cefrj-1.5	common	source-backed-rank	ngsl-gr-1.0	2364	cefrj-1.5,ngsl-gr-1.0,oewn-2025		validated
master-plenty-noun	plenty	noun	A2	source-backed	cefrj-1.5	common	source-backed-rank	ngsl-gr-1.0	1592	cefrj-1.5,ngsl-gr-1.0,oewn-2025		validated
master-plus-preposition	plus	preposition	A2	source-backed	cefrj-1.5	very-common	source-backed-rank	ngsl-gr-1.0	1306	cefrj-1.5,ngsl-gr-1.0		validated
master-point-verb	point	verb	A2	source-backed	cefrj-1.5	very-common	source-backed-rank	ngsl-gr-1.0	181	cefrj-1.5,ngsl-gr-1.0,oewn-2025		validated
master-police-noun	police	noun	A2	source-backed	cefrj-1.5	very-common	source-backed-rank	ngsl-gr-1.0	666	cefrj-1.5,ngsl-gr-1.0,oewn-2025		validated
master-policeman-noun	policeman	noun	A2	source-backed	cefrj-1.5	common	source-backed-rank	ngsl-gr-1.0	3104	bsl-1.2,cefrj-1.5,ngsl-gr-1.0,oewn-2025		validated
master-political-adjective	political	adjective	A2	source-backed	cefrj-1.5	very-common	source-backed-rank	ngsl-gr-1.0	444	cefrj-1.5,ngsl-gr-1.0,oewn-2025		validated
foundation-a2-popular	popular	adjective	A2	source-backed	cefrj-1.5	very-common	source-backed-rank	ngsl-gr-1.0	840	cefrj-1.5,ngsl-gr-1.0,oewn-2025,vocabulary-foundations-001-2026-08		validated
master-population-noun	population	noun	A2	source-backed	cefrj-1.5	very-common	source-backed-rank	ngsl-gr-1.0	760	cefrj-1.5,ngsl-gr-1.0,oewn-2025		validated
master-position-noun	position	noun	A2	source-backed	cefrj-1.5	very-common	source-backed-rank	ngsl-gr-1.0	476	cefrj-1.5,ngsl-gr-1.0,oewn-2025		validated
foundation-a2-possible	possible	adjective	A2	source-backed	cefrj-1.5	very-common	source-backed-rank	ngsl-gr-1.0	340	cefrj-1.5,ngsl-gr-1.0,oewn-2025,vocabulary-foundations-001-2026-08		validated
master-possibly-adverb	possibly	adverb	A2	source-backed	cefrj-1.5	very-common	source-backed-rank	ngsl-gr-1.0	1397	cefrj-1.5,ngsl-gr-1.0,oewn-2025		validated
master-post-verb	post	verb	A2	source-backed	cefrj-1.5	very-common	source-backed-rank	ngsl-gr-1.0	978	cefrj-1.5,ngsl-gr-1.0,oewn-2025		validated
master-pour-verb	pour	verb	A2	source-backed	cefrj-1.5	common	source-backed-rank	ngsl-gr-1.0	2185	cefrj-1.5,ngsl-gr-1.0,oewn-2025		validated
master-power-noun	power	noun	A2	source-backed	cefrj-1.5	very-common	source-backed-rank	ngsl-gr-1.0	381	cefrj-1.5,ngsl-gr-1.0,oewn-2025		validated
master-powerful-adjective	powerful	adjective	A2	source-backed	cefrj-1.5	very-common	source-backed-rank	ngsl-gr-1.0	1350	cefrj-1.5,ngsl-gr-1.0,oewn-2025		validated
master-prediction-noun	prediction	noun	A2	source-backed	cefrj-1.5	common	source-backed-rank	ngsl-gr-1.0	3181	bsl-1.2,cefrj-1.5,nawl-1.2,ngsl-gr-1.0,oewn-2025		validated
master-prefer-verb	prefer	verb	A2	source-backed	cefrj-1.5	very-common	source-backed-rank	ngsl-gr-1.0	999	cefrj-1.5,ngsl-gr-1.0,oewn-2025		validated
a2-prepare	prepare	verb	A2	source-backed	cefrj-1.5	very-common	source-backed-rank	ngsl-gr-1.0	654	cefrj-1.5,ngsl-gr-1.0,oewn-2025,vocabulary-core-2026-08		validated
master-pressure-noun	pressure	noun	A2	source-backed	cefrj-1.5	very-common	source-backed-rank	ngsl-gr-1.0	859	cefrj-1.5,ngsl-gr-1.0,oewn-2025		validated
master-pretty-adverb	pretty	adverb	A2	source-backed	cefrj-1.5	very-common	source-backed-rank	ngsl-gr-1.0	687	cefrj-1.5,ngsl-gr-1.0,oewn-2025		validated
foundation-a2-price	price	noun	A2	editorial-estimate		very-common	source-backed-rank	ngsl-gr-1.0	346	cefrj-1.5,ngsl-gr-1.0,oewn-2025,vocabulary-foundations-001-2026-08		validated
master-principal-adjective	principal	adjective	A2	source-backed	cefrj-1.5	common	source-backed-rank	ngsl-gr-1.0	1605	cefrj-1.5,ngsl-gr-1.0,oewn-2025		validated
master-print-verb	print	verb	A2	source-backed	cefrj-1.5	very-common	source-backed-rank	ngsl-gr-1.0	1150	cefrj-1.5,ngsl-gr-1.0,oewn-2025		validated
foundation-a2-private	private	adjective	A2	source-backed	cefrj-1.5	very-common	source-backed-rank	ngsl-gr-1.0	698	cefrj-1.5,ngsl-gr-1.0,oewn-2025,vocabulary-foundations-001-2026-08		validated
master-probably-adverb	probably	adverb	A2	source-backed	cefrj-1.5	very-common	source-backed-rank	ngsl-gr-1.0	378	cefrj-1.5,ngsl-gr-1.0,oewn-2025		validated
foundation-a2-problem	problem	noun	A2	editorial-estimate		very-common	source-backed-rank	ngsl-gr-1.0	170	cefrj-1.5,ngsl-gr-1.0,oewn-2025,vocabulary-foundations-001-2026-08		validated
master-produce-verb	produce	verb	A2	source-backed	cefrj-1.5	very-common	source-backed-rank	ngsl-gr-1.0	467	cefrj-1.5,ngsl-gr-1.0,oewn-2025		validated
master-product-noun	product	noun	A2	source-backed	cefrj-1.5	very-common	source-backed-rank	ngsl-gr-1.0	354	cefrj-1.5,ngsl-gr-1.0,oewn-2025		validated
master-production-noun	production	noun	A2	source-backed	cefrj-1.5	very-common	source-backed-rank	ngsl-gr-1.0	763	cefrj-1.5,ngsl-gr-1.0,oewn-2025		validated
master-professional-adjective	professional	adjective	A2	source-backed	cefrj-1.5	very-common	source-backed-rank	ngsl-gr-1.0	986	cefrj-1.5,ngsl-gr-1.0,oewn-2025		validated
v21	progress	noun	A2	editorial-estimate		very-common	source-backed-rank	ngsl-gr-1.0	1151	cefrj-1.5,ngsl-gr-1.0,oewn-2025,vocabulary-core-2026-08		validated
master-progressive-adjective	progressive	adjective	A2	source-backed	cefrj-1.5	less-common	source-backed-rank	ngsl-gr-1.0	3551	bsl-1.2,cefrj-1.5,nawl-1.2,ngsl-gr-1.0,oewn-2025		validated
foundation-a2-project	project	noun	A2	editorial-estimate		very-common	source-backed-rank	ngsl-gr-1.0	568	cefrj-1.5,ngsl-gr-1.0,oewn-2025,vocabulary-foundations-001-2026-08		validated
master-promise-noun	promise	noun	A2	source-backed	cefrj-1.5	very-common	source-backed-rank	ngsl-gr-1.0	879	cefrj-1.5,ngsl-gr-1.0,oewn-2025		validated
master-pronounce-verb	pronounce	verb	A2	source-backed	cefrj-1.5	common	source-backed-rank	ngsl-gr-1.0	3275	bsl-1.2,cefrj-1.5,nawl-1.2,ngsl-gr-1.0,oewn-2025		validated
master-proper-adjective	proper	adjective	A2	source-backed	cefrj-1.5	common	source-backed-rank	ngsl-gr-1.0	1534	cefrj-1.5,ngsl-gr-1.0,oewn-2025		validated
master-provide-verb	provide	verb	A2	source-backed	cefrj-1.5	very-common	source-backed-rank	ngsl-gr-1.0	255	cefrj-1.5,ngsl-gr-1.0,oewn-2025		validated
master-psychologist-noun	psychologist	noun	A2	source-backed	cefrj-1.5	less-common	source-backed-rank	ngsl-gr-1.0	4147	cefrj-1.5,nawl-1.2,ngsl-gr-1.0,oewn-2025		validated
foundation-a2-public	public	adjective	A2	editorial-estimate		very-common	source-backed-rank	ngsl-gr-1.0	337	cefrj-1.5,ngsl-gr-1.0,oewn-2025,vocabulary-foundations-001-2026-08		validated
master-public-noun	public	noun	A2	source-backed	cefrj-1.5	very-common	source-backed-rank	ngsl-gr-1.0	337	cefrj-1.5,ngsl-gr-1.0,oewn-2025		validated
master-publish-verb	publish	verb	A2	source-backed	cefrj-1.5	common	source-backed-rank	ngsl-gr-1.0	2861	bsl-1.2,cefrj-1.5,nawl-1.2,ngsl-gr-1.0,oewn-2025		validated
master-pull-verb	pull	verb	A2	source-backed	cefrj-1.5	very-common	source-backed-rank	ngsl-gr-1.0	849	cefrj-1.5,ngsl-gr-1.0,oewn-2025		validated
master-purpose-noun	purpose	noun	A2	source-backed	cefrj-1.5	very-common	source-backed-rank	ngsl-gr-1.0	785	cefrj-1.5,ngsl-gr-1.0,oewn-2025		validated
master-pursue-verb	pursue	verb	A2	source-backed	cefrj-1.5	common	source-backed-rank	ngsl-gr-1.0	1834	cefrj-1.5,ngsl-gr-1.0,oewn-2025		validated
master-quality-noun	quality	noun	A2	source-backed	cefrj-1.5	very-common	source-backed-rank	ngsl-gr-1.0	567	cefrj-1.5,ngsl-gr-1.0,oewn-2025		validated
master-quick-adjective	quick	adjective	A2	source-backed	cefrj-1.5	very-common	source-backed-rank	ngsl-gr-1.0	1245	cefrj-1.5,ngsl-gr-1.0,oewn-2025		validated
foundation-a2-quiet	quiet	adjective	A2	editorial-estimate		very-common	source-backed-rank	ngsl-gr-1.0	1363	cefrj-1.5,ngsl-gr-1.0,oewn-2025,vocabulary-foundations-001-2026-08		validated
master-quit-verb	quit	verb	A2	source-backed	cefrj-1.5	common	source-backed-rank	ngsl-gr-1.0	3064	bsl-1.2,cefrj-1.5,ngsl-gr-1.0,oewn-2025		validated
master-quite-adverb	quite	adverb	A2	source-backed	cefrj-1.5	very-common	source-backed-rank	ngsl-gr-1.0	327	cefrj-1.5,ngsl-gr-1.0,oewn-2025		validated
master-raise-verb	raise	verb	A2	source-backed	cefrj-1.5	very-common	source-backed-rank	ngsl-gr-1.0	536	cefrj-1.5,ngsl-gr-1.0,oewn-2025		validated
master-range-noun	range	noun	A2	source-backed	cefrj-1.5	very-common	source-backed-rank	ngsl-gr-1.0	566	cefrj-1.5,ngsl-gr-1.0,oewn-2025		validated
master-rate-noun	rate	noun	A2	source-backed	cefrj-1.5	very-common	source-backed-rank	ngsl-gr-1.0	362	cefrj-1.5,ngsl-gr-1.0,oewn-2025		validated
master-rather-adverb	rather	adverb	A2	source-backed	cefrj-1.5	very-common	source-backed-rank	ngsl-gr-1.0	342	cefrj-1.5,ngsl-gr-1.0,oewn-2025		validated
master-ray-noun	ray	noun	A2	source-backed	cefrj-1.5	less-common	source-backed-rank	ngsl-gr-1.0	4418	bsl-1.2,cefrj-1.5,nawl-1.2,ngsl-gr-1.0,oewn-2025		validated
master-reach-verb	reach	verb	A2	source-backed	cefrj-1.5	very-common	source-backed-rank	ngsl-gr-1.0	430	cefrj-1.5,ngsl-gr-1.0,oewn-2025		validated
foundation-a2-receipt	receipt	noun	A2	source-backed	cefrj-1.5	less-common	source-backed-rank	ngsl-gr-1.0	3860	bsl-1.2,cefrj-1.5,ngsl-gr-1.0,oewn-2025,vocabulary-foundations-001-2026-08		validated
master-receive-verb	receive	verb	A2	source-backed	cefrj-1.5	very-common	source-backed-rank	ngsl-gr-1.0	446	cefrj-1.5,ngsl-gr-1.0,oewn-2025		validated
master-recent-adjective	recent	adjective	A2	source-backed	cefrj-1.5	very-common	source-backed-rank	ngsl-gr-1.0	691	cefrj-1.5,ngsl-gr-1.0,oewn-2025		validated
master-recently-adverb	recently	adverb	A2	source-backed	cefrj-1.5	very-common	source-backed-rank	ngsl-gr-1.0	688	cefrj-1.5,ngsl-gr-1.0,oewn-2025		validated
a2-recommend	recommend	verb	A2	editorial-estimate		very-common	source-backed-rank	ngsl-gr-1.0	1057	cefrj-1.5,ngsl-gr-1.0,oewn-2025,vocabulary-core-2026-08		validated
master-record-verb	record	verb	A2	source-backed	cefrj-1.5	very-common	source-backed-rank	ngsl-gr-1.0	394	cefrj-1.5,ngsl-gr-1.0,oewn-2025		validated
master-recycle-verb	recycle	verb	A2	source-backed	cefrj-1.5	common	source-backed-rank	ngsl-gr-1.0	3160	bsl-1.2,cefrj-1.5,ngsl-gr-1.0,oewn-2025		validated
master-red-noun	red	noun	A2	source-backed	cefrj-1.5	very-common	source-backed-rank	ngsl-gr-1.0	850	cefrj-1.5,ngsl-gr-1.0,oewn-2025		validated
master-refer-verb	refer	verb	A2	source-backed	cefrj-1.5	very-common	source-backed-rank	ngsl-gr-1.0	916	cefrj-1.5,ngsl-gr-1.0,oewn-2025		validated
master-reflect-verb	reflect	verb	A2	source-backed	cefrj-1.5	very-common	source-backed-rank	ngsl-gr-1.0	966	cefrj-1.5,ngsl-gr-1.0,oewn-2025		validated
master-regret-verb	regret	verb	A2	source-backed	cefrj-1.5	common	source-backed-rank	ngsl-gr-1.0	2441	cefrj-1.5,ngsl-gr-1.0,oewn-2025		validated
master-regular-adjective	regular	adjective	A2	source-backed	cefrj-1.5	very-common	source-backed-rank	ngsl-gr-1.0	1169	cefrj-1.5,ngsl-gr-1.0,oewn-2025		validated
master-regularly-adverb	regularly	adverb	A2	source-backed	cefrj-1.5	common	source-backed-rank	ngsl-gr-1.0	2307	cefrj-1.5,ngsl-gr-1.0,oewn-2025		validated
a2-relationship	relationship	noun	A2	editorial-estimate		very-common	source-backed-rank	ngsl-gr-1.0	552	cefrj-1.5,ngsl-gr-1.0,oewn-2025,vocabulary-core-2026-08		validated
master-relax-verb	relax	verb	A2	source-backed	cefrj-1.5	common	source-backed-rank	ngsl-gr-1.0	1535	cefrj-1.5,ngsl-gr-1.0,oewn-2025		validated
master-release-noun	release	noun	A2	source-backed	cefrj-1.5	very-common	source-backed-rank	ngsl-gr-1.0	836	cefrj-1.5,ngsl-gr-1.0,oewn-2025		validated
master-remain-verb	remain	verb	A2	source-backed	cefrj-1.5	very-common	source-backed-rank	ngsl-gr-1.0	424	cefrj-1.5,ngsl-gr-1.0,oewn-2025		validated
master-remind-verb	remind	verb	A2	source-backed	cefrj-1.5	common	source-backed-rank	ngsl-gr-1.0	1509	cefrj-1.5,ngsl-gr-1.0,oewn-2025		validated
master-remote-adjective	remote	adjective	A2	source-backed	cefrj-1.5	common	source-backed-rank	ngsl-gr-1.0	2547	cefrj-1.5,ngsl-gr-1.0,oewn-2025		validated
master-rent-noun	rent	noun	A2	source-backed	cefrj-1.5	common	source-backed-rank	ngsl-gr-1.0	1616	cefrj-1.5,ngsl-gr-1.0,oewn-2025		validated
master-rent-verb	rent	verb	A2	source-backed	cefrj-1.5	common	source-backed-rank	ngsl-gr-1.0	1616	cefrj-1.5,ngsl-gr-1.0,oewn-2025		validated
master-repair-noun	repair	noun	A2	source-backed	cefrj-1.5	common	source-backed-rank	ngsl-gr-1.0	1928	cefrj-1.5,ngsl-gr-1.0,oewn-2025		validated
a2-repair	repair	verb	A2	source-backed	cefrj-1.5	common	source-backed-rank	ngsl-gr-1.0	1928	cefrj-1.5,ngsl-gr-1.0,oewn-2025,vocabulary-core-2026-08		validated
master-replace-verb	replace	verb	A2	source-backed	cefrj-1.5	very-common	source-backed-rank	ngsl-gr-1.0	1044	cefrj-1.5,ngsl-gr-1.0,oewn-2025		validated
master-reply-noun	reply	noun	A2	source-backed	cefrj-1.5	very-common	source-backed-rank	ngsl-gr-1.0	1158	cefrj-1.5,ngsl-gr-1.0,oewn-2025		validated
master-report-noun	report	noun	A2	source-backed	cefrj-1.5	very-common	source-backed-rank	ngsl-gr-1.0	216	cefrj-1.5,ngsl-gr-1.0,oewn-2025		validated
master-represent-verb	represent	verb	A2	source-backed	cefrj-1.5	very-common	source-backed-rank	ngsl-gr-1.0	708	cefrj-1.5,ngsl-gr-1.0,oewn-2025		validated
master-request-noun	request	noun	A2	source-backed	cefrj-1.5	very-common	source-backed-rank	ngsl-gr-1.0	1061	cefrj-1.5,ngsl-gr-1.0,oewn-2025		validated
master-research-noun	research	noun	A2	source-backed	cefrj-1.5	very-common	source-backed-rank	ngsl-gr-1.0	473	cefrj-1.5,ngsl-gr-1.0,oewn-2025		validated
master-response-noun	response	noun	A2	source-backed	cefrj-1.5	very-common	source-backed-rank	ngsl-gr-1.0	656	cefrj-1.5,ngsl-gr-1.0,oewn-2025		validated
foundation-a2-restaurant	restaurant	noun	A2	editorial-estimate		very-common	source-backed-rank	ngsl-gr-1.0	969	cefrj-1.5,ngsl-gr-1.0,oewn-2025,vocabulary-foundations-001-2026-08		validated
master-retire-verb	retire	verb	A2	source-backed	cefrj-1.5	common	source-backed-rank	ngsl-gr-1.0	1685	cefrj-1.5,ngsl-gr-1.0,oewn-2025		validated
master-return-noun	return	noun	A2	source-backed	cefrj-1.5	very-common	source-backed-rank	ngsl-gr-1.0	387	cefrj-1.5,ngsl-gr-1.0,oewn-2025		validated
foundation-a2-return	return	verb	A2	source-backed	cefrj-1.5	very-common	source-backed-rank	ngsl-gr-1.0	387	cefrj-1.5,ngsl-gr-1.0,oewn-2025,vocabulary-foundations-001-2026-08		validated
master-reveal-verb	reveal	verb	A2	source-backed	cefrj-1.5	very-common	source-backed-rank	ngsl-gr-1.0	1174	cefrj-1.5,ngsl-gr-1.0,oewn-2025		validated
v23	review	verb	A2	editorial-estimate		very-common	source-backed-rank	ngsl-gr-1.0	780	cefrj-1.5,ngsl-gr-1.0,oewn-2025,vocabulary-core-2026-08		validated
master-rhythm-noun	rhythm	noun	A2	source-backed	cefrj-1.5	common	source-backed-rank	ngsl-gr-1.0	3259	cefrj-1.5,nawl-1.2,ngsl-gr-1.0,oewn-2025		validated
master-right-noun	right	noun	A2	source-backed	cefrj-1.5	very-common	source-backed-rank	ngsl-gr-1.0	142	cefrj-1.5,ngsl-gr-1.0,oewn-2025		validated
master-ring-noun	ring	noun	A2	source-backed	cefrj-1.5	very-common	source-backed-rank	ngsl-gr-1.0	995	cefrj-1.5,ngsl-gr-1.0,oewn-2025		validated
master-road-noun	road	noun	A2	source-backed	cefrj-1.5	very-common	source-backed-rank	ngsl-gr-1.0	571	cefrj-1.5,ngsl-gr-1.0,oewn-2025		validated
master-rock-noun	rock	noun	A2	source-backed	cefrj-1.5	very-common	source-backed-rank	ngsl-gr-1.0	1015	cefrj-1.5,ngsl-gr-1.0,oewn-2025		validated
master-roll-noun	roll	noun	A2	source-backed	cefrj-1.5	very-common	source-backed-rank	ngsl-gr-1.0	1230	cefrj-1.5,ngsl-gr-1.0,oewn-2025		validated
master-roof-noun	roof	noun	A2	source-backed	cefrj-1.5	common	source-backed-rank	ngsl-gr-1.0	2066	cefrj-1.5,ngsl-gr-1.0,oewn-2025		validated
master-root-noun	root	noun	A2	source-backed	cefrj-1.5	common	source-backed-rank	ngsl-gr-1.0	1579	cefrj-1.5,ngsl-gr-1.0,oewn-2025		validated
master-rope-noun	rope	noun	A2	source-backed	cefrj-1.5	common	source-backed-rank	ngsl-gr-1.0	3492	cefrj-1.5,nawl-1.2,ngsl-gr-1.0,oewn-2025		validated
master-roughly-adverb	roughly	adverb	A2	source-backed	cefrj-1.5	common	source-backed-rank	ngsl-gr-1.0	2500	cefrj-1.5,ngsl-gr-1.0,oewn-2025		validated
master-round-adverb	round	adverb	A2	source-backed	cefrj-1.5	very-common	source-backed-rank	ngsl-gr-1.0	569	cefrj-1.5,ngsl-gr-1.0,oewn-2025		validated
master-ruin-verb	ruin	verb	A2	source-backed	cefrj-1.5	common	source-backed-rank	ngsl-gr-1.0	2455	cefrj-1.5,ngsl-gr-1.0,oewn-2025		validated
master-rush-noun	rush	noun	A2	source-backed	cefrj-1.5	common	source-backed-rank	ngsl-gr-1.0	1749	cefrj-1.5,ngsl-gr-1.0,oewn-2025		validated
master-sadly-adverb	sadly	adverb	A2	source-backed	cefrj-1.5	less-common	source-backed-rank	ngsl-gr-1.0	3739	bsl-1.2,cefrj-1.5,ngsl-gr-1.0,oewn-2025		validated
foundation-a2-safe	safe	adjective	A2	source-backed	cefrj-1.5	very-common	source-backed-rank	ngsl-gr-1.0	1077	cefrj-1.5,ngsl-gr-1.0,oewn-2025,vocabulary-foundations-001-2026-08		validated
master-sake-noun	sake	noun	A2	source-backed	cefrj-1.5	common	source-backed-rank	ngsl-gr-1.0	2587	cefrj-1.5,ngsl-gr-1.0,oewn-2025		validated
master-salt-noun	salt	noun	A2	source-backed	cefrj-1.5	common	source-backed-rank	ngsl-gr-1.0	2509	cefrj-1.5,ngsl-gr-1.0,oewn-2025		validated
master-sample-noun	sample	noun	A2	source-backed	cefrj-1.5	very-common	source-backed-rank	ngsl-gr-1.0	1112	cefrj-1.5,ngsl-gr-1.0,oewn-2025		validated
master-satisfy-verb	satisfy	verb	A2	source-backed	cefrj-1.5	very-common	source-backed-rank	ngsl-gr-1.0	1204	cefrj-1.5,ngsl-gr-1.0,oewn-2025		validated
foundation-a2-save	save	verb	A2	editorial-estimate		very-common	source-backed-rank	ngsl-gr-1.0	616	cefrj-1.5,ngsl-gr-1.0,oewn-2025,vocabulary-foundations-001-2026-08		validated
master-scale-noun	scale	noun	A2	source-backed	cefrj-1.5	very-common	source-backed-rank	ngsl-gr-1.0	1249	cefrj-1.5,ngsl-gr-1.0,oewn-2025		validated
master-scene-noun	scene	noun	A2	source-backed	cefrj-1.5	very-common	source-backed-rank	ngsl-gr-1.0	1073	cefrj-1.5,ngsl-gr-1.0,oewn-2025		validated
a2-schedule	schedule	noun	A2	source-backed	cefrj-1.5	very-common	source-backed-rank	ngsl-gr-1.0	1290	cefrj-1.5,ngsl-gr-1.0,oewn-2025,vocabulary-core-2026-08		validated
master-scientific-adjective	scientific	adjective	A2	source-backed	cefrj-1.5	common	source-backed-rank	ngsl-gr-1.0	1806	cefrj-1.5,ngsl-gr-1.0,oewn-2025		validated
master-scream-noun	scream	noun	A2	source-backed	cefrj-1.5	common	source-backed-rank	ngsl-gr-1.0	2212	cefrj-1.5,ngsl-gr-1.0,oewn-2025		validated
master-screen-noun	screen	noun	A2	source-backed	cefrj-1.5	very-common	source-backed-rank	ngsl-gr-1.0	1007	cefrj-1.5,ngsl-gr-1.0,oewn-2025		validated
master-script-noun	script	noun	A2	source-backed	cefrj-1.5	common	source-backed-rank	ngsl-gr-1.0	2923	bsl-1.2,cefrj-1.5,ngsl-gr-1.0,oewn-2025		validated
master-search-noun	search	noun	A2	source-backed	cefrj-1.5	very-common	source-backed-rank	ngsl-gr-1.0	939	cefrj-1.5,ngsl-gr-1.0,oewn-2025		validated
master-second-noun	second	noun	A2	source-backed	cefrj-1.5	very-common	source-backed-rank	ngsl-gr-1.0	276	cefrj-1.5,ngsl-gr-1.0,oewn-2025		validated
master-second-pronoun	second	pronoun	A2	source-backed	cefrj-1.5	very-common	source-backed-rank	ngsl-gr-1.0	276	cefrj-1.5,ngsl-gr-1.0		validated
master-secret-noun	secret	noun	A2	source-backed	cefrj-1.5	very-common	source-backed-rank	ngsl-gr-1.0	1326	cefrj-1.5,ngsl-gr-1.0,oewn-2025		validated
master-secretary-noun	secretary	noun	A2	source-backed	cefrj-1.5	very-common	source-backed-rank	ngsl-gr-1.0	1243	cefrj-1.5,ngsl-gr-1.0,oewn-2025		validated
master-seed-noun	seed	noun	A2	source-backed	cefrj-1.5	common	source-backed-rank	ngsl-gr-1.0	1865	cefrj-1.5,ngsl-gr-1.0,oewn-2025		validated
master-seek-verb	seek	verb	A2	source-backed	cefrj-1.5	very-common	source-backed-rank	ngsl-gr-1.0	828	cefrj-1.5,ngsl-gr-1.0,oewn-2025		validated
foundation-a2-seem	seem	verb	A2	source-backed	cefrj-1.5	very-common	source-backed-rank	ngsl-gr-1.0	223	cefrj-1.5,ngsl-gr-1.0,oewn-2025,vocabulary-foundations-001-2026-08		validated
master-send-verb	send	verb	A2	source-backed	cefrj-1.5	very-common	source-backed-rank	ngsl-gr-1.0	373	cefrj-1.5,ngsl-gr-1.0,oewn-2025		validated
master-senior-adjective	senior	adjective	A2	source-backed	cefrj-1.5	very-common	source-backed-rank	ngsl-gr-1.0	1257	cefrj-1.5,ngsl-gr-1.0,oewn-2025		validated
master-senior-noun	senior	noun	A2	source-backed	cefrj-1.5	very-common	source-backed-rank	ngsl-gr-1.0	1257	cefrj-1.5,ngsl-gr-1.0,oewn-2025		validated
master-sense-noun	sense	noun	A2	source-backed	cefrj-1.5	very-common	source-backed-rank	ngsl-gr-1.0	462	cefrj-1.5,ngsl-gr-1.0,oewn-2025		validated
master-separate-adjective	separate	adjective	A2	source-backed	cefrj-1.5	very-common	source-backed-rank	ngsl-gr-1.0	940	cefrj-1.5,ngsl-gr-1.0,oewn-2025		validated
master-seriously-adverb	seriously	adverb	A2	source-backed	cefrj-1.5	common	source-backed-rank	ngsl-gr-1.0	1640	cefrj-1.5,ngsl-gr-1.0,oewn-2025		validated
master-serve-verb	serve	verb	A2	source-backed	cefrj-1.5	very-common	source-backed-rank	ngsl-gr-1.0	584	cefrj-1.5,ngsl-gr-1.0,oewn-2025		validated
master-set-noun	set	noun	A2	source-backed	cefrj-1.5	very-common	source-backed-rank	ngsl-gr-1.0	235	cefrj-1.5,ngsl-gr-1.0,oewn-2025		validated
master-several-determiner	several	determiner	A2	source-backed	cefrj-1.5	very-common	source-backed-rank	ngsl-gr-1.0	398	cefrj-1.5,ngsl-gr-1.0		validated
master-several-pronoun	several	pronoun	A2	source-backed	cefrj-1.5	very-common	source-backed-rank	ngsl-gr-1.0	398	cefrj-1.5,ngsl-gr-1.0		validated
master-shadow-noun	shadow	noun	A2	source-backed	cefrj-1.5	common	source-backed-rank	ngsl-gr-1.0	2289	cefrj-1.5,ngsl-gr-1.0,oewn-2025		validated
master-shall-modal	shall	modal	A2	source-backed	cefrj-1.5	very-common	source-backed-rank	ngsl-gr-1.0	857	cefrj-1.5,ngsl-gr-1.0		validated
master-shape-noun	shape	noun	A2	source-backed	cefrj-1.5	very-common	source-backed-rank	ngsl-gr-1.0	1036	cefrj-1.5,ngsl-gr-1.0,oewn-2025		validated
master-share-noun	share	noun	A2	source-backed	cefrj-1.5	very-common	source-backed-rank	ngsl-gr-1.0	403	cefrj-1.5,ngsl-gr-1.0,oewn-2025		validated
a2-share	share	verb	A2	editorial-estimate		very-common	source-backed-rank	ngsl-gr-1.0	403	cefrj-1.5,ngsl-gr-1.0,oewn-2025,vocabulary-core-2026-08		validated
master-shock-noun	shock	noun	A2	source-backed	cefrj-1.5	very-common	source-backed-rank	ngsl-gr-1.0	1433	cefrj-1.5,ngsl-gr-1.0,oewn-2025		validated
master-shoot-verb	shoot	verb	A2	source-backed	cefrj-1.5	very-common	source-backed-rank	ngsl-gr-1.0	1053	cefrj-1.5,ngsl-gr-1.0,oewn-2025		validated
master-shot-noun	shot	noun	A2	source-backed	cefrj-1.5	common	source-backed-rank	ngsl-gr-1.0	1617	cefrj-1.5,ngsl-gr-1.0,oewn-2025		validated
master-shout-noun	shout	noun	A2	source-backed	cefrj-1.5	common	source-backed-rank	ngsl-gr-1.0	1716	cefrj-1.5,ngsl-gr-1.0,oewn-2025		validated
master-show-noun	show	noun	A2	source-backed	cefrj-1.5	very-common	source-backed-rank	ngsl-gr-1.0	160	cefrj-1.5,ngsl-gr-1.0,oewn-2025		validated
master-shut-verb	shut	verb	A2	source-backed	cefrj-1.5	common	source-backed-rank	ngsl-gr-1.0	1825	cefrj-1.5,ngsl-gr-1.0,oewn-2025		validated
master-silence-noun	silence	noun	A2	source-backed	cefrj-1.5	common	source-backed-rank	ngsl-gr-1.0	2017	cefrj-1.5,ngsl-gr-1.0,oewn-2025		validated
master-silver-adjective	silver	adjective	A2	source-backed	cefrj-1.5	common	source-backed-rank	ngsl-gr-1.0	2083	cefrj-1.5,ngsl-gr-1.0,oewn-2025		validated
master-silver-noun	silver	noun	A2	source-backed	cefrj-1.5	common	source-backed-rank	ngsl-gr-1.0	2083	cefrj-1.5,ngsl-gr-1.0,oewn-2025		validated
v54	similar	adjective	A2	source-backed	cefrj-1.5	very-common	source-backed-rank	ngsl-gr-1.0	644	cefrj-1.5,ngsl-gr-1.0,oewn-2025,vocabulary-core-2026-08		validated
master-simple-adjective	simple	adjective	A2	source-backed	cefrj-1.5	very-common	source-backed-rank	ngsl-gr-1.0	738	cefrj-1.5,ngsl-gr-1.0,oewn-2025		validated
master-simply-adverb	simply	adverb	A2	source-backed	cefrj-1.5	very-common	source-backed-rank	ngsl-gr-1.0	676	cefrj-1.5,ngsl-gr-1.0,oewn-2025		validated
master-since-preposition	since	preposition	A2	source-backed	cefrj-1.5	very-common	source-backed-rank	ngsl-gr-1.0	241	cefrj-1.5,ngsl-gr-1.0		validated
master-single-adjective	single	adjective	A2	source-backed	cefrj-1.5	very-common	source-backed-rank	ngsl-gr-1.0	607	cefrj-1.5,ngsl-gr-1.0,oewn-2025		validated
master-sink-noun	sink	noun	A2	source-backed	cefrj-1.5	common	source-backed-rank	ngsl-gr-1.0	2155	cefrj-1.5,ngsl-gr-1.0,oewn-2025		validated
master-situation-noun	situation	noun	A2	source-backed	cefrj-1.5	very-common	source-backed-rank	ngsl-gr-1.0	480	cefrj-1.5,ngsl-gr-1.0,oewn-2025		validated
master-slave-noun	slave	noun	A2	source-backed	cefrj-1.5	common	source-backed-rank	ngsl-gr-1.0	2475	cefrj-1.5,ngsl-gr-1.0,oewn-2025		validated
master-slide-noun	slide	noun	A2	source-backed	cefrj-1.5	common	source-backed-rank	ngsl-gr-1.0	1947	cefrj-1.5,ngsl-gr-1.0,oewn-2025		validated
master-slim-adjective	slim	adjective	A2	source-backed	cefrj-1.5	less-common	source-backed-rank	ngsl-gr-1.0	3993	bsl-1.2,cefrj-1.5,ngsl-gr-1.0,oewn-2025		validated
master-slowly-adverb	slowly	adverb	A2	source-backed	cefrj-1.5	common	source-backed-rank	ngsl-gr-1.0	1562	cefrj-1.5,ngsl-gr-1.0,oewn-2025		validated
master-smoke-verb	smoke	verb	A2	source-backed	cefrj-1.5	very-common	source-backed-rank	ngsl-gr-1.0	1280	cefrj-1.5,ngsl-gr-1.0,oewn-2025		validated
master-smooth-adjective	smooth	adjective	A2	source-backed	cefrj-1.5	common	source-backed-rank	ngsl-gr-1.0	2291	cefrj-1.5,ngsl-gr-1.0,oewn-2025		validated
master-snow-verb	snow	verb	A2	source-backed	cefrj-1.5	common	source-backed-rank	ngsl-gr-1.0	2000	cefrj-1.5,ngsl-gr-1.0,oewn-2025		validated
master-so-adverb	so	adverb	A2	source-backed	cefrj-1.5	very-common	source-backed-rank	ngsl-gr-1.0	82	cefrj-1.5,ngsl-gr-1.0,oewn-2025		validated
master-society-noun	society	noun	A2	source-backed	cefrj-1.5	very-common	source-backed-rank	ngsl-gr-1.0	612	cefrj-1.5,ngsl-gr-1.0,oewn-2025		validated
master-soft-adjective	soft	adjective	A2	source-backed	cefrj-1.5	common	source-backed-rank	ngsl-gr-1.0	1651	cefrj-1.5,ngsl-gr-1.0,oewn-2025		validated
master-software-noun	software	noun	A2	source-backed	cefrj-1.5	very-common	source-backed-rank	ngsl-gr-1.0	1141	cefrj-1.5,ngsl-gr-1.0,oewn-2025		validated
master-soldier-noun	soldier	noun	A2	source-backed	cefrj-1.5	very-common	source-backed-rank	ngsl-gr-1.0	1428	cefrj-1.5,ngsl-gr-1.0,oewn-2025		validated
a2-solution	solution	noun	A2	source-backed	cefrj-1.5	very-common	source-backed-rank	ngsl-gr-1.0	838	cefrj-1.5,ngsl-gr-1.0,oewn-2025,vocabulary-core-2026-08		validated
master-somebody-pronoun	somebody	pronoun	A2	source-backed	cefrj-1.5	very-common	source-backed-rank	ngsl-gr-1.0	1033	cefrj-1.5,ngsl-gr-1.0		validated
master-somewhere-adverb	somewhere	adverb	A2	source-backed	cefrj-1.5	very-common	source-backed-rank	ngsl-gr-1.0	1370	cefrj-1.5,ngsl-gr-1.0,oewn-2025		validated
master-sound-noun	sound	noun	A2	source-backed	cefrj-1.5	very-common	source-backed-rank	ngsl-gr-1.0	440	cefrj-1.5,ngsl-gr-1.0,oewn-2025		validated
master-sound-verb	sound	verb	A2	source-backed	cefrj-1.5	very-common	source-backed-rank	ngsl-gr-1.0	440	cefrj-1.5,ngsl-gr-1.0,oewn-2025		validated
master-source-noun	source	noun	A2	source-backed	cefrj-1.5	very-common	source-backed-rank	ngsl-gr-1.0	673	cefrj-1.5,ngsl-gr-1.0,oewn-2025		validated
master-south-adjective	south	adjective	A2	source-backed	cefrj-1.5	very-common	source-backed-rank	ngsl-gr-1.0	1209	cefrj-1.5,ngsl-gr-1.0,oewn-2025		validated
master-south-adverb	south	adverb	A2	source-backed	cefrj-1.5	very-common	source-backed-rank	ngsl-gr-1.0	1209	cefrj-1.5,ngsl-gr-1.0,oewn-2025		validated
master-south-noun	south	noun	A2	source-backed	cefrj-1.5	very-common	source-backed-rank	ngsl-gr-1.0	1209	cefrj-1.5,ngsl-gr-1.0,oewn-2025		validated
master-space-noun	space	noun	A2	source-backed	cefrj-1.5	very-common	source-backed-rank	ngsl-gr-1.0	602	cefrj-1.5,ngsl-gr-1.0,oewn-2025		validated
master-speaker-noun	speaker	noun	A2	source-backed	cefrj-1.5	very-common	source-backed-rank	ngsl-gr-1.0	1291	cefrj-1.5,ngsl-gr-1.0,oewn-2025		validated
v56	specific	adjective	A2	source-backed	cefrj-1.5	very-common	source-backed-rank	ngsl-gr-1.0	841	cefrj-1.5,ngsl-gr-1.0,oewn-2025,vocabulary-core-2026-08		validated
master-speed-noun	speed	noun	A2	source-backed	cefrj-1.5	very-common	source-backed-rank	ngsl-gr-1.0	1156	cefrj-1.5,ngsl-gr-1.0,oewn-2025		validated
master-spell-verb	spell	verb	A2	source-backed	cefrj-1.5	common	source-backed-rank	ngsl-gr-1.0	2022	cefrj-1.5,ngsl-gr-1.0,oewn-2025		validated
foundation-a2-spend	spend	verb	A2	editorial-estimate		very-common	source-backed-rank	ngsl-gr-1.0	308	cefrj-1.5,ngsl-gr-1.0,oewn-2025,vocabulary-foundations-001-2026-08		validated
master-spill-verb	spill	verb	A2	source-backed	cefrj-1.5	less-common	source-backed-rank	ngsl-gr-1.0	3741	bsl-1.2,cefrj-1.5,ngsl-gr-1.0,oewn-2025		validated
master-split-adjective	split	adjective	A2	source-backed	cefrj-1.5	common	source-backed-rank	ngsl-gr-1.0	1986	cefrj-1.5,ngsl-gr-1.0,oewn-2025		validated
master-spread-noun	spread	noun	A2	source-backed	cefrj-1.5	very-common	source-backed-rank	ngsl-gr-1.0	1247	cefrj-1.5,ngsl-gr-1.0,oewn-2025		validated
master-square-adjective	square	adjective	A2	source-backed	cefrj-1.5	very-common	source-backed-rank	ngsl-gr-1.0	1493	cefrj-1.5,ngsl-gr-1.0,oewn-2025		validated
master-square-noun	square	noun	A2	source-backed	cefrj-1.5	very-common	source-backed-rank	ngsl-gr-1.0	1493	cefrj-1.5,ngsl-gr-1.0,oewn-2025		validated
master-stadium-noun	stadium	noun	A2	source-backed	cefrj-1.5	less-common	source-backed-rank	ngsl-gr-1.0	3853	cefrj-1.5,nawl-1.2,ngsl-gr-1.0,oewn-2025		validated
master-staff-noun	staff	noun	A2	source-backed	cefrj-1.5	very-common	source-backed-rank	ngsl-gr-1.0	481	cefrj-1.5,ngsl-gr-1.0,oewn-2025		validated
master-stand-verb	stand	verb	A2	source-backed	cefrj-1.5	very-common	source-backed-rank	ngsl-gr-1.0	359	cefrj-1.5,ngsl-gr-1.0,oewn-2025		validated
master-state-noun	state	noun	A2	source-backed	cefrj-1.5	very-common	source-backed-rank	ngsl-gr-1.0	249	cefrj-1.5,ngsl-gr-1.0,oewn-2025		validated
master-statement-noun	statement	noun	A2	source-backed	cefrj-1.5	very-common	source-backed-rank	ngsl-gr-1.0	819	cefrj-1.5,ngsl-gr-1.0,oewn-2025		validated
master-steal-verb	steal	verb	A2	source-backed	cefrj-1.5	common	source-backed-rank	ngsl-gr-1.0	1757	cefrj-1.5,ngsl-gr-1.0,oewn-2025		validated
master-step-noun	step	noun	A2	source-backed	cefrj-1.5	very-common	source-backed-rank	ngsl-gr-1.0	527	cefrj-1.5,ngsl-gr-1.0,oewn-2025		validated
master-still-adverb	still	adverb	A2	source-backed	cefrj-1.5	very-common	source-backed-rank	ngsl-gr-1.0	169	cefrj-1.5,ngsl-gr-1.0,oewn-2025		validated
master-storm-noun	storm	noun	A2	source-backed	cefrj-1.5	common	source-backed-rank	ngsl-gr-1.0	2049	cefrj-1.5,ngsl-gr-1.0,oewn-2025		validated
master-straight-adjective	straight	adjective	A2	source-backed	cefrj-1.5	very-common	source-backed-rank	ngsl-gr-1.0	1122	cefrj-1.5,ngsl-gr-1.0,oewn-2025		validated
master-strength-noun	strength	noun	A2	source-backed	cefrj-1.5	very-common	source-backed-rank	ngsl-gr-1.0	1313	cefrj-1.5,ngsl-gr-1.0,oewn-2025		validated
master-strike-noun	strike	noun	A2	source-backed	cefrj-1.5	very-common	source-backed-rank	ngsl-gr-1.0	826	cefrj-1.5,ngsl-gr-1.0,oewn-2025		validated
master-string-noun	string	noun	A2	source-backed	cefrj-1.5	common	source-backed-rank	ngsl-gr-1.0	2139	cefrj-1.5,ngsl-gr-1.0,oewn-2025		validated
master-strongly-adverb	strongly	adverb	A2	source-backed	cefrj-1.5	common	source-backed-rank	ngsl-gr-1.0	1595	cefrj-1.5,ngsl-gr-1.0,oewn-2025		validated
master-structure-noun	structure	noun	A2	source-backed	cefrj-1.5	very-common	source-backed-rank	ngsl-gr-1.0	717	cefrj-1.5,ngsl-gr-1.0,oewn-2025		validated
master-study-noun	study	noun	A2	source-backed	cefrj-1.5	very-common	source-backed-rank	ngsl-gr-1.0	237	cefrj-1.5,ngsl-gr-1.0,oewn-2025		validated
master-stuff-noun	stuff	noun	A2	source-backed	cefrj-1.5	very-common	source-backed-rank	ngsl-gr-1.0	802	cefrj-1.5,ngsl-gr-1.0,oewn-2025		validated
master-style-noun	style	noun	A2	source-backed	cefrj-1.5	very-common	source-backed-rank	ngsl-gr-1.0	915	cefrj-1.5,ngsl-gr-1.0,oewn-2025		validated
master-succeed-verb	succeed	verb	A2	source-backed	cefrj-1.5	common	source-backed-rank	ngsl-gr-1.0	1636	cefrj-1.5,ngsl-gr-1.0,oewn-2025		validated
master-success-noun	success	noun	A2	source-backed	cefrj-1.5	very-common	source-backed-rank	ngsl-gr-1.0	775	cefrj-1.5,ngsl-gr-1.0,oewn-2025		validated
master-successfully-adverb	successfully	adverb	A2	source-backed	cefrj-1.5	common	source-backed-rank	ngsl-gr-1.0	2483	cefrj-1.5,ngsl-gr-1.0,oewn-2025		validated
master-such-determiner	such	determiner	A2	source-backed	cefrj-1.5	very-common	source-backed-rank	ngsl-gr-1.0	150	cefrj-1.5,ngsl-gr-1.0		validated
master-such-pronoun	such	pronoun	A2	source-backed	cefrj-1.5	very-common	source-backed-rank	ngsl-gr-1.0	150	cefrj-1.5,ngsl-gr-1.0		validated
master-sudden-adjective	sudden	adjective	A2	source-backed	cefrj-1.5	common	source-backed-rank	ngsl-gr-1.0	1990	cefrj-1.5,ngsl-gr-1.0,oewn-2025		validated
master-suggest-verb	suggest	verb	A2	source-backed	cefrj-1.5	very-common	source-backed-rank	ngsl-gr-1.0	379	cefrj-1.5,ngsl-gr-1.0,oewn-2025		validated
master-suit-noun	suit	noun	A2	source-backed	cefrj-1.5	very-common	source-backed-rank	ngsl-gr-1.0	1172	cefrj-1.5,ngsl-gr-1.0,oewn-2025		validated
master-suit-verb	suit	verb	A2	source-backed	cefrj-1.5	very-common	source-backed-rank	ngsl-gr-1.0	1172	cefrj-1.5,ngsl-gr-1.0,oewn-2025		validated
master-suitable-adjective	suitable	adjective	A2	source-backed	cefrj-1.5	common	source-backed-rank	ngsl-gr-1.0	1688	cefrj-1.5,ngsl-gr-1.0,oewn-2025		validated
master-summary-noun	summary	noun	A2	source-backed	cefrj-1.5	common	source-backed-rank	ngsl-gr-1.0	2368	cefrj-1.5,ngsl-gr-1.0,oewn-2025		validated
master-support-noun	support	noun	A2	source-backed	cefrj-1.5	very-common	source-backed-rank	ngsl-gr-1.0	322	cefrj-1.5,ngsl-gr-1.0,oewn-2025		validated
master-sure-adverb	sure	adverb	A2	source-backed	cefrj-1.5	very-common	source-backed-rank	ngsl-gr-1.0	329	cefrj-1.5,ngsl-gr-1.0,oewn-2025		validated
a2-surprise	surprise	noun	A2	editorial-estimate		very-common	source-backed-rank	ngsl-gr-1.0	684	cefrj-1.5,ngsl-gr-1.0,oewn-2025,vocabulary-core-2026-08		validated
master-survive-verb	survive	verb	A2	source-backed	cefrj-1.5	very-common	source-backed-rank	ngsl-gr-1.0	1268	cefrj-1.5,ngsl-gr-1.0,oewn-2025		validated
master-sweet-noun	sweet	noun	A2	source-backed	cefrj-1.5	common	source-backed-rank	ngsl-gr-1.0	1831	cefrj-1.5,ngsl-gr-1.0,oewn-2025		validated
master-symbol-noun	symbol	noun	A2	source-backed	cefrj-1.5	common	source-backed-rank	ngsl-gr-1.0	2217	cefrj-1.5,ngsl-gr-1.0,oewn-2025		validated
master-system-noun	system	noun	A2	source-backed	cefrj-1.5	very-common	source-backed-rank	ngsl-gr-1.0	229	cefrj-1.5,ngsl-gr-1.0,oewn-2025		validated
master-talent-noun	talent	noun	A2	source-backed	cefrj-1.5	common	source-backed-rank	ngsl-gr-1.0	1840	cefrj-1.5,ngsl-gr-1.0,oewn-2025		validated
master-tap-noun	tap	noun	A2	source-backed	cefrj-1.5	common	source-backed-rank	ngsl-gr-1.0	2347	cefrj-1.5,ngsl-gr-1.0,oewn-2025		validated
master-tape-noun	tape	noun	A2	source-backed	cefrj-1.5	very-common	source-backed-rank	ngsl-gr-1.0	1421	cefrj-1.5,ngsl-gr-1.0,oewn-2025		validated
master-target-noun	target	noun	A2	source-backed	cefrj-1.5	very-common	source-backed-rank	ngsl-gr-1.0	847	cefrj-1.5,ngsl-gr-1.0,oewn-2025		validated
master-task-noun	task	noun	A2	source-backed	cefrj-1.5	very-common	source-backed-rank	ngsl-gr-1.0	904	cefrj-1.5,ngsl-gr-1.0,oewn-2025		validated
master-tear-noun	tear	noun	A2	source-backed	cefrj-1.5	common	source-backed-rank	ngsl-gr-1.0	1520	cefrj-1.5,ngsl-gr-1.0,oewn-2025		validated
master-teenager-noun	teenager	noun	A2	source-backed	cefrj-1.5	common	source-backed-rank	ngsl-gr-1.0	2396	cefrj-1.5,ngsl-gr-1.0,oewn-2025		validated
master-telephone-verb	telephone	verb	A2	source-backed	cefrj-1.5	very-common	source-backed-rank	ngsl-gr-1.0	1086	cefrj-1.5,ngsl-gr-1.0,oewn-2025		validated
master-temperature-noun	temperature	noun	A2	source-backed	cefrj-1.5	common	source-backed-rank	ngsl-gr-1.0	1502	cefrj-1.5,ngsl-gr-1.0,oewn-2025		validated
master-text-noun	text	noun	A2	source-backed	cefrj-1.5	very-common	source-backed-rank	ngsl-gr-1.0	1098	cefrj-1.5,ngsl-gr-1.0,oewn-2025		validated
master-text-verb	text	verb	A2	source-backed	cefrj-1.5	very-common	source-backed-rank	ngsl-gr-1.0	1098	cefrj-1.5,ngsl-gr-1.0,oewn-2025		validated
master-textbook-noun	textbook	noun	A2	source-backed	cefrj-1.5	less-common	source-backed-rank	ngsl-gr-1.0	4647	bsl-1.2,cefrj-1.5,nawl-1.2,ngsl-gr-1.0,oewn-2025		validated
master-themselves-pronoun	themselves	pronoun	A2	source-backed	cefrj-1.5	very-common	source-backed-rank	ngsl-gr-1.0	530	cefrj-1.5,ngsl-gr-1.0		validated
master-therefore-adverb	therefore	adverb	A2	source-backed	cefrj-1.5	very-common	source-backed-rank	ngsl-gr-1.0	575	cefrj-1.5,ngsl-gr-1.0,oewn-2025		validated
master-though-conjunction	though	conjunction	A2	source-backed	cefrj-1.5	very-common	source-backed-rank	ngsl-gr-1.0	277	cefrj-1.5,ngsl-gr-1.0		validated
master-thousand-numeral	thousand	numeral	A2	source-backed	cefrj-1.5	very-common	source-backed-rank	ngsl-gr-1.0	46	cefrj-1.5,ngsl-gr-1.0		validated
master-throw-verb	throw	verb	A2	source-backed	cefrj-1.5	very-common	source-backed-rank	ngsl-gr-1.0	903	cefrj-1.5,ngsl-gr-1.0,oewn-2025		validated
master-tie-noun	tie	noun	A2	source-backed	cefrj-1.5	common	source-backed-rank	ngsl-gr-1.0	1566	cefrj-1.5,ngsl-gr-1.0,oewn-2025		validated
master-till-preposition	till	preposition	A2	source-backed	cefrj-1.5	common	source-backed-rank	ngsl-gr-1.0	1621	cefrj-1.5,ngsl-gr-1.0		validated
master-timetable-noun	timetable	noun	A2	source-backed	cefrj-1.5	less-common	source-backed-rank	ngsl-gr-1.0	4124	bsl-1.2,cefrj-1.5,ngsl-gr-1.0,oewn-2025		validated
master-tip-noun	tip	noun	A2	source-backed	cefrj-1.5	common	source-backed-rank	ngsl-gr-1.0	1709	cefrj-1.5,ngsl-gr-1.0,oewn-2025		validated
master-title-noun	title	noun	A2	source-backed	cefrj-1.5	very-common	source-backed-rank	ngsl-gr-1.0	1107	cefrj-1.5,ngsl-gr-1.0,oewn-2025		validated
master-tone-noun	tone	noun	A2	source-backed	cefrj-1.5	common	source-backed-rank	ngsl-gr-1.0	1743	cefrj-1.5,ngsl-gr-1.0,oewn-2025		validated
master-tonight-noun	tonight	noun	A2	source-backed	cefrj-1.5	very-common	source-backed-rank	ngsl-gr-1.0	1464	cefrj-1.5,ngsl-gr-1.0,oewn-2025		validated
master-tour-noun	tour	noun	A2	source-backed	cefrj-1.5	very-common	source-backed-rank	ngsl-gr-1.0	1139	cefrj-1.5,ngsl-gr-1.0,oewn-2025		validated
master-tourist-noun	tourist	noun	A2	source-backed	cefrj-1.5	common	source-backed-rank	ngsl-gr-1.0	1536	cefrj-1.5,ngsl-gr-1.0,oewn-2025		validated
master-track-noun	track	noun	A2	source-backed	cefrj-1.5	very-common	source-backed-rank	ngsl-gr-1.0	1008	cefrj-1.5,ngsl-gr-1.0,oewn-2025		validated
master-trade-noun	trade	noun	A2	source-backed	cefrj-1.5	very-common	source-backed-rank	ngsl-gr-1.0	594	cefrj-1.5,ngsl-gr-1.0,oewn-2025		validated
a2-tradition	tradition	noun	A2	source-backed	cefrj-1.5	very-common	source-backed-rank	ngsl-gr-1.0	1388	cefrj-1.5,ngsl-gr-1.0,oewn-2025,vocabulary-core-2026-08		validated
master-traditional-adjective	traditional	adjective	A2	source-backed	cefrj-1.5	very-common	source-backed-rank	ngsl-gr-1.0	1043	cefrj-1.5,ngsl-gr-1.0,oewn-2025		validated
foundation-a2-traffic	traffic	noun	A2	source-backed	cefrj-1.5	very-common	source-backed-rank	ngsl-gr-1.0	1275	cefrj-1.5,ngsl-gr-1.0,oewn-2025,vocabulary-foundations-001-2026-08		validated
master-train-verb	train	verb	A2	source-backed	cefrj-1.5	very-common	source-backed-rank	ngsl-gr-1.0	339	cefrj-1.5,ngsl-gr-1.0,oewn-2025		validated
v58	translate	verb	A2	editorial-estimate		common	source-backed-rank	ngsl-gr-1.0	2360	cefrj-1.5,ngsl-gr-1.0,oewn-2025,vocabulary-core-2026-08		validated
master-trap-noun	trap	noun	A2	source-backed	cefrj-1.5	common	source-backed-rank	ngsl-gr-1.0	2234	cefrj-1.5,ngsl-gr-1.0,oewn-2025		validated
master-travel-noun	travel	noun	A2	source-backed	cefrj-1.5	very-common	source-backed-rank	ngsl-gr-1.0	553	cefrj-1.5,ngsl-gr-1.0,oewn-2025		validated
foundation-a2-trip	trip	noun	A2	editorial-estimate		very-common	source-backed-rank	ngsl-gr-1.0	875	cefrj-1.5,ngsl-gr-1.0,oewn-2025,vocabulary-foundations-001-2026-08		validated
master-trouble-noun	trouble	noun	A2	source-backed	cefrj-1.5	very-common	source-backed-rank	ngsl-gr-1.0	882	cefrj-1.5,ngsl-gr-1.0,oewn-2025		validated
master-truly-adverb	truly	adverb	A2	source-backed	cefrj-1.5	common	source-backed-rank	ngsl-gr-1.0	1875	cefrj-1.5,ngsl-gr-1.0,oewn-2025		validated
master-trust-verb	trust	verb	A2	source-backed	cefrj-1.5	very-common	source-backed-rank	ngsl-gr-1.0	1125	cefrj-1.5,ngsl-gr-1.0,oewn-2025		validated
master-truth-noun	truth	noun	A2	source-backed	cefrj-1.5	very-common	source-backed-rank	ngsl-gr-1.0	1152	cefrj-1.5,ngsl-gr-1.0,oewn-2025		validated
master-try-verb	try	verb	A2	source-backed	cefrj-1.5	very-common	source-backed-rank	ngsl-gr-1.0	175	cefrj-1.5,ngsl-gr-1.0,oewn-2025		validated
master-tune-noun	tune	noun	A2	source-backed	cefrj-1.5	common	source-backed-rank	ngsl-gr-1.0	2242	cefrj-1.5,ngsl-gr-1.0,oewn-2025		validated
master-twice-adverb	twice	adverb	A2	source-backed	cefrj-1.5	very-common	source-backed-rank	ngsl-gr-1.0	1358	cefrj-1.5,ngsl-gr-1.0,oewn-2025		validated
master-uncertain-adjective	uncertain	adjective	A2	source-backed	cefrj-1.5	less-common	source-backed-rank	ngsl-gr-1.0	3672	bsl-1.2,cefrj-1.5,ngsl-gr-1.0,oewn-2025		validated
master-unfair-adjective	unfair	adjective	A2	source-backed	cefrj-1.5	common	source-backed-rank	ngsl-gr-1.0	3239	bsl-1.2,cefrj-1.5,ngsl-gr-1.0,oewn-2025		validated
master-unfortunately-adverb	unfortunately	adverb	A2	source-backed	cefrj-1.5	very-common	source-backed-rank	ngsl-gr-1.0	1319	cefrj-1.5,ngsl-gr-1.0,oewn-2025		validated
master-unhappy-adjective	unhappy	adjective	A2	source-backed	cefrj-1.5	common	source-backed-rank	ngsl-gr-1.0	3118	bsl-1.2,cefrj-1.5,ngsl-gr-1.0,oewn-2025		validated
master-uniform-adjective	uniform	adjective	A2	source-backed	cefrj-1.5	common	source-backed-rank	ngsl-gr-1.0	2105	cefrj-1.5,ngsl-gr-1.0,oewn-2025		validated
master-uniform-noun	uniform	noun	A2	source-backed	cefrj-1.5	common	source-backed-rank	ngsl-gr-1.0	2105	cefrj-1.5,ngsl-gr-1.0,oewn-2025		validated
master-unit-noun	unit	noun	A2	source-backed	cefrj-1.5	very-common	source-backed-rank	ngsl-gr-1.0	830	cefrj-1.5,ngsl-gr-1.0,oewn-2025		validated
master-university-noun	university	noun	A2	source-backed	cefrj-1.5	very-common	source-backed-rank	ngsl-gr-1.0	1018	cefrj-1.5,ngsl-gr-1.0,oewn-2025		validated
master-unknown-adjective	unknown	adjective	A2	source-backed	cefrj-1.5	common	source-backed-rank	ngsl-gr-1.0	2093	cefrj-1.5,ngsl-gr-1.0,oewn-2025		validated
master-unlike-adjective	unlike	adjective	A2	source-backed	cefrj-1.5	common	source-backed-rank	ngsl-gr-1.0	1787	cefrj-1.5,ngsl-gr-1.0,oewn-2025		validated
master-unnecessary-adjective	unnecessary	adjective	A2	source-backed	cefrj-1.5	common	source-backed-rank	ngsl-gr-1.0	3297	bsl-1.2,cefrj-1.5,ngsl-gr-1.0,oewn-2025		validated
master-unusual-adjective	unusual	adjective	A2	source-backed	cefrj-1.5	common	source-backed-rank	ngsl-gr-1.0	1923	cefrj-1.5,ngsl-gr-1.0,oewn-2025		validated
master-up-adverb	up	adverb	A2	source-backed	cefrj-1.5	very-common	source-backed-rank	ngsl-gr-1.0	102	cefrj-1.5,ngsl-gr-1.0,oewn-2025		validated
master-upon-preposition	upon	preposition	A2	source-backed	cefrj-1.5	very-common	source-backed-rank	ngsl-gr-1.0	629	cefrj-1.5,ngsl-gr-1.0		validated
master-upset-adjective	upset	adjective	A2	source-backed	cefrj-1.5	common	source-backed-rank	ngsl-gr-1.0	2075	cefrj-1.5,ngsl-gr-1.0,oewn-2025		validated
master-use-noun	use	noun	A2	source-backed	cefrj-1.5	very-common	source-backed-rank	ngsl-gr-1.0	118	cefrj-1.5,ngsl-gr-1.0,oewn-2025		validated
master-usual-adjective	usual	adjective	A2	source-backed	cefrj-1.5	very-common	source-backed-rank	ngsl-gr-1.0	1435	cefrj-1.5,ngsl-gr-1.0,oewn-2025		validated
master-valley-noun	valley	noun	A2	source-backed	cefrj-1.5	common	source-backed-rank	ngsl-gr-1.0	2465	cefrj-1.5,ngsl-gr-1.0,oewn-2025		validated
master-value-noun	value	noun	A2	source-backed	cefrj-1.5	very-common	source-backed-rank	ngsl-gr-1.0	392	cefrj-1.5,ngsl-gr-1.0,oewn-2025		validated
master-view-noun	view	noun	A2	source-backed	cefrj-1.5	very-common	source-backed-rank	ngsl-gr-1.0	343	cefrj-1.5,ngsl-gr-1.0,oewn-2025		validated
master-village-noun	village	noun	A2	source-backed	cefrj-1.5	very-common	source-backed-rank	ngsl-gr-1.0	865	cefrj-1.5,ngsl-gr-1.0,oewn-2025		validated
master-violent-adjective	violent	adjective	A2	source-backed	cefrj-1.5	common	source-backed-rank	ngsl-gr-1.0	2474	cefrj-1.5,ngsl-gr-1.0,oewn-2025		validated
foundation-a2-visit	visit	verb	A2	editorial-estimate		very-common	source-backed-rank	ngsl-gr-1.0	383	cefrj-1.5,ngsl-gr-1.0,oewn-2025,vocabulary-foundations-001-2026-08		validated
master-visitor-noun	visitor	noun	A2	source-backed	cefrj-1.5	very-common	source-backed-rank	ngsl-gr-1.0	1448	cefrj-1.5,ngsl-gr-1.0,oewn-2025		validated
master-vocabulary-noun	vocabulary	noun	A2	source-backed	cefrj-1.5	common	source-backed-rank	ngsl-gr-1.0	2986	cefrj-1.5,nawl-1.2,ngsl-gr-1.0,oewn-2025		validated
master-voice-noun	voice	noun	A2	source-backed	cefrj-1.5	very-common	source-backed-rank	ngsl-gr-1.0	657	cefrj-1.5,ngsl-gr-1.0,oewn-2025		validated
master-wave-noun	wave	noun	A2	source-backed	cefrj-1.5	very-common	source-backed-rank	ngsl-gr-1.0	1208	cefrj-1.5,ngsl-gr-1.0,oewn-2025		validated
master-weak-adjective	weak	adjective	A2	source-backed	cefrj-1.5	common	source-backed-rank	ngsl-gr-1.0	1735	cefrj-1.5,ngsl-gr-1.0,oewn-2025		validated
master-wealth-noun	wealth	noun	A2	source-backed	cefrj-1.5	common	source-backed-rank	ngsl-gr-1.0	2237	cefrj-1.5,ngsl-gr-1.0,oewn-2025		validated
a2-weather	weather	noun	A2	editorial-estimate		very-common	source-backed-rank	ngsl-gr-1.0	1118	cefrj-1.5,ngsl-gr-1.0,oewn-2025,vocabulary-core-2026-08		validated
master-web-noun	web	noun	A2	source-backed	cefrj-1.5	common	source-backed-rank	ngsl-gr-1.0	2273	cefrj-1.5,ngsl-gr-1.0,oewn-2025		validated
master-weigh-verb	weigh	verb	A2	source-backed	cefrj-1.5	common	source-backed-rank	ngsl-gr-1.0	2531	cefrj-1.5,ngsl-gr-1.0,oewn-2025		validated
master-weight-noun	weight	noun	A2	source-backed	cefrj-1.5	very-common	source-backed-rank	ngsl-gr-1.0	1028	cefrj-1.5,ngsl-gr-1.0,oewn-2025		validated
master-west-adjective	west	adjective	A2	source-backed	cefrj-1.5	common	source-backed-rank	ngsl-gr-1.0	1587	cefrj-1.5,ngsl-gr-1.0,oewn-2025		validated
master-west-adverb	west	adverb	A2	source-backed	cefrj-1.5	common	source-backed-rank	ngsl-gr-1.0	1587	cefrj-1.5,ngsl-gr-1.0,oewn-2025		validated
master-west-noun	west	noun	A2	source-backed	cefrj-1.5	common	source-backed-rank	ngsl-gr-1.0	1587	cefrj-1.5,ngsl-gr-1.0,oewn-2025		validated
master-wet-adjective	wet	adjective	A2	source-backed	cefrj-1.5	common	source-backed-rank	ngsl-gr-1.0	2134	cefrj-1.5,ngsl-gr-1.0,oewn-2025		validated
master-whatever-determiner	whatever	determiner	A2	source-backed	cefrj-1.5	very-common	source-backed-rank	ngsl-gr-1.0	725	cefrj-1.5,ngsl-gr-1.0		validated
master-while-conjunction	while	conjunction	A2	source-backed	cefrj-1.5	very-common	source-backed-rank	ngsl-gr-1.0	205	cefrj-1.5,ngsl-gr-1.0		validated
master-whole-adjective	whole	adjective	A2	source-backed	cefrj-1.5	very-common	source-backed-rank	ngsl-gr-1.0	360	cefrj-1.5,ngsl-gr-1.0,oewn-2025		validated
master-wide-adjective	wide	adjective	A2	source-backed	cefrj-1.5	very-common	source-backed-rank	ngsl-gr-1.0	803	cefrj-1.5,ngsl-gr-1.0,oewn-2025		validated
master-wide-adverb	wide	adverb	A2	source-backed	cefrj-1.5	very-common	source-backed-rank	ngsl-gr-1.0	803	cefrj-1.5,ngsl-gr-1.0,oewn-2025		validated
master-widely-adverb	widely	adverb	A2	source-backed	cefrj-1.5	common	source-backed-rank	ngsl-gr-1.0	1818	cefrj-1.5,ngsl-gr-1.0,oewn-2025		validated
master-wild-adjective	wild	adjective	A2	source-backed	cefrj-1.5	common	source-backed-rank	ngsl-gr-1.0	1641	cefrj-1.5,ngsl-gr-1.0,oewn-2025		validated
master-wine-noun	wine	noun	A2	source-backed	cefrj-1.5	very-common	source-backed-rank	ngsl-gr-1.0	1439	cefrj-1.5,ngsl-gr-1.0,oewn-2025		validated
master-winner-noun	winner	noun	A2	source-backed	cefrj-1.5	common	source-backed-rank	ngsl-gr-1.0	1961	cefrj-1.5,ngsl-gr-1.0,oewn-2025		validated
master-wisdom-noun	wisdom	noun	A2	source-backed	cefrj-1.5	common	source-backed-rank	ngsl-gr-1.0	3276	bsl-1.2,cefrj-1.5,nawl-1.2,ngsl-gr-1.0,oewn-2025		validated
master-wish-verb	wish	verb	A2	source-backed	cefrj-1.5	very-common	source-backed-rank	ngsl-gr-1.0	574	cefrj-1.5,ngsl-gr-1.0,oewn-2025		validated
master-within-preposition	within	preposition	A2	source-backed	cefrj-1.5	very-common	source-backed-rank	ngsl-gr-1.0	335	cefrj-1.5,ngsl-gr-1.0		validated
master-without-preposition	without	preposition	A2	source-backed	cefrj-1.5	very-common	source-backed-rank	ngsl-gr-1.0	262	cefrj-1.5,ngsl-gr-1.0		validated
master-wonder-verb	wonder	verb	A2	source-backed	cefrj-1.5	very-common	source-backed-rank	ngsl-gr-1.0	715	cefrj-1.5,ngsl-gr-1.0,oewn-2025		validated
master-wood-noun	wood	noun	A2	source-backed	cefrj-1.5	common	source-backed-rank	ngsl-gr-1.0	1517	cefrj-1.5,ngsl-gr-1.0,oewn-2025		validated
master-wooden-adjective	wooden	adjective	A2	source-backed	cefrj-1.5	common	source-backed-rank	ngsl-gr-1.0	2594	cefrj-1.5,ngsl-gr-1.0,oewn-2025		validated
a2-worry	worry	verb	A2	source-backed	cefrj-1.5	very-common	source-backed-rank	ngsl-gr-1.0	703	cefrj-1.5,ngsl-gr-1.0,oewn-2025,vocabulary-core-2026-08		validated
master-wrong-adverb	wrong	adverb	A2	source-backed	cefrj-1.5	very-common	source-backed-rank	ngsl-gr-1.0	625	cefrj-1.5,ngsl-gr-1.0,oewn-2025		validated
master-yeah-adverb	yeah	adverb	A2	source-backed	cefrj-1.5	very-common	source-backed-rank	ngsl-gr-1.0	1026	cefrj-1.5,ngsl-gr-1.0,oewn-2025		validated
master-youth-noun	youth	noun	A2	source-backed	cefrj-1.5	common	source-backed-rank	ngsl-gr-1.0	1653	cefrj-1.5,ngsl-gr-1.0,oewn-2025		validated
master-zone-noun	zone	noun	A2	source-backed	cefrj-1.5	common	source-backed-rank	ngsl-gr-1.0	2095	cefrj-1.5,ngsl-gr-1.0,oewn-2025		validated
master-abandon-verb	abandon	verb	B1	source-backed	cefrj-1.5	common	source-backed-rank	ngsl-gr-1.0	2015	cefrj-1.5,ngsl-gr-1.0,oewn-2025		validated
master-able-adjective	able	adjective	B1	source-backed	cefrj-1.5	very-common	source-backed-rank	ngsl-gr-1.0	321	cefrj-1.5,ngsl-gr-1.0,oewn-2025		validated
master-above-adjective	above	adjective	B1	source-backed	cefrj-1.5	very-common	source-backed-rank	ngsl-gr-1.0	490	cefrj-1.5,ngsl-gr-1.0,oewn-2025		validated
master-absence-noun	absence	noun	B1	source-backed	cefrj-1.5	common	source-backed-rank	ngsl-gr-1.0	1808	cefrj-1.5,ngsl-gr-1.0,oewn-2025		validated
master-absolutely-adverb	absolutely	adverb	B1	source-backed	cefrj-1.5	very-common	source-backed-rank	ngsl-gr-1.0	1128	cefrj-1.5,ngsl-gr-1.0,oewn-2025		validated
master-absorb-verb	absorb	verb	B1	source-backed	cefrj-1.5	common	source-backed-rank	ngsl-gr-1.0	2917	bsl-1.2,cefrj-1.5,nawl-1.2,ngsl-gr-1.0,oewn-2025		validated
master-academic-adjective	academic	adjective	B1	source-backed	cefrj-1.5	common	source-backed-rank	ngsl-gr-1.0	1801	cefrj-1.5,ngsl-gr-1.0,oewn-2025		validated
master-accent-noun	accent	noun	B1	source-backed	cefrj-1.5	common	source-backed-rank	ngsl-gr-1.0	3029	cefrj-1.5,nawl-1.2,ngsl-gr-1.0,oewn-2025		validated
master-acceptance-noun	acceptance	noun	B1	source-backed	cefrj-1.5	common	source-backed-rank	ngsl-gr-1.0	3110	bsl-1.2,cefrj-1.5,ngsl-gr-1.0,oewn-2025		validated
master-access-noun	access	noun	B1	source-backed	cefrj-1.5	very-common	source-backed-rank	ngsl-gr-1.0	852	cefrj-1.5,ngsl-gr-1.0,oewn-2025		validated
master-accessible-adjective	accessible	adjective	B1	source-backed	cefrj-1.5	common	source-backed-rank	ngsl-gr-1.0	3207	bsl-1.2,cefrj-1.5,ngsl-gr-1.0,oewn-2025		validated
master-accompany-verb	accompany	verb	B1	source-backed	cefrj-1.5	common	source-backed-rank	ngsl-gr-1.0	1861	cefrj-1.5,ngsl-gr-1.0,oewn-2025		validated
master-account-verb	account	verb	B1	source-backed	cefrj-1.5	very-common	source-backed-rank	ngsl-gr-1.0	486	cefrj-1.5,ngsl-gr-1.0,oewn-2025		validated
master-accountant-noun	accountant	noun	B1	source-backed	cefrj-1.5	less-common	source-backed-rank	ngsl-gr-1.0	3984	bsl-1.2,cefrj-1.5,ngsl-gr-1.0,oewn-2025		validated
master-accuracy-noun	accuracy	noun	B1	source-backed	cefrj-1.5	less-common	source-backed-rank	ngsl-gr-1.0	3578	bsl-1.2,cefrj-1.5,nawl-1.2,ngsl-gr-1.0,oewn-2025		validated
master-accurately-adverb	accurately	adverb	B1	source-backed	cefrj-1.5	less-common	source-backed-rank	ngsl-gr-1.0	3953	bsl-1.2,cefrj-1.5,nawl-1.2,ngsl-gr-1.0,oewn-2025		validated
master-accuse-verb	accuse	verb	B1	source-backed	cefrj-1.5	common	source-backed-rank	ngsl-gr-1.0	1805	cefrj-1.5,ngsl-gr-1.0,oewn-2025		validated
master-achievement-noun	achievement	noun	B1	source-backed	cefrj-1.5	common	source-backed-rank	ngsl-gr-1.0	2051	cefrj-1.5,ngsl-gr-1.0,oewn-2025		validated
master-acknowledge-verb	acknowledge	verb	B1	source-backed	cefrj-1.5	common	source-backed-rank	ngsl-gr-1.0	1797	cefrj-1.5,ngsl-gr-1.0,oewn-2025		validated
master-act-verb	act	verb	B1	source-backed	cefrj-1.5	very-common	source-backed-rank	ngsl-gr-1.0	565	cefrj-1.5,ngsl-gr-1.0,oewn-2025		validated
master-active-adjective	active	adjective	B1	source-backed	cefrj-1.5	very-common	source-backed-rank	ngsl-gr-1.0	1404	cefrj-1.5,ngsl-gr-1.0,oewn-2025		validated
master-ad-noun	ad	noun	B1	source-backed	cefrj-1.5	common	source-backed-rank	ngsl-gr-1.0	1528	cefrj-1.5,ngsl-gr-1.0,oewn-2025		validated
v2	adapt	verb	B1	source-backed	cefrj-1.5	common	source-backed-rank	ngsl-gr-1.0	2422	cefrj-1.5,ngsl-gr-1.0,oewn-2025,vocabulary-core-2026-08		validated
master-address-verb	address	verb	B1	source-backed	cefrj-1.5	very-common	source-backed-rank	ngsl-gr-1.0	608	cefrj-1.5,ngsl-gr-1.0,oewn-2025		validated
master-administration-noun	administration	noun	B1	source-backed	cefrj-1.5	very-common	source-backed-rank	ngsl-gr-1.0	1096	cefrj-1.5,ngsl-gr-1.0,oewn-2025		validated
master-admission-noun	admission	noun	B1	source-backed	cefrj-1.5	common	source-backed-rank	ngsl-gr-1.0	2976	bsl-1.2,cefrj-1.5,nawl-1.2,ngsl-gr-1.0,oewn-2025		validated
master-adopt-verb	adopt	verb	B1	source-backed	cefrj-1.5	very-common	source-backed-rank	ngsl-gr-1.0	1293	cefrj-1.5,ngsl-gr-1.0,oewn-2025		validated
master-advance-verb	advance	verb	B1	source-backed	cefrj-1.5	very-common	source-backed-rank	ngsl-gr-1.0	894	cefrj-1.5,ngsl-gr-1.0,oewn-2025		validated
b1-advantage	advantage	noun	B1	editorial-estimate		very-common	source-backed-rank	ngsl-gr-1.0	823	cefrj-1.5,ngsl-gr-1.0,oewn-2025,vocabulary-core-2026-08		validated
master-advertise-verb	advertise	verb	B1	source-backed	cefrj-1.5	very-common	source-backed-rank	ngsl-gr-1.0	1222	cefrj-1.5,ngsl-gr-1.0,oewn-2025		validated
master-affect-verb	affect	verb	B1	source-backed	cefrj-1.5	very-common	source-backed-rank	ngsl-gr-1.0	689	cefrj-1.5,ngsl-gr-1.0,oewn-2025		validated
master-afford-verb	afford	verb	B1	source-backed	cefrj-1.5	common	source-backed-rank	ngsl-gr-1.0	1538	cefrj-1.5,ngsl-gr-1.0,oewn-2025		validated
master-after-conjunction	after	conjunction	B1	source-backed	cefrj-1.5	very-common	source-backed-rank	ngsl-gr-1.0	134	cefrj-1.5,ngsl-gr-1.0		validated
master-afterward-adverb	afterward	adverb	B1	source-backed	cefrj-1.5	common	source-backed-rank	ngsl-gr-1.0	2870	bsl-1.2,cefrj-1.5,nawl-1.2,ngsl-gr-1.0,oewn-2025		validated
master-agenda-noun	agenda	noun	B1	source-backed	cefrj-1.5	common	source-backed-rank	ngsl-gr-1.0	2080	cefrj-1.5,ngsl-gr-1.0,oewn-2025		validated
master-agreement-noun	agreement	noun	B1	source-backed	cefrj-1.5	very-common	source-backed-rank	ngsl-gr-1.0	835	cefrj-1.5,ngsl-gr-1.0,oewn-2025		validated
master-agriculture-noun	agriculture	noun	B1	source-backed	cefrj-1.5	common	source-backed-rank	ngsl-gr-1.0	3079	bsl-1.2,cefrj-1.5,nawl-1.2,ngsl-gr-1.0,oewn-2025		validated
master-aid-noun	aid	noun	B1	source-backed	cefrj-1.5	very-common	source-backed-rank	ngsl-gr-1.0	1355	cefrj-1.5,ngsl-gr-1.0,oewn-2025		validated
master-aid-verb	aid	verb	B1	source-backed	cefrj-1.5	very-common	source-backed-rank	ngsl-gr-1.0	1355	cefrj-1.5,ngsl-gr-1.0,oewn-2025		validated
master-aim-noun	aim	noun	B1	source-backed	cefrj-1.5	very-common	source-backed-rank	ngsl-gr-1.0	844	cefrj-1.5,ngsl-gr-1.0,oewn-2025		validated
master-alike-adjective	alike	adjective	B1	source-backed	cefrj-1.5	less-common	source-backed-rank	ngsl-gr-1.0	3761	bsl-1.2,cefrj-1.5,ngsl-gr-1.0,oewn-2025		validated
master-alike-adverb	alike	adverb	B1	source-backed	cefrj-1.5	less-common	source-backed-rank	ngsl-gr-1.0	3761	bsl-1.2,cefrj-1.5,ngsl-gr-1.0,oewn-2025		validated
master-allowance-noun	allowance	noun	B1	source-backed	cefrj-1.5	less-common	source-backed-rank	ngsl-gr-1.0	3684	bsl-1.2,cefrj-1.5,ngsl-gr-1.0,oewn-2025		validated
master-alternative-adjective	alternative	adjective	B1	source-backed	cefrj-1.5	very-common	source-backed-rank	ngsl-gr-1.0	1140	cefrj-1.5,ngsl-gr-1.0,oewn-2025		validated
master-alternative-noun	alternative	noun	B1	source-backed	cefrj-1.5	very-common	source-backed-rank	ngsl-gr-1.0	1140	cefrj-1.5,ngsl-gr-1.0,oewn-2025		validated
master-ambitious-adjective	ambitious	adjective	B1	source-backed	cefrj-1.5	less-common	source-backed-rank	ngsl-gr-1.0	3544	bsl-1.2,cefrj-1.5,ngsl-gr-1.0,oewn-2025		validated
master-amount-noun	amount	noun	B1	source-backed	cefrj-1.5	very-common	source-backed-rank	ngsl-gr-1.0	557	cefrj-1.5,ngsl-gr-1.0,oewn-2025		validated
master-analysis-noun	analysis	noun	B1	source-backed	cefrj-1.5	very-common	source-backed-rank	ngsl-gr-1.0	806	cefrj-1.5,ngsl-gr-1.0,oewn-2025		validated
master-anger-noun	anger	noun	B1	source-backed	cefrj-1.5	common	source-backed-rank	ngsl-gr-1.0	2190	cefrj-1.5,ngsl-gr-1.0,oewn-2025		validated
master-annual-adjective	annual	adjective	B1	source-backed	cefrj-1.5	very-common	source-backed-rank	ngsl-gr-1.0	1227	cefrj-1.5,ngsl-gr-1.0,oewn-2025		validated
master-annually-adverb	annually	adverb	B1	source-backed	cefrj-1.5	less-common	source-backed-rank	ngsl-gr-1.0	4139	bsl-1.2,cefrj-1.5,ngsl-gr-1.0,oewn-2025		validated
master-apparent-adjective	apparent	adjective	B1	source-backed	cefrj-1.5	common	source-backed-rank	ngsl-gr-1.0	2201	cefrj-1.5,ngsl-gr-1.0,oewn-2025		validated
master-appeal-noun	appeal	noun	B1	source-backed	cefrj-1.5	very-common	source-backed-rank	ngsl-gr-1.0	1123	cefrj-1.5,ngsl-gr-1.0,oewn-2025		validated
master-appetite-noun	appetite	noun	B1	source-backed	cefrj-1.5	less-common	source-backed-rank	ngsl-gr-1.0	4798	bsl-1.2,cefrj-1.5,ngsl-gr-1.0,oewn-2025		validated
master-application-noun	application	noun	B1	source-backed	cefrj-1.5	very-common	source-backed-rank	ngsl-gr-1.0	934	cefrj-1.5,ngsl-gr-1.0,oewn-2025		validated
master-appoint-verb	appoint	verb	B1	source-backed	cefrj-1.5	common	source-backed-rank	ngsl-gr-1.0	1838	cefrj-1.5,ngsl-gr-1.0,oewn-2025		validated
master-appreciation-noun	appreciation	noun	B1	source-backed	cefrj-1.5	less-common	source-backed-rank	ngsl-gr-1.0	3514	bsl-1.2,cefrj-1.5,ngsl-gr-1.0,oewn-2025		validated
v4	approach	noun	B1	source-backed	cefrj-1.5	very-common	source-backed-rank	ngsl-gr-1.0	545	cefrj-1.5,ngsl-gr-1.0,oewn-2025,vocabulary-core-2026-08		validated
master-approve-verb	approve	verb	B1	source-backed	cefrj-1.5	common	source-backed-rank	ngsl-gr-1.0	1625	cefrj-1.5,ngsl-gr-1.0,oewn-2025		validated
master-approximately-adverb	approximately	adverb	B1	source-backed	cefrj-1.5	common	source-backed-rank	ngsl-gr-1.0	1952	cefrj-1.5,ngsl-gr-1.0,oewn-2025		validated
master-architect-noun	architect	noun	B1	source-backed	cefrj-1.5	common	source-backed-rank	ngsl-gr-1.0	3000	bsl-1.2,cefrj-1.5,nawl-1.2,ngsl-gr-1.0,oewn-2025		validated
master-arise-verb	arise	verb	B1	source-backed	cefrj-1.5	common	source-backed-rank	ngsl-gr-1.0	1679	cefrj-1.5,ngsl-gr-1.0,oewn-2025		validated
master-arm-verb	arm	verb	B1	source-backed	cefrj-1.5	very-common	source-backed-rank	ngsl-gr-1.0	671	cefrj-1.5,ngsl-gr-1.0,oewn-2025		validated
master-army-noun	army	noun	B1	source-backed	cefrj-1.5	very-common	source-backed-rank	ngsl-gr-1.0	1468	cefrj-1.5,ngsl-gr-1.0,oewn-2025		validated
master-arrange-verb	arrange	verb	B1	source-backed	cefrj-1.5	very-common	source-backed-rank	ngsl-gr-1.0	1316	cefrj-1.5,ngsl-gr-1.0,oewn-2025		validated
master-arrangement-noun	arrangement	noun	B1	source-backed	cefrj-1.5	common	source-backed-rank	ngsl-gr-1.0	1510	cefrj-1.5,ngsl-gr-1.0,oewn-2025		validated
master-arrest-noun	arrest	noun	B1	source-backed	cefrj-1.5	common	source-backed-rank	ngsl-gr-1.0	1548	cefrj-1.5,ngsl-gr-1.0,oewn-2025		validated
master-arrest-verb	arrest	verb	B1	source-backed	cefrj-1.5	common	source-backed-rank	ngsl-gr-1.0	1548	cefrj-1.5,ngsl-gr-1.0,oewn-2025		validated
master-arrival-noun	arrival	noun	B1	source-backed	cefrj-1.5	common	source-backed-rank	ngsl-gr-1.0	2108	cefrj-1.5,ngsl-gr-1.0,oewn-2025		validated
master-arrow-noun	arrow	noun	B1	source-backed	cefrj-1.5	less-common	source-backed-rank	ngsl-gr-1.0	4072	cefrj-1.5,nawl-1.2,ngsl-gr-1.0,oewn-2025		validated
master-artist-noun	artist	noun	B1	source-backed	cefrj-1.5	very-common	source-backed-rank	ngsl-gr-1.0	1233	cefrj-1.5,ngsl-gr-1.0,oewn-2025		validated
master-artistic-adjective	artistic	adjective	B1	source-backed	cefrj-1.5	less-common	source-backed-rank	ngsl-gr-1.0	3674	cefrj-1.5,nawl-1.2,ngsl-gr-1.0,oewn-2025		validated
master-aside-adverb	aside	adverb	B1	source-backed	cefrj-1.5	common	source-backed-rank	ngsl-gr-1.0	1994	cefrj-1.5,ngsl-gr-1.0,oewn-2025		validated
master-aspect-noun	aspect	noun	B1	source-backed	cefrj-1.5	common	source-backed-rank	ngsl-gr-1.0	2862	bsl-1.2,cefrj-1.5,nawl-1.2,ngsl-gr-1.0,oewn-2025		validated
master-assignment-noun	assignment	noun	B1	source-backed	cefrj-1.5	common	source-backed-rank	ngsl-gr-1.0	3113	bsl-1.2,cefrj-1.5,nawl-1.2,ngsl-gr-1.0,oewn-2025		validated
master-assist-verb	assist	verb	B1	source-backed	cefrj-1.5	common	source-backed-rank	ngsl-gr-1.0	2149	cefrj-1.5,ngsl-gr-1.0,oewn-2025		validated
master-assistance-noun	assistance	noun	B1	source-backed	cefrj-1.5	common	source-backed-rank	ngsl-gr-1.0	2065	cefrj-1.5,ngsl-gr-1.0,oewn-2025		validated
master-assistant-noun	assistant	noun	B1	source-backed	cefrj-1.5	common	source-backed-rank	ngsl-gr-1.0	1789	cefrj-1.5,ngsl-gr-1.0,oewn-2025		validated
master-associate-verb	associate	verb	B1	source-backed	cefrj-1.5	very-common	source-backed-rank	ngsl-gr-1.0	907	cefrj-1.5,ngsl-gr-1.0,oewn-2025		validated
master-athletic-adjective	athletic	adjective	B1	source-backed	cefrj-1.5	less-common	source-backed-rank	ngsl-gr-1.0	4400	cefrj-1.5,nawl-1.2,ngsl-gr-1.0,oewn-2025		validated
master-atmosphere-noun	atmosphere	noun	B1	source-backed	cefrj-1.5	common	source-backed-rank	ngsl-gr-1.0	1629	cefrj-1.5,ngsl-gr-1.0,oewn-2025		validated
master-attach-verb	attach	verb	B1	source-backed	cefrj-1.5	common	source-backed-rank	ngsl-gr-1.0	1792	cefrj-1.5,ngsl-gr-1.0,oewn-2025		validated
master-attain-verb	attain	verb	B1	source-backed	cefrj-1.5	less-common	source-backed-rank	ngsl-gr-1.0	4367	bsl-1.2,cefrj-1.5,ngsl-gr-1.0,oewn-2025		validated
master-attempt-verb	attempt	verb	B1	source-backed	cefrj-1.5	very-common	source-backed-rank	ngsl-gr-1.0	736	cefrj-1.5,ngsl-gr-1.0,oewn-2025		validated
master-attract-verb	attract	verb	B1	source-backed	cefrj-1.5	very-common	source-backed-rank	ngsl-gr-1.0	1348	cefrj-1.5,ngsl-gr-1.0,oewn-2025		validated
master-authority-noun	authority	noun	B1	source-backed	cefrj-1.5	common	source-backed-rank	ngsl-gr-1.0	2860	bsl-1.2,cefrj-1.5,nawl-1.2,ngsl-gr-1.0,oewn-2025		validated
v60	avoid	verb	B1	editorial-estimate		very-common	source-backed-rank	ngsl-gr-1.0	901	cefrj-1.5,ngsl-gr-1.0,oewn-2025,vocabulary-core-2026-08		validated
master-award-verb	award	verb	B1	source-backed	cefrj-1.5	very-common	source-backed-rank	ngsl-gr-1.0	1391	cefrj-1.5,ngsl-gr-1.0,oewn-2025		validated
master-aware-adjective	aware	adjective	B1	source-backed	cefrj-1.5	very-common	source-backed-rank	ngsl-gr-1.0	1089	cefrj-1.5,ngsl-gr-1.0,oewn-2025		validated
master-awkward-adjective	awkward	adjective	B1	source-backed	cefrj-1.5	less-common	source-backed-rank	ngsl-gr-1.0	4157	bsl-1.2,cefrj-1.5,ngsl-gr-1.0,oewn-2025		validated
master-back-verb	back	verb	B1	source-backed	cefrj-1.5	very-common	source-backed-rank	ngsl-gr-1.0	144	cefrj-1.5,ngsl-gr-1.0,oewn-2025		validated
master-balance-noun	balance	noun	B1	source-backed	cefrj-1.5	very-common	source-backed-rank	ngsl-gr-1.0	957	cefrj-1.5,ngsl-gr-1.0,oewn-2025		validated
master-bang-noun	bang	noun	B1	source-backed	cefrj-1.5	less-common	source-backed-rank	ngsl-gr-1.0	3543	cefrj-1.5,nawl-1.2,ngsl-gr-1.0,oewn-2025		validated
master-bang-verb	bang	verb	B1	source-backed	cefrj-1.5	less-common	source-backed-rank	ngsl-gr-1.0	3543	cefrj-1.5,nawl-1.2,ngsl-gr-1.0,oewn-2025		validated
master-bar-verb	bar	verb	B1	source-backed	cefrj-1.5	very-common	source-backed-rank	ngsl-gr-1.0	887	cefrj-1.5,ngsl-gr-1.0,oewn-2025		validated
master-barrel-noun	barrel	noun	B1	source-backed	cefrj-1.5	less-common	source-backed-rank	ngsl-gr-1.0	3603	bsl-1.2,cefrj-1.5,nawl-1.2,ngsl-gr-1.0,oewn-2025		validated
master-base-verb	base	verb	B1	source-backed	cefrj-1.5	very-common	source-backed-rank	ngsl-gr-1.0	377	cefrj-1.5,ngsl-gr-1.0,oewn-2025		validated
master-basin-noun	basin	noun	B1	source-backed	cefrj-1.5	less-common	source-backed-rank	ngsl-gr-1.0	4853	cefrj-1.5,nawl-1.2,ngsl-gr-1.0,oewn-2025		validated
master-basis-noun	basis	noun	B1	source-backed	cefrj-1.5	very-common	source-backed-rank	ngsl-gr-1.0	959	cefrj-1.5,ngsl-gr-1.0,oewn-2025		validated
master-bat-verb	bat	verb	B1	source-backed	cefrj-1.5	common	source-backed-rank	ngsl-gr-1.0	3205	cefrj-1.5,nawl-1.2,ngsl-gr-1.0,oewn-2025		validated
master-battle-noun	battle	noun	B1	source-backed	cefrj-1.5	very-common	source-backed-rank	ngsl-gr-1.0	1387	cefrj-1.5,ngsl-gr-1.0,oewn-2025		validated
master-beat-verb	beat	verb	B1	source-backed	cefrj-1.5	very-common	source-backed-rank	ngsl-gr-1.0	1085	cefrj-1.5,ngsl-gr-1.0,oewn-2025		validated
master-behalf-noun	behalf	noun	B1	source-backed	cefrj-1.5	common	source-backed-rank	ngsl-gr-1.0	2881	bsl-1.2,cefrj-1.5,ngsl-gr-1.0,oewn-2025		validated
b1-behavior	behavior	noun	B1	editorial-estimate		very-common	source-backed-rank	ngsl-gr-1.0	756	ngsl-gr-1.0,vocabulary-core-2026-08		validated
master-belief-noun	belief	noun	B1	source-backed	cefrj-1.5	common	source-backed-rank	ngsl-gr-1.0	1506	cefrj-1.5,ngsl-gr-1.0,oewn-2025		validated
master-besides-preposition	besides	preposition	B1	source-backed	cefrj-1.5	common	source-backed-rank	ngsl-gr-1.0	1775	cefrj-1.5,ngsl-gr-1.0		validated
master-bet-verb	bet	verb	B1	source-backed	cefrj-1.5	common	source-backed-rank	ngsl-gr-1.0	2008	cefrj-1.5,ngsl-gr-1.0,oewn-2025		validated
master-bilingual-adjective	bilingual	adjective	B1	source-backed	cefrj-1.5	less-common	source-backed-rank	ngsl-gr-1.0	4755	cefrj-1.5,nawl-1.2,ngsl-gr-1.0,oewn-2025		validated
master-bill-verb	bill	verb	B1	source-backed	cefrj-1.5	very-common	source-backed-rank	ngsl-gr-1.0	938	cefrj-1.5,ngsl-gr-1.0,oewn-2025		validated
master-biography-noun	biography	noun	B1	source-backed	cefrj-1.5	less-common	source-backed-rank	ngsl-gr-1.0	3989	bsl-1.2,cefrj-1.5,ngsl-gr-1.0,oewn-2025		validated
master-biology-noun	biology	noun	B1	source-backed	cefrj-1.5	less-common	source-backed-rank	ngsl-gr-1.0	3932	cefrj-1.5,nawl-1.2,ngsl-gr-1.0,oewn-2025		validated
master-bitter-adjective	bitter	adjective	B1	source-backed	cefrj-1.5	common	source-backed-rank	ngsl-gr-1.0	3206	bsl-1.2,cefrj-1.5,ngsl-gr-1.0,oewn-2025		validated
master-blame-noun	blame	noun	B1	source-backed	cefrj-1.5	common	source-backed-rank	ngsl-gr-1.0	1677	cefrj-1.5,ngsl-gr-1.0,oewn-2025		validated
master-bleed-verb	bleed	verb	B1	source-backed	cefrj-1.5	less-common	source-backed-rank	ngsl-gr-1.0	3792	cefrj-1.5,nawl-1.2,ngsl-gr-1.0,oewn-2025		validated
master-blend-verb	blend	verb	B1	source-backed	cefrj-1.5	less-common	source-backed-rank	ngsl-gr-1.0	3693	bsl-1.2,cefrj-1.5,ngsl-gr-1.0,oewn-2025		validated
master-block-verb	block	verb	B1	source-backed	cefrj-1.5	very-common	source-backed-rank	ngsl-gr-1.0	1070	cefrj-1.5,ngsl-gr-1.0,oewn-2025		validated
master-board-verb	board	verb	B1	source-backed	cefrj-1.5	very-common	source-backed-rank	ngsl-gr-1.0	791	cefrj-1.5,ngsl-gr-1.0,oewn-2025		validated
master-boast-verb	boast	verb	B1	source-backed	cefrj-1.5	less-common	source-backed-rank	ngsl-gr-1.0	3691	bsl-1.2,cefrj-1.5,ngsl-gr-1.0,oewn-2025		validated
master-bold-adjective	bold	adjective	B1	source-backed	cefrj-1.5	less-common	source-backed-rank	ngsl-gr-1.0	3709	bsl-1.2,cefrj-1.5,ngsl-gr-1.0,oewn-2025		validated
master-bomb-noun	bomb	noun	B1	source-backed	cefrj-1.5	very-common	source-backed-rank	ngsl-gr-1.0	1467	cefrj-1.5,ngsl-gr-1.0,oewn-2025		validated
master-bomb-verb	bomb	verb	B1	source-backed	cefrj-1.5	very-common	source-backed-rank	ngsl-gr-1.0	1467	cefrj-1.5,ngsl-gr-1.0,oewn-2025		validated
master-bond-noun	bond	noun	B1	source-backed	cefrj-1.5	common	source-backed-rank	ngsl-gr-1.0	1563	cefrj-1.5,ngsl-gr-1.0,oewn-2025		validated
master-book-verb	book	verb	B1	source-backed	cefrj-1.5	very-common	source-backed-rank	ngsl-gr-1.0	221	cefrj-1.5,ngsl-gr-1.0,oewn-2025		validated
master-border-noun	border	noun	B1	source-backed	cefrj-1.5	common	source-backed-rank	ngsl-gr-1.0	1523	cefrj-1.5,ngsl-gr-1.0,oewn-2025		validated
master-bore-verb	bore	verb	B1	source-backed	cefrj-1.5	common	source-backed-rank	ngsl-gr-1.0	1740	cefrj-1.5,ngsl-gr-1.0,oewn-2025		validated
master-bother-noun	bother	noun	B1	source-backed	cefrj-1.5	common	source-backed-rank	ngsl-gr-1.0	1894	cefrj-1.5,ngsl-gr-1.0,oewn-2025		validated
master-bounce-verb	bounce	verb	B1	source-backed	cefrj-1.5	less-common	source-backed-rank	ngsl-gr-1.0	3657	bsl-1.2,cefrj-1.5,ngsl-gr-1.0,oewn-2025		validated
master-bound-adjective	bound	adjective	B1	source-backed	cefrj-1.5	common	source-backed-rank	ngsl-gr-1.0	3387	bsl-1.2,cefrj-1.5,nawl-1.2,ngsl-gr-1.0,oewn-2025		validated
master-branch-verb	branch	verb	B1	source-backed	cefrj-1.5	very-common	source-backed-rank	ngsl-gr-1.0	1457	cefrj-1.5,ngsl-gr-1.0,oewn-2025		validated
master-breakthrough-noun	breakthrough	noun	B1	source-backed	cefrj-1.5	less-common	source-backed-rank	ngsl-gr-1.0	4668	bsl-1.2,cefrj-1.5,ngsl-gr-1.0,oewn-2025		validated
master-breast-noun	breast	noun	B1	source-backed	cefrj-1.5	common	source-backed-rank	ngsl-gr-1.0	1950	cefrj-1.5,ngsl-gr-1.0,oewn-2025		validated
master-breath-noun	breath	noun	B1	source-backed	cefrj-1.5	common	source-backed-rank	ngsl-gr-1.0	1661	cefrj-1.5,ngsl-gr-1.0,oewn-2025		validated
master-brick-noun	brick	noun	B1	source-backed	cefrj-1.5	common	source-backed-rank	ngsl-gr-1.0	2972	bsl-1.2,cefrj-1.5,ngsl-gr-1.0,oewn-2025		validated
v6	brief	adjective	B1	source-backed	cefrj-1.5	very-common	source-backed-rank	ngsl-gr-1.0	1320	cefrj-1.5,ngsl-gr-1.0,oewn-2025,vocabulary-core-2026-08		validated
master-broad-adjective	broad	adjective	B1	source-backed	cefrj-1.5	very-common	source-backed-rank	ngsl-gr-1.0	1380	cefrj-1.5,ngsl-gr-1.0,oewn-2025		validated
master-bubble-noun	bubble	noun	B1	source-backed	cefrj-1.5	less-common	source-backed-rank	ngsl-gr-1.0	3593	bsl-1.2,cefrj-1.5,nawl-1.2,ngsl-gr-1.0,oewn-2025		validated
master-builder-noun	builder	noun	B1	source-backed	cefrj-1.5	less-common	source-backed-rank	ngsl-gr-1.0	4419	bsl-1.2,cefrj-1.5,ngsl-gr-1.0,oewn-2025		validated
master-bull-noun	bull	noun	B1	source-backed	cefrj-1.5	less-common	source-backed-rank	ngsl-gr-1.0	3647	bsl-1.2,cefrj-1.5,ngsl-gr-1.0,oewn-2025		validated
master-bullet-noun	bullet	noun	B1	source-backed	cefrj-1.5	less-common	source-backed-rank	ngsl-gr-1.0	3548	bsl-1.2,cefrj-1.5,nawl-1.2,ngsl-gr-1.0,oewn-2025		validated
master-burn-verb	burn	verb	B1	source-backed	cefrj-1.5	very-common	source-backed-rank	ngsl-gr-1.0	1330	cefrj-1.5,ngsl-gr-1.0,oewn-2025		validated
master-bust-verb	bust	verb	B1	source-backed	cefrj-1.5	less-common	source-backed-rank	ngsl-gr-1.0	4469	bsl-1.2,cefrj-1.5,ngsl-gr-1.0,oewn-2025		validated
master-but-preposition	but	preposition	B1	source-backed	cefrj-1.5	very-common	source-backed-rank	ngsl-gr-1.0	75	cefrj-1.5,ngsl-gr-1.0		validated
master-calculate-verb	calculate	verb	B1	source-backed	cefrj-1.5	common	source-backed-rank	ngsl-gr-1.0	1975	cefrj-1.5,ngsl-gr-1.0,oewn-2025		validated
master-calculation-noun	calculation	noun	B1	source-backed	cefrj-1.5	common	source-backed-rank	ngsl-gr-1.0	3100	bsl-1.2,cefrj-1.5,nawl-1.2,ngsl-gr-1.0,oewn-2025		validated
master-calm-adjective	calm	adjective	B1	source-backed	cefrj-1.5	common	source-backed-rank	ngsl-gr-1.0	2014	cefrj-1.5,ngsl-gr-1.0,oewn-2025		validated
master-cancer-noun	cancer	noun	B1	source-backed	cefrj-1.5	very-common	source-backed-rank	ngsl-gr-1.0	1407	cefrj-1.5,ngsl-gr-1.0,oewn-2025		validated
master-capable-adjective	capable	adjective	B1	source-backed	cefrj-1.5	common	source-backed-rank	ngsl-gr-1.0	1935	cefrj-1.5,ngsl-gr-1.0,oewn-2025		validated
master-capacity-noun	capacity	noun	B1	source-backed	cefrj-1.5	common	source-backed-rank	ngsl-gr-1.0	1522	cefrj-1.5,ngsl-gr-1.0,oewn-2025		validated
master-capture-noun	capture	noun	B1	source-backed	cefrj-1.5	common	source-backed-rank	ngsl-gr-1.0	1708	cefrj-1.5,ngsl-gr-1.0,oewn-2025		validated
master-capture-verb	capture	verb	B1	source-backed	cefrj-1.5	common	source-backed-rank	ngsl-gr-1.0	1708	cefrj-1.5,ngsl-gr-1.0,oewn-2025		validated
master-care-verb	care	verb	B1	source-backed	cefrj-1.5	very-common	source-backed-rank	ngsl-gr-1.0	363	cefrj-1.5,ngsl-gr-1.0,oewn-2025		validated
master-career-noun	career	noun	B1	source-backed	cefrj-1.5	very-common	source-backed-rank	ngsl-gr-1.0	942	cefrj-1.5,ngsl-gr-1.0,oewn-2025		validated
master-casual-adjective	casual	adjective	B1	source-backed	cefrj-1.5	common	source-backed-rank	ngsl-gr-1.0	3488	bsl-1.2,cefrj-1.5,ngsl-gr-1.0,oewn-2025		validated
master-category-noun	category	noun	B1	source-backed	cefrj-1.5	very-common	source-backed-rank	ngsl-gr-1.0	1242	cefrj-1.5,ngsl-gr-1.0,oewn-2025		validated
master-cattle-noun	cattle	noun	B1	source-backed	cefrj-1.5	common	source-backed-rank	ngsl-gr-1.0	3086	bsl-1.2,cefrj-1.5,nawl-1.2,ngsl-gr-1.0,oewn-2025		validated
master-caution-noun	caution	noun	B1	source-backed	cefrj-1.5	less-common	source-backed-rank	ngsl-gr-1.0	3581	bsl-1.2,cefrj-1.5,ngsl-gr-1.0,oewn-2025		validated
master-cautious-adjective	cautious	adjective	B1	source-backed	cefrj-1.5	less-common	source-backed-rank	ngsl-gr-1.0	4502	bsl-1.2,cefrj-1.5,ngsl-gr-1.0,oewn-2025		validated
master-celebrity-noun	celebrity	noun	B1	source-backed	cefrj-1.5	common	source-backed-rank	ngsl-gr-1.0	3193	bsl-1.2,cefrj-1.5,ngsl-gr-1.0,oewn-2025		validated
master-cell-noun	cell	noun	B1	source-backed	cefrj-1.5	very-common	source-backed-rank	ngsl-gr-1.0	679	cefrj-1.5,ngsl-gr-1.0,oewn-2025		validated
master-central-adjective	central	adjective	B1	source-backed	cefrj-1.5	very-common	source-backed-rank	ngsl-gr-1.0	941	cefrj-1.5,ngsl-gr-1.0,oewn-2025		validated
master-certainty-noun	certainty	noun	B1	source-backed	cefrj-1.5	less-common	source-backed-rank	ngsl-gr-1.0	4423	bsl-1.2,cefrj-1.5,ngsl-gr-1.0,oewn-2025		validated
master-channel-noun	channel	noun	B1	source-backed	cefrj-1.5	common	source-backed-rank	ngsl-gr-1.0	1582	cefrj-1.5,ngsl-gr-1.0,oewn-2025		validated
master-chaos-noun	chaos	noun	B1	source-backed	cefrj-1.5	less-common	source-backed-rank	ngsl-gr-1.0	3890	bsl-1.2,cefrj-1.5,ngsl-gr-1.0,oewn-2025		validated
master-characteristic-noun	characteristic	noun	B1	source-backed	cefrj-1.5	common	source-backed-rank	ngsl-gr-1.0	1632	cefrj-1.5,ngsl-gr-1.0,oewn-2025		validated
master-charge-noun	charge	noun	B1	source-backed	cefrj-1.5	very-common	source-backed-rank	ngsl-gr-1.0	548	cefrj-1.5,ngsl-gr-1.0,oewn-2025		validated
master-charge-verb	charge	verb	B1	source-backed	cefrj-1.5	very-common	source-backed-rank	ngsl-gr-1.0	548	cefrj-1.5,ngsl-gr-1.0,oewn-2025		validated
master-chemical-noun	chemical	noun	B1	source-backed	cefrj-1.5	common	source-backed-rank	ngsl-gr-1.0	1707	cefrj-1.5,ngsl-gr-1.0,oewn-2025		validated
master-chemistry-noun	chemistry	noun	B1	source-backed	cefrj-1.5	less-common	source-backed-rank	ngsl-gr-1.0	3742	cefrj-1.5,nawl-1.2,ngsl-gr-1.0,oewn-2025		validated
master-chief-adjective	chief	adjective	B1	source-backed	cefrj-1.5	very-common	source-backed-rank	ngsl-gr-1.0	1205	cefrj-1.5,ngsl-gr-1.0,oewn-2025		validated
master-circle-verb	circle	verb	B1	source-backed	cefrj-1.5	common	source-backed-rank	ngsl-gr-1.0	1762	cefrj-1.5,ngsl-gr-1.0,oewn-2025		validated
master-citizenship-noun	citizenship	noun	B1	source-backed	cefrj-1.5	less-common	source-backed-rank	ngsl-gr-1.0	4349	bsl-1.2,cefrj-1.5,ngsl-gr-1.0,oewn-2025		validated
master-civil-adjective	civil	adjective	B1	source-backed	cefrj-1.5	very-common	source-backed-rank	ngsl-gr-1.0	1499	cefrj-1.5,ngsl-gr-1.0,oewn-2025		validated
master-claim-noun	claim	noun	B1	source-backed	cefrj-1.5	very-common	source-backed-rank	ngsl-gr-1.0	551	cefrj-1.5,ngsl-gr-1.0,oewn-2025		validated
master-classify-verb	classify	verb	B1	source-backed	cefrj-1.5	common	source-backed-rank	ngsl-gr-1.0	3024	bsl-1.2,cefrj-1.5,nawl-1.2,ngsl-gr-1.0,oewn-2025		validated
master-clear-verb	clear	verb	B1	source-backed	cefrj-1.5	very-common	source-backed-rank	ngsl-gr-1.0	419	cefrj-1.5,ngsl-gr-1.0,oewn-2025		validated
master-climate-noun	climate	noun	B1	source-backed	cefrj-1.5	common	source-backed-rank	ngsl-gr-1.0	1956	cefrj-1.5,ngsl-gr-1.0,oewn-2025		validated
master-clinic-noun	clinic	noun	B1	source-backed	cefrj-1.5	common	source-backed-rank	ngsl-gr-1.0	3140	bsl-1.2,cefrj-1.5,nawl-1.2,ngsl-gr-1.0,oewn-2025		validated
master-clip-noun	clip	noun	B1	source-backed	cefrj-1.5	common	source-backed-rank	ngsl-gr-1.0	3227	bsl-1.2,cefrj-1.5,nawl-1.2,ngsl-gr-1.0,oewn-2025		validated
master-closely-adverb	closely	adverb	B1	source-backed	cefrj-1.5	common	source-backed-rank	ngsl-gr-1.0	1781	cefrj-1.5,ngsl-gr-1.0,oewn-2025		validated
master-coast-verb	coast	verb	B1	source-backed	cefrj-1.5	common	source-backed-rank	ngsl-gr-1.0	1778	cefrj-1.5,ngsl-gr-1.0,oewn-2025		validated
master-collapse-noun	collapse	noun	B1	source-backed	cefrj-1.5	common	source-backed-rank	ngsl-gr-1.0	1929	cefrj-1.5,ngsl-gr-1.0,oewn-2025		validated
master-collar-noun	collar	noun	B1	source-backed	cefrj-1.5	less-common	source-backed-rank	ngsl-gr-1.0	4220	bsl-1.2,cefrj-1.5,ngsl-gr-1.0,oewn-2025		validated
master-combination-noun	combination	noun	B1	source-backed	cefrj-1.5	common	source-backed-rank	ngsl-gr-1.0	1602	cefrj-1.5,ngsl-gr-1.0,oewn-2025		validated
master-combine-verb	combine	verb	B1	source-backed	cefrj-1.5	very-common	source-backed-rank	ngsl-gr-1.0	1294	cefrj-1.5,ngsl-gr-1.0,oewn-2025		validated
master-comfort-noun	comfort	noun	B1	source-backed	cefrj-1.5	common	source-backed-rank	ngsl-gr-1.0	1995	cefrj-1.5,ngsl-gr-1.0,oewn-2025		validated
master-command-noun	command	noun	B1	source-backed	cefrj-1.5	common	source-backed-rank	ngsl-gr-1.0	1764	cefrj-1.5,ngsl-gr-1.0,oewn-2025		validated
master-comment-noun	comment	noun	B1	source-backed	cefrj-1.5	very-common	source-backed-rank	ngsl-gr-1.0	766	cefrj-1.5,ngsl-gr-1.0,oewn-2025		validated
master-commercial-adjective	commercial	adjective	B1	source-backed	cefrj-1.5	very-common	source-backed-rank	ngsl-gr-1.0	1310	cefrj-1.5,ngsl-gr-1.0,oewn-2025		validated
master-commit-verb	commit	verb	B1	source-backed	cefrj-1.5	very-common	source-backed-rank	ngsl-gr-1.0	1372	cefrj-1.5,ngsl-gr-1.0,oewn-2025		validated
b1-commitment	commitment	noun	B1	editorial-estimate		common	source-backed-rank	ngsl-gr-1.0	1557	cefrj-1.5,ngsl-gr-1.0,oewn-2025,vocabulary-core-2026-08		validated
master-commonly-adverb	commonly	adverb	B1	source-backed	cefrj-1.5	common	source-backed-rank	ngsl-gr-1.0	3067	bsl-1.2,cefrj-1.5,nawl-1.2,ngsl-gr-1.0,oewn-2025		validated
v61	compare	verb	B1	editorial-estimate		very-common	source-backed-rank	ngsl-gr-1.0	664	cefrj-1.5,ngsl-gr-1.0,oewn-2025,vocabulary-core-2026-08		validated
master-comparison-noun	comparison	noun	B1	source-backed	cefrj-1.5	common	source-backed-rank	ngsl-gr-1.0	1631	cefrj-1.5,ngsl-gr-1.0,oewn-2025		validated
master-compete-verb	compete	verb	B1	source-backed	cefrj-1.5	common	source-backed-rank	ngsl-gr-1.0	1733	cefrj-1.5,ngsl-gr-1.0,oewn-2025		validated
master-competitive-adjective	competitive	adjective	B1	source-backed	cefrj-1.5	common	source-backed-rank	ngsl-gr-1.0	1874	cefrj-1.5,ngsl-gr-1.0,oewn-2025		validated
master-complement-noun	complement	noun	B1	source-backed	cefrj-1.5	less-common	source-backed-rank	ngsl-gr-1.0	4116	bsl-1.2,cefrj-1.5,nawl-1.2,ngsl-gr-1.0,oewn-2025		validated
master-complete-verb	complete	verb	B1	source-backed	cefrj-1.5	very-common	source-backed-rank	ngsl-gr-1.0	631	cefrj-1.5,ngsl-gr-1.0,oewn-2025		validated
master-completely-adverb	completely	adverb	B1	source-backed	cefrj-1.5	very-common	source-backed-rank	ngsl-gr-1.0	1010	cefrj-1.5,ngsl-gr-1.0,oewn-2025		validated
master-complicate-verb	complicate	verb	B1	source-backed	cefrj-1.5	common	source-backed-rank	ngsl-gr-1.0	1901	cefrj-1.5,ngsl-gr-1.0,oewn-2025		validated
master-concentration-noun	concentration	noun	B1	source-backed	cefrj-1.5	common	source-backed-rank	ngsl-gr-1.0	1920	cefrj-1.5,ngsl-gr-1.0,oewn-2025		validated
master-concept-noun	concept	noun	B1	source-backed	cefrj-1.5	very-common	source-backed-rank	ngsl-gr-1.0	1263	cefrj-1.5,ngsl-gr-1.0,oewn-2025		validated
b1-concern	concern	noun	B1	editorial-estimate		very-common	source-backed-rank	ngsl-gr-1.0	353	cefrj-1.5,ngsl-gr-1.0,oewn-2025,vocabulary-core-2026-08		validated
master-conclude-verb	conclude	verb	B1	source-backed	cefrj-1.5	very-common	source-backed-rank	ngsl-gr-1.0	1405	cefrj-1.5,ngsl-gr-1.0,oewn-2025		validated
master-conclusion-noun	conclusion	noun	B1	source-backed	cefrj-1.5	very-common	source-backed-rank	ngsl-gr-1.0	981	cefrj-1.5,ngsl-gr-1.0,oewn-2025		validated
master-conduct-noun	conduct	noun	B1	source-backed	cefrj-1.5	very-common	source-backed-rank	ngsl-gr-1.0	1104	cefrj-1.5,ngsl-gr-1.0,oewn-2025		validated
master-confidence-noun	confidence	noun	B1	source-backed	cefrj-1.5	common	source-backed-rank	ngsl-gr-1.0	1543	cefrj-1.5,ngsl-gr-1.0,oewn-2025		validated
master-confirm-verb	confirm	verb	B1	source-backed	cefrj-1.5	very-common	source-backed-rank	ngsl-gr-1.0	1256	cefrj-1.5,ngsl-gr-1.0,oewn-2025		validated
master-confirmation-noun	confirmation	noun	B1	source-backed	cefrj-1.5	less-common	source-backed-rank	ngsl-gr-1.0	3707	bsl-1.2,cefrj-1.5,ngsl-gr-1.0,oewn-2025		validated
master-conflict-noun	conflict	noun	B1	source-backed	cefrj-1.5	very-common	source-backed-rank	ngsl-gr-1.0	1234	cefrj-1.5,ngsl-gr-1.0,oewn-2025		validated
master-connect-verb	connect	verb	B1	source-backed	cefrj-1.5	very-common	source-backed-rank	ngsl-gr-1.0	1314	cefrj-1.5,ngsl-gr-1.0,oewn-2025		validated
master-conscious-adjective	conscious	adjective	B1	source-backed	cefrj-1.5	common	source-backed-rank	ngsl-gr-1.0	2981	bsl-1.2,cefrj-1.5,nawl-1.2,ngsl-gr-1.0,oewn-2025		validated
v62	consequence	noun	B1	editorial-estimate		very-common	source-backed-rank	ngsl-gr-1.0	1278	cefrj-1.5,ngsl-gr-1.0,oewn-2025,vocabulary-core-2026-08		validated
master-conservation-noun	conservation	noun	B1	source-backed	cefrj-1.5	less-common	source-backed-rank	ngsl-gr-1.0	3631	bsl-1.2,cefrj-1.5,nawl-1.2,ngsl-gr-1.0,oewn-2025		validated
master-conservative-adjective	conservative	adjective	B1	source-backed	cefrj-1.5	common	source-backed-rank	ngsl-gr-1.0	1670	cefrj-1.5,ngsl-gr-1.0,oewn-2025		validated
master-considerable-adjective	considerable	adjective	B1	source-backed	cefrj-1.5	common	source-backed-rank	ngsl-gr-1.0	1721	cefrj-1.5,ngsl-gr-1.0,oewn-2025		validated
master-consideration-noun	consideration	noun	B1	source-backed	cefrj-1.5	very-common	source-backed-rank	ngsl-gr-1.0	1394	cefrj-1.5,ngsl-gr-1.0,oewn-2025		validated
master-constantly-adverb	constantly	adverb	B1	source-backed	cefrj-1.5	common	source-backed-rank	ngsl-gr-1.0	2204	cefrj-1.5,ngsl-gr-1.0,oewn-2025		validated
master-constitution-noun	constitution	noun	B1	source-backed	cefrj-1.5	common	source-backed-rank	ngsl-gr-1.0	3395	bsl-1.2,cefrj-1.5,nawl-1.2,ngsl-gr-1.0,oewn-2025		validated
master-construct-verb	construct	verb	B1	source-backed	cefrj-1.5	common	source-backed-rank	ngsl-gr-1.0	1809	cefrj-1.5,ngsl-gr-1.0,oewn-2025		validated
master-construction-noun	construction	noun	B1	source-backed	cefrj-1.5	very-common	source-backed-rank	ngsl-gr-1.0	1450	cefrj-1.5,ngsl-gr-1.0,oewn-2025		validated
master-consumer-noun	consumer	noun	B1	source-backed	cefrj-1.5	very-common	source-backed-rank	ngsl-gr-1.0	1183	cefrj-1.5,ngsl-gr-1.0,oewn-2025		validated
master-consumption-noun	consumption	noun	B1	source-backed	cefrj-1.5	common	source-backed-rank	ngsl-gr-1.0	2916	bsl-1.2,cefrj-1.5,nawl-1.2,ngsl-gr-1.0,oewn-2025		validated
master-contain-verb	contain	verb	B1	source-backed	cefrj-1.5	very-common	source-backed-rank	ngsl-gr-1.0	713	cefrj-1.5,ngsl-gr-1.0,oewn-2025		validated
master-content-noun	content	noun	B1	source-backed	cefrj-1.5	very-common	source-backed-rank	ngsl-gr-1.0	1075	cefrj-1.5,ngsl-gr-1.0,oewn-2025		validated
v10	context	noun	B1	editorial-estimate		very-common	source-backed-rank	ngsl-gr-1.0	1099	cefrj-1.5,ngsl-gr-1.0,oewn-2025,vocabulary-core-2026-08		validated
master-continually-adverb	continually	adverb	B1	source-backed	cefrj-1.5	less-common	source-backed-rank	ngsl-gr-1.0	4334	bsl-1.2,cefrj-1.5,ngsl-gr-1.0,oewn-2025		validated
master-continuously-adverb	continuously	adverb	B1	source-backed	cefrj-1.5	less-common	source-backed-rank	ngsl-gr-1.0	4743	bsl-1.2,cefrj-1.5,ngsl-gr-1.0,oewn-2025		validated
master-contrary-adjective	contrary	adjective	B1	source-backed	cefrj-1.5	common	source-backed-rank	ngsl-gr-1.0	2887	bsl-1.2,cefrj-1.5,nawl-1.2,ngsl-gr-1.0,oewn-2025		validated
v63	contribute	verb	B1	source-backed	cefrj-1.5	very-common	source-backed-rank	ngsl-gr-1.0	1288	cefrj-1.5,ngsl-gr-1.0,oewn-2025,vocabulary-core-2026-08		validated
master-contribution-noun	contribution	noun	B1	source-backed	cefrj-1.5	very-common	source-backed-rank	ngsl-gr-1.0	1323	cefrj-1.5,ngsl-gr-1.0,oewn-2025		validated
master-control-verb	control	verb	B1	source-backed	cefrj-1.5	very-common	source-backed-rank	ngsl-gr-1.0	351	cefrj-1.5,ngsl-gr-1.0,oewn-2025		validated
b1-convince	convince	verb	B1	source-backed	cefrj-1.5	very-common	source-backed-rank	ngsl-gr-1.0	1408	cefrj-1.5,ngsl-gr-1.0,oewn-2025,vocabulary-core-2026-08		validated
master-copyright-noun	copyright	noun	B1	source-backed	cefrj-1.5	less-common	source-backed-rank	ngsl-gr-1.0	4550	bsl-1.2,cefrj-1.5,ngsl-gr-1.0,oewn-2025		validated
master-correction-noun	correction	noun	B1	source-backed	cefrj-1.5	less-common	source-backed-rank	ngsl-gr-1.0	4095	bsl-1.2,cefrj-1.5,nawl-1.2,ngsl-gr-1.0,oewn-2025		validated
master-cotton-noun	cotton	noun	B1	source-backed	cefrj-1.5	common	source-backed-rank	ngsl-gr-1.0	3114	bsl-1.2,cefrj-1.5,ngsl-gr-1.0,oewn-2025		validated
master-council-noun	council	noun	B1	source-backed	cefrj-1.5	very-common	source-backed-rank	ngsl-gr-1.0	1472	cefrj-1.5,ngsl-gr-1.0,oewn-2025		validated
master-count-noun	count	noun	B1	source-backed	cefrj-1.5	very-common	source-backed-rank	ngsl-gr-1.0	1072	cefrj-1.5,ngsl-gr-1.0,oewn-2025		validated
master-county-noun	county	noun	B1	source-backed	cefrj-1.5	common	source-backed-rank	ngsl-gr-1.0	1786	cefrj-1.5,ngsl-gr-1.0,oewn-2025		validated
master-crash-noun	crash	noun	B1	source-backed	cefrj-1.5	common	source-backed-rank	ngsl-gr-1.0	1917	cefrj-1.5,ngsl-gr-1.0,oewn-2025		validated
master-crash-verb	crash	verb	B1	source-backed	cefrj-1.5	common	source-backed-rank	ngsl-gr-1.0	1917	cefrj-1.5,ngsl-gr-1.0,oewn-2025		validated
master-criminal-noun	criminal	noun	B1	source-backed	cefrj-1.5	common	source-backed-rank	ngsl-gr-1.0	1774	cefrj-1.5,ngsl-gr-1.0,oewn-2025		validated
master-crisis-noun	crisis	noun	B1	source-backed	cefrj-1.5	very-common	source-backed-rank	ngsl-gr-1.0	1352	cefrj-1.5,ngsl-gr-1.0,oewn-2025		validated
master-critic-noun	critic	noun	B1	source-backed	cefrj-1.5	common	source-backed-rank	ngsl-gr-1.0	1828	cefrj-1.5,ngsl-gr-1.0,oewn-2025		validated
master-critical-adjective	critical	adjective	B1	source-backed	cefrj-1.5	very-common	source-backed-rank	ngsl-gr-1.0	1335	cefrj-1.5,ngsl-gr-1.0,oewn-2025		validated
master-crop-noun	crop	noun	B1	source-backed	cefrj-1.5	common	source-backed-rank	ngsl-gr-1.0	2036	cefrj-1.5,ngsl-gr-1.0,oewn-2025		validated
master-crush-noun	crush	noun	B1	source-backed	cefrj-1.5	common	source-backed-rank	ngsl-gr-1.0	3302	bsl-1.2,cefrj-1.5,ngsl-gr-1.0,oewn-2025		validated
master-cultural-adjective	cultural	adjective	B1	source-backed	cefrj-1.5	very-common	source-backed-rank	ngsl-gr-1.0	1315	cefrj-1.5,ngsl-gr-1.0,oewn-2025		validated
master-cure-noun	cure	noun	B1	source-backed	cefrj-1.5	common	source-backed-rank	ngsl-gr-1.0	2974	bsl-1.2,cefrj-1.5,nawl-1.2,ngsl-gr-1.0,oewn-2025		validated
master-currency-noun	currency	noun	B1	source-backed	cefrj-1.5	common	source-backed-rank	ngsl-gr-1.0	2194	cefrj-1.5,ngsl-gr-1.0,oewn-2025		validated
master-current-adjective	current	adjective	B1	source-backed	cefrj-1.5	very-common	source-backed-rank	ngsl-gr-1.0	640	cefrj-1.5,ngsl-gr-1.0,oewn-2025		validated
master-currently-adverb	currently	adverb	B1	source-backed	cefrj-1.5	very-common	source-backed-rank	ngsl-gr-1.0	1343	cefrj-1.5,ngsl-gr-1.0,oewn-2025		validated
master-curriculum-noun	curriculum	noun	B1	source-backed	cefrj-1.5	common	source-backed-rank	ngsl-gr-1.0	2930	cefrj-1.5,nawl-1.2,ngsl-gr-1.0,oewn-2025		validated
master-cut-noun	cut	noun	B1	source-backed	cefrj-1.5	very-common	source-backed-rank	ngsl-gr-1.0	506	cefrj-1.5,ngsl-gr-1.0,oewn-2025		validated
master-cycle-noun	cycle	noun	B1	source-backed	cefrj-1.5	very-common	source-backed-rank	ngsl-gr-1.0	1444	cefrj-1.5,ngsl-gr-1.0,oewn-2025		validated
master-cycle-verb	cycle	verb	B1	source-backed	cefrj-1.5	very-common	source-backed-rank	ngsl-gr-1.0	1444	cefrj-1.5,ngsl-gr-1.0,oewn-2025		validated
master-damage-noun	damage	noun	B1	source-backed	cefrj-1.5	very-common	source-backed-rank	ngsl-gr-1.0	958	cefrj-1.5,ngsl-gr-1.0,oewn-2025		validated
master-damage-verb	damage	verb	B1	source-backed	cefrj-1.5	very-common	source-backed-rank	ngsl-gr-1.0	958	cefrj-1.5,ngsl-gr-1.0,oewn-2025		validated
master-damp-adjective	damp	adjective	B1	source-backed	cefrj-1.5	less-common	source-backed-rank	ngsl-gr-1.0	4258	cefrj-1.5,nawl-1.2,ngsl-gr-1.0,oewn-2025		validated
master-date-verb	date	verb	B1	source-backed	cefrj-1.5	very-common	source-backed-rank	ngsl-gr-1.0	533	cefrj-1.5,ngsl-gr-1.0,oewn-2025		validated
b1-deadline	deadline	noun	B1	source-backed	cefrj-1.5	common	source-backed-rank	ngsl-gr-1.0	3342	bsl-1.2,cefrj-1.5,nawl-1.2,ngsl-gr-1.0,oewn-2025,vocabulary-core-2026-08		validated
master-deal-verb	deal	verb	B1	source-backed	cefrj-1.5	very-common	source-backed-rank	ngsl-gr-1.0	371	cefrj-1.5,ngsl-gr-1.0,oewn-2025		validated
master-debt-noun	debt	noun	B1	source-backed	cefrj-1.5	common	source-backed-rank	ngsl-gr-1.0	1674	cefrj-1.5,ngsl-gr-1.0,oewn-2025		validated
master-decision-noun	decision	noun	B1	source-backed	cefrj-1.5	very-common	source-backed-rank	ngsl-gr-1.0	499	cefrj-1.5,ngsl-gr-1.0,oewn-2025		validated
master-declaration-noun	declaration	noun	B1	source-backed	cefrj-1.5	less-common	source-backed-rank	ngsl-gr-1.0	4113	bsl-1.2,cefrj-1.5,ngsl-gr-1.0,oewn-2025		validated
master-declare-verb	declare	verb	B1	source-backed	cefrj-1.5	common	source-backed-rank	ngsl-gr-1.0	1684	cefrj-1.5,ngsl-gr-1.0,oewn-2025		validated
master-decline-noun	decline	noun	B1	source-backed	cefrj-1.5	very-common	source-backed-rank	ngsl-gr-1.0	1179	cefrj-1.5,ngsl-gr-1.0,oewn-2025		validated
master-decrease-noun	decrease	noun	B1	source-backed	cefrj-1.5	very-common	source-backed-rank	ngsl-gr-1.0	1470	cefrj-1.5,ngsl-gr-1.0,oewn-2025		validated
master-deed-noun	deed	noun	B1	source-backed	cefrj-1.5	less-common	source-backed-rank	ngsl-gr-1.0	5037	bsl-1.2,cefrj-1.5,ngsl-gr-1.0,oewn-2025		validated
master-defeat-verb	defeat	verb	B1	source-backed	cefrj-1.5	common	source-backed-rank	ngsl-gr-1.0	1936	cefrj-1.5,ngsl-gr-1.0,oewn-2025		validated
master-defend-verb	defend	verb	B1	source-backed	cefrj-1.5	common	source-backed-rank	ngsl-gr-1.0	1924	cefrj-1.5,ngsl-gr-1.0,oewn-2025		validated
master-define-verb	define	verb	B1	source-backed	cefrj-1.5	very-common	source-backed-rank	ngsl-gr-1.0	980	cefrj-1.5,ngsl-gr-1.0,oewn-2025		validated
master-definite-adjective	definite	adjective	B1	source-backed	cefrj-1.5	less-common	source-backed-rank	ngsl-gr-1.0	4188	cefrj-1.5,nawl-1.2,ngsl-gr-1.0,oewn-2025		validated
master-definitely-adverb	definitely	adverb	B1	source-backed	cefrj-1.5	common	source-backed-rank	ngsl-gr-1.0	1607	cefrj-1.5,ngsl-gr-1.0,oewn-2025		validated
master-definition-noun	definition	noun	B1	source-backed	cefrj-1.5	common	source-backed-rank	ngsl-gr-1.0	1627	cefrj-1.5,ngsl-gr-1.0,oewn-2025		validated
master-delay-verb	delay	verb	B1	source-backed	cefrj-1.5	very-common	source-backed-rank	ngsl-gr-1.0	1360	cefrj-1.5,ngsl-gr-1.0,oewn-2025		validated
master-delete-verb	delete	verb	B1	source-backed	cefrj-1.5	less-common	source-backed-rank	ngsl-gr-1.0	4637	bsl-1.2,cefrj-1.5,ngsl-gr-1.0,oewn-2025		validated
master-delight-noun	delight	noun	B1	source-backed	cefrj-1.5	common	source-backed-rank	ngsl-gr-1.0	2021	cefrj-1.5,ngsl-gr-1.0,oewn-2025		validated
master-deliver-verb	deliver	verb	B1	source-backed	cefrj-1.5	very-common	source-backed-rank	ngsl-gr-1.0	1114	cefrj-1.5,ngsl-gr-1.0,oewn-2025		validated
master-delivery-noun	delivery	noun	B1	source-backed	cefrj-1.5	very-common	source-backed-rank	ngsl-gr-1.0	1478	cefrj-1.5,ngsl-gr-1.0,oewn-2025		validated
master-demand-noun	demand	noun	B1	source-backed	cefrj-1.5	very-common	source-backed-rank	ngsl-gr-1.0	620	cefrj-1.5,ngsl-gr-1.0,oewn-2025		validated
master-demand-verb	demand	verb	B1	source-backed	cefrj-1.5	very-common	source-backed-rank	ngsl-gr-1.0	620	cefrj-1.5,ngsl-gr-1.0,oewn-2025		validated
master-democracy-noun	democracy	noun	B1	source-backed	cefrj-1.5	common	source-backed-rank	ngsl-gr-1.0	1914	cefrj-1.5,ngsl-gr-1.0,oewn-2025		validated
master-demonstrate-verb	demonstrate	verb	B1	source-backed	cefrj-1.5	very-common	source-backed-rank	ngsl-gr-1.0	1322	cefrj-1.5,ngsl-gr-1.0,oewn-2025		validated
master-demonstration-noun	demonstration	noun	B1	source-backed	cefrj-1.5	common	source-backed-rank	ngsl-gr-1.0	2219	cefrj-1.5,ngsl-gr-1.0,oewn-2025		validated
master-deny-verb	deny	verb	B1	source-backed	cefrj-1.5	very-common	source-backed-rank	ngsl-gr-1.0	1479	cefrj-1.5,ngsl-gr-1.0,oewn-2025		validated
master-depart-verb	depart	verb	B1	source-backed	cefrj-1.5	less-common	source-backed-rank	ngsl-gr-1.0	3599	bsl-1.2,cefrj-1.5,ngsl-gr-1.0,oewn-2025		validated
master-department-noun	department	noun	B1	source-backed	cefrj-1.5	very-common	source-backed-rank	ngsl-gr-1.0	786	cefrj-1.5,ngsl-gr-1.0,oewn-2025		validated
master-departure-noun	departure	noun	B1	source-backed	cefrj-1.5	common	source-backed-rank	ngsl-gr-1.0	2933	bsl-1.2,cefrj-1.5,ngsl-gr-1.0,oewn-2025		validated
master-depression-noun	depression	noun	B1	source-backed	cefrj-1.5	common	source-backed-rank	ngsl-gr-1.0	2178	cefrj-1.5,ngsl-gr-1.0,oewn-2025		validated
master-deprive-verb	deprive	verb	B1	source-backed	cefrj-1.5	less-common	source-backed-rank	ngsl-gr-1.0	4105	bsl-1.2,cefrj-1.5,ngsl-gr-1.0,oewn-2025		validated
master-deserve-verb	deserve	verb	B1	source-backed	cefrj-1.5	common	source-backed-rank	ngsl-gr-1.0	1922	cefrj-1.5,ngsl-gr-1.0,oewn-2025		validated
master-design-verb	design	verb	B1	source-backed	cefrj-1.5	very-common	source-backed-rank	ngsl-gr-1.0	491	cefrj-1.5,ngsl-gr-1.0,oewn-2025		validated
master-designer-noun	designer	noun	B1	source-backed	cefrj-1.5	common	source-backed-rank	ngsl-gr-1.0	2228	cefrj-1.5,ngsl-gr-1.0,oewn-2025		validated
master-desire-noun	desire	noun	B1	source-backed	cefrj-1.5	very-common	source-backed-rank	ngsl-gr-1.0	1341	cefrj-1.5,ngsl-gr-1.0,oewn-2025		validated
master-desperate-adjective	desperate	adjective	B1	source-backed	cefrj-1.5	common	source-backed-rank	ngsl-gr-1.0	2971	bsl-1.2,cefrj-1.5,ngsl-gr-1.0,oewn-2025		validated
master-despite-preposition	despite	preposition	B1	source-backed	cefrj-1.5	very-common	source-backed-rank	ngsl-gr-1.0	821	cefrj-1.5,ngsl-gr-1.0		validated
master-destination-noun	destination	noun	B1	source-backed	cefrj-1.5	common	source-backed-rank	ngsl-gr-1.0	3070	bsl-1.2,cefrj-1.5,nawl-1.2,ngsl-gr-1.0,oewn-2025		validated
v64	determine	verb	B1	source-backed	cefrj-1.5	very-common	source-backed-rank	ngsl-gr-1.0	758	cefrj-1.5,ngsl-gr-1.0,oewn-2025,vocabulary-core-2026-08		validated
master-devastate-verb	devastate	verb	B1	source-backed	cefrj-1.5	less-common	source-backed-rank	ngsl-gr-1.0	3530	bsl-1.2,cefrj-1.5,ngsl-gr-1.0,oewn-2025		validated
master-development-noun	development	noun	B1	source-backed	cefrj-1.5	very-common	source-backed-rank	ngsl-gr-1.0	413	cefrj-1.5,ngsl-gr-1.0,oewn-2025		validated
master-device-noun	device	noun	B1	source-backed	cefrj-1.5	common	source-backed-rank	ngsl-gr-1.0	1575	cefrj-1.5,ngsl-gr-1.0,oewn-2025		validated
master-diagram-noun	diagram	noun	B1	source-backed	cefrj-1.5	less-common	source-backed-rank	ngsl-gr-1.0	3590	bsl-1.2,cefrj-1.5,nawl-1.2,ngsl-gr-1.0,oewn-2025		validated
master-diameter-noun	diameter	noun	B1	source-backed	cefrj-1.5	less-common	source-backed-rank	ngsl-gr-1.0	4212	cefrj-1.5,nawl-1.2,ngsl-gr-1.0,oewn-2025		validated
master-differ-verb	differ	verb	B1	source-backed	cefrj-1.5	common	source-backed-rank	ngsl-gr-1.0	2026	cefrj-1.5,ngsl-gr-1.0,oewn-2025		validated
master-dioxide-noun	dioxide	noun	B1	source-backed	cefrj-1.5	less-common	source-backed-rank	ngsl-gr-1.0	4481	bsl-1.2,cefrj-1.5,nawl-1.2,ngsl-gr-1.0,oewn-2025		validated
master-direct-verb	direct	verb	B1	source-backed	cefrj-1.5	very-common	source-backed-rank	ngsl-gr-1.0	774	cefrj-1.5,ngsl-gr-1.0,oewn-2025		validated
master-directly-adverb	directly	adverb	B1	source-backed	cefrj-1.5	very-common	source-backed-rank	ngsl-gr-1.0	1101	cefrj-1.5,ngsl-gr-1.0,oewn-2025		validated
master-disability-noun	disability	noun	B1	source-backed	cefrj-1.5	common	source-backed-rank	ngsl-gr-1.0	3356	bsl-1.2,cefrj-1.5,nawl-1.2,ngsl-gr-1.0,oewn-2025		validated
master-disable-verb	disable	verb	B1	source-backed	cefrj-1.5	common	source-backed-rank	ngsl-gr-1.0	3026	bsl-1.2,cefrj-1.5,ngsl-gr-1.0,oewn-2025		validated
master-disagreement-noun	disagreement	noun	B1	source-backed	cefrj-1.5	less-common	source-backed-rank	ngsl-gr-1.0	4042	bsl-1.2,cefrj-1.5,ngsl-gr-1.0,oewn-2025		validated
master-disappoint-verb	disappoint	verb	B1	source-backed	cefrj-1.5	common	source-backed-rank	ngsl-gr-1.0	1903	cefrj-1.5,ngsl-gr-1.0,oewn-2025		validated
master-disaster-noun	disaster	noun	B1	source-backed	cefrj-1.5	common	source-backed-rank	ngsl-gr-1.0	2167	cefrj-1.5,ngsl-gr-1.0,oewn-2025		validated
master-discount-noun	discount	noun	B1	source-backed	cefrj-1.5	common	source-backed-rank	ngsl-gr-1.0	1710	cefrj-1.5,ngsl-gr-1.0,oewn-2025		validated
master-discourage-verb	discourage	verb	B1	source-backed	cefrj-1.5	less-common	source-backed-rank	ngsl-gr-1.0	3976	bsl-1.2,cefrj-1.5,ngsl-gr-1.0,oewn-2025		validated
master-discrimination-noun	discrimination	noun	B1	source-backed	cefrj-1.5	common	source-backed-rank	ngsl-gr-1.0	3233	bsl-1.2,cefrj-1.5,nawl-1.2,ngsl-gr-1.0,oewn-2025		validated
master-disease-noun	disease	noun	B1	source-backed	cefrj-1.5	very-common	source-backed-rank	ngsl-gr-1.0	956	cefrj-1.5,ngsl-gr-1.0,oewn-2025		validated
master-dislike-verb	dislike	verb	B1	source-backed	cefrj-1.5	less-common	source-backed-rank	ngsl-gr-1.0	3670	bsl-1.2,cefrj-1.5,ngsl-gr-1.0,oewn-2025		validated
master-display-verb	display	verb	B1	source-backed	cefrj-1.5	very-common	source-backed-rank	ngsl-gr-1.0	1159	cefrj-1.5,ngsl-gr-1.0,oewn-2025		validated
master-dissolve-verb	dissolve	verb	B1	source-backed	cefrj-1.5	less-common	source-backed-rank	ngsl-gr-1.0	4199	bsl-1.2,cefrj-1.5,nawl-1.2,ngsl-gr-1.0,oewn-2025		validated
master-distance-noun	distance	noun	B1	source-backed	cefrj-1.5	very-common	source-backed-rank	ngsl-gr-1.0	1195	cefrj-1.5,ngsl-gr-1.0,oewn-2025		validated
master-distinction-noun	distinction	noun	B1	source-backed	cefrj-1.5	common	source-backed-rank	ngsl-gr-1.0	2182	cefrj-1.5,ngsl-gr-1.0,oewn-2025		validated
master-distribute-verb	distribute	verb	B1	source-backed	cefrj-1.5	common	source-backed-rank	ngsl-gr-1.0	2030	cefrj-1.5,ngsl-gr-1.0,oewn-2025		validated
master-distribution-noun	distribution	noun	B1	source-backed	cefrj-1.5	common	source-backed-rank	ngsl-gr-1.0	2867	bsl-1.2,cefrj-1.5,nawl-1.2,ngsl-gr-1.0,oewn-2025		validated
master-district-noun	district	noun	B1	source-backed	cefrj-1.5	very-common	source-backed-rank	ngsl-gr-1.0	1379	cefrj-1.5,ngsl-gr-1.0,oewn-2025		validated
master-disturbance-noun	disturbance	noun	B1	source-backed	cefrj-1.5	less-common	source-backed-rank	ngsl-gr-1.0	4433	cefrj-1.5,nawl-1.2,ngsl-gr-1.0,oewn-2025		validated
master-diverse-adjective	diverse	adjective	B1	source-backed	cefrj-1.5	common	source-backed-rank	ngsl-gr-1.0	3054	bsl-1.2,cefrj-1.5,nawl-1.2,ngsl-gr-1.0,oewn-2025		validated
master-divide-noun	divide	noun	B1	source-backed	cefrj-1.5	very-common	source-backed-rank	ngsl-gr-1.0	1366	cefrj-1.5,ngsl-gr-1.0,oewn-2025		validated
master-document-noun	document	noun	B1	source-backed	cefrj-1.5	very-common	source-backed-rank	ngsl-gr-1.0	932	cefrj-1.5,ngsl-gr-1.0,oewn-2025		validated
master-dot-noun	dot	noun	B1	source-backed	cefrj-1.5	common	source-backed-rank	ngsl-gr-1.0	3254	bsl-1.2,cefrj-1.5,ngsl-gr-1.0,oewn-2025		validated
master-downward-adjective	downward	adjective	B1	source-backed	cefrj-1.5	less-common	source-backed-rank	ngsl-gr-1.0	4915	bsl-1.2,cefrj-1.5,ngsl-gr-1.0,oewn-2025		validated
master-dozen-determiner	dozen	determiner	B1	source-backed	cefrj-1.5	common	source-backed-rank	ngsl-gr-1.0	1815	cefrj-1.5,ngsl-gr-1.0		validated
master-dozen-noun	dozen	noun	B1	source-backed	cefrj-1.5	common	source-backed-rank	ngsl-gr-1.0	1815	cefrj-1.5,ngsl-gr-1.0,oewn-2025		validated
master-dramatic-adjective	dramatic	adjective	B1	source-backed	cefrj-1.5	common	source-backed-rank	ngsl-gr-1.0	2025	cefrj-1.5,ngsl-gr-1.0,oewn-2025		validated
master-dump-noun	dump	noun	B1	source-backed	cefrj-1.5	common	source-backed-rank	ngsl-gr-1.0	3003	bsl-1.2,cefrj-1.5,ngsl-gr-1.0,oewn-2025		validated
master-dump-verb	dump	verb	B1	source-backed	cefrj-1.5	common	source-backed-rank	ngsl-gr-1.0	3003	bsl-1.2,cefrj-1.5,ngsl-gr-1.0,oewn-2025		validated
master-duty-noun	duty	noun	B1	source-backed	cefrj-1.5	very-common	source-backed-rank	ngsl-gr-1.0	1312	cefrj-1.5,ngsl-gr-1.0,oewn-2025		validated
master-eager-adjective	eager	adjective	B1	source-backed	cefrj-1.5	common	source-backed-rank	ngsl-gr-1.0	3278	bsl-1.2,cefrj-1.5,ngsl-gr-1.0,oewn-2025		validated
master-economic-adjective	economic	adjective	B1	source-backed	cefrj-1.5	very-common	source-backed-rank	ngsl-gr-1.0	543	cefrj-1.5,ngsl-gr-1.0,oewn-2025		validated
master-economy-noun	economy	noun	B1	source-backed	cefrj-1.5	very-common	source-backed-rank	ngsl-gr-1.0	749	cefrj-1.5,ngsl-gr-1.0,oewn-2025		validated
master-edge-noun	edge	noun	B1	source-backed	cefrj-1.5	very-common	source-backed-rank	ngsl-gr-1.0	1214	cefrj-1.5,ngsl-gr-1.0,oewn-2025		validated
master-edition-noun	edition	noun	B1	source-backed	cefrj-1.5	common	source-backed-rank	ngsl-gr-1.0	2082	cefrj-1.5,ngsl-gr-1.0,oewn-2025		validated
master-educate-verb	educate	verb	B1	source-backed	cefrj-1.5	common	source-backed-rank	ngsl-gr-1.0	2043	cefrj-1.5,ngsl-gr-1.0,oewn-2025		validated
v13	effective	adjective	B1	source-backed	cefrj-1.5	very-common	source-backed-rank	ngsl-gr-1.0	1081	cefrj-1.5,ngsl-gr-1.0,oewn-2025,vocabulary-core-2026-08		validated
b1-efficient	efficient	adjective	B1	source-backed	cefrj-1.5	common	source-backed-rank	ngsl-gr-1.0	2019	cefrj-1.5,ngsl-gr-1.0,oewn-2025,vocabulary-core-2026-08		validated
master-either-determiner	either	determiner	B1	source-backed	cefrj-1.5	very-common	source-backed-rank	ngsl-gr-1.0	421	cefrj-1.5,ngsl-gr-1.0		validated
master-either-pronoun	either	pronoun	B1	source-backed	cefrj-1.5	very-common	source-backed-rank	ngsl-gr-1.0	421	cefrj-1.5,ngsl-gr-1.0		validated
master-election-noun	election	noun	B1	source-backed	cefrj-1.5	very-common	source-backed-rank	ngsl-gr-1.0	807	cefrj-1.5,ngsl-gr-1.0,oewn-2025		validated
master-electrical-adjective	electrical	adjective	B1	source-backed	cefrj-1.5	common	source-backed-rank	ngsl-gr-1.0	3071	bsl-1.2,cefrj-1.5,ngsl-gr-1.0,oewn-2025		validated
master-electricity-noun	electricity	noun	B1	source-backed	cefrj-1.5	common	source-backed-rank	ngsl-gr-1.0	2064	cefrj-1.5,ngsl-gr-1.0,oewn-2025		validated
master-electron-noun	electron	noun	B1	source-backed	cefrj-1.5	less-common	source-backed-rank	ngsl-gr-1.0	4062	cefrj-1.5,nawl-1.2,ngsl-gr-1.0,oewn-2025		validated
master-electronic-adjective	electronic	adjective	B1	source-backed	cefrj-1.5	common	source-backed-rank	ngsl-gr-1.0	1772	cefrj-1.5,ngsl-gr-1.0,oewn-2025		validated
master-element-noun	element	noun	B1	source-backed	cefrj-1.5	very-common	source-backed-rank	ngsl-gr-1.0	1080	cefrj-1.5,ngsl-gr-1.0,oewn-2025		validated
master-eliminate-verb	eliminate	verb	B1	source-backed	cefrj-1.5	common	source-backed-rank	ngsl-gr-1.0	2132	cefrj-1.5,ngsl-gr-1.0,oewn-2025		validated
master-emerge-verb	emerge	verb	B1	source-backed	cefrj-1.5	very-common	source-backed-rank	ngsl-gr-1.0	1261	cefrj-1.5,ngsl-gr-1.0,oewn-2025		validated
master-emotion-noun	emotion	noun	B1	source-backed	cefrj-1.5	common	source-backed-rank	ngsl-gr-1.0	1833	cefrj-1.5,ngsl-gr-1.0,oewn-2025		validated
master-emotional-adjective	emotional	adjective	B1	source-backed	cefrj-1.5	common	source-backed-rank	ngsl-gr-1.0	1881	cefrj-1.5,ngsl-gr-1.0,oewn-2025		validated
master-emphasis-noun	emphasis	noun	B1	source-backed	cefrj-1.5	common	source-backed-rank	ngsl-gr-1.0	2081	cefrj-1.5,ngsl-gr-1.0,oewn-2025		validated
v65	emphasize	verb	B1	editorial-estimate		common	source-backed-rank	ngsl-gr-1.0	1890	ngsl-gr-1.0,vocabulary-core-2026-08		validated
master-employment-noun	employment	noun	B1	source-backed	cefrj-1.5	common	source-backed-rank	ngsl-gr-1.0	1657	cefrj-1.5,ngsl-gr-1.0,oewn-2025		validated
master-enable-verb	enable	verb	B1	source-backed	cefrj-1.5	very-common	source-backed-rank	ngsl-gr-1.0	1402	cefrj-1.5,ngsl-gr-1.0,oewn-2025		validated
master-encounter-noun	encounter	noun	B1	source-backed	cefrj-1.5	common	source-backed-rank	ngsl-gr-1.0	1962	cefrj-1.5,ngsl-gr-1.0,oewn-2025		validated
b1-encourage	encourage	verb	B1	editorial-estimate		very-common	source-backed-rank	ngsl-gr-1.0	962	cefrj-1.5,ngsl-gr-1.0,oewn-2025,vocabulary-core-2026-08		validated
master-endless-adjective	endless	adjective	B1	source-backed	cefrj-1.5	less-common	source-backed-rank	ngsl-gr-1.0	3718	bsl-1.2,cefrj-1.5,ngsl-gr-1.0,oewn-2025		validated
master-endure-verb	endure	verb	B1	source-backed	cefrj-1.5	common	source-backed-rank	ngsl-gr-1.0	3295	bsl-1.2,cefrj-1.5,ngsl-gr-1.0,oewn-2025		validated
master-enemy-noun	enemy	noun	B1	source-backed	cefrj-1.5	common	source-backed-rank	ngsl-gr-1.0	1837	cefrj-1.5,ngsl-gr-1.0,oewn-2025		validated
master-engage-verb	engage	verb	B1	source-backed	cefrj-1.5	very-common	source-backed-rank	ngsl-gr-1.0	1349	cefrj-1.5,ngsl-gr-1.0,oewn-2025		validated
master-engine-noun	engine	noun	B1	source-backed	cefrj-1.5	common	source-backed-rank	ngsl-gr-1.0	1667	cefrj-1.5,ngsl-gr-1.0,oewn-2025		validated
master-enrich-verb	enrich	verb	B1	source-backed	cefrj-1.5	less-common	source-backed-rank	ngsl-gr-1.0	4768	bsl-1.2,cefrj-1.5,ngsl-gr-1.0,oewn-2025		validated
master-ensure-verb	ensure	verb	B1	source-backed	cefrj-1.5	very-common	source-backed-rank	ngsl-gr-1.0	1203	cefrj-1.5,ngsl-gr-1.0,oewn-2025		validated
master-enthusiasm-noun	enthusiasm	noun	B1	source-backed	cefrj-1.5	common	source-backed-rank	ngsl-gr-1.0	2989	bsl-1.2,cefrj-1.5,ngsl-gr-1.0,oewn-2025		validated
master-enthusiastic-adjective	enthusiastic	adjective	B1	source-backed	cefrj-1.5	less-common	source-backed-rank	ngsl-gr-1.0	3880	bsl-1.2,cefrj-1.5,ngsl-gr-1.0,oewn-2025		validated
master-entire-adjective	entire	adjective	B1	source-backed	cefrj-1.5	very-common	source-backed-rank	ngsl-gr-1.0	1235	cefrj-1.5,ngsl-gr-1.0,oewn-2025		validated
master-entirely-adverb	entirely	adverb	B1	source-backed	cefrj-1.5	common	source-backed-rank	ngsl-gr-1.0	1594	cefrj-1.5,ngsl-gr-1.0,oewn-2025		validated
master-entry-noun	entry	noun	B1	source-backed	cefrj-1.5	common	source-backed-rank	ngsl-gr-1.0	1705	cefrj-1.5,ngsl-gr-1.0,oewn-2025		validated
master-environmental-adjective	environmental	adjective	B1	source-backed	cefrj-1.5	very-common	source-backed-rank	ngsl-gr-1.0	1410	cefrj-1.5,ngsl-gr-1.0,oewn-2025		validated
master-equal-adjective	equal	adjective	B1	source-backed	cefrj-1.5	very-common	source-backed-rank	ngsl-gr-1.0	1304	cefrj-1.5,ngsl-gr-1.0,oewn-2025		validated
master-equality-noun	equality	noun	B1	source-backed	cefrj-1.5	less-common	source-backed-rank	ngsl-gr-1.0	3829	bsl-1.2,cefrj-1.5,nawl-1.2,ngsl-gr-1.0,oewn-2025		validated
master-equally-adverb	equally	adverb	B1	source-backed	cefrj-1.5	common	source-backed-rank	ngsl-gr-1.0	1822	cefrj-1.5,ngsl-gr-1.0,oewn-2025		validated
master-equipment-noun	equipment	noun	B1	source-backed	cefrj-1.5	very-common	source-backed-rank	ngsl-gr-1.0	1105	cefrj-1.5,ngsl-gr-1.0,oewn-2025		validated
master-era-noun	era	noun	B1	source-backed	cefrj-1.5	common	source-backed-rank	ngsl-gr-1.0	2123	cefrj-1.5,ngsl-gr-1.0,oewn-2025		validated
master-escape-verb	escape	verb	B1	source-backed	cefrj-1.5	common	source-backed-rank	ngsl-gr-1.0	1532	cefrj-1.5,ngsl-gr-1.0,oewn-2025		validated
master-essence-noun	essence	noun	B1	source-backed	cefrj-1.5	less-common	source-backed-rank	ngsl-gr-1.0	3538	bsl-1.2,cefrj-1.5,nawl-1.2,ngsl-gr-1.0,oewn-2025		validated
v14	essential	adjective	B1	source-backed	cefrj-1.5	very-common	source-backed-rank	ngsl-gr-1.0	1340	cefrj-1.5,ngsl-gr-1.0,oewn-2025,vocabulary-core-2026-08		validated
master-estimate-verb	estimate	verb	B1	source-backed	cefrj-1.5	very-common	source-backed-rank	ngsl-gr-1.0	1049	cefrj-1.5,ngsl-gr-1.0,oewn-2025		validated
master-even-adjective	even	adjective	B1	source-backed	cefrj-1.5	very-common	source-backed-rank	ngsl-gr-1.0	146	cefrj-1.5,ngsl-gr-1.0,oewn-2025		validated
master-eventually-adverb	eventually	adverb	B1	source-backed	cefrj-1.5	very-common	source-backed-rank	ngsl-gr-1.0	1190	cefrj-1.5,ngsl-gr-1.0,oewn-2025		validated
v66	evidence	noun	B1	editorial-estimate		very-common	source-backed-rank	ngsl-gr-1.0	642	cefrj-1.5,ngsl-gr-1.0,oewn-2025,vocabulary-core-2026-08		validated
master-evident-adjective	evident	adjective	B1	source-backed	cefrj-1.5	common	source-backed-rank	ngsl-gr-1.0	3062	bsl-1.2,cefrj-1.5,nawl-1.2,ngsl-gr-1.0,oewn-2025		validated
master-examination-noun	examination	noun	B1	source-backed	cefrj-1.5	common	source-backed-rank	ngsl-gr-1.0	2016	cefrj-1.5,ngsl-gr-1.0,oewn-2025		validated
master-examine-verb	examine	verb	B1	source-backed	cefrj-1.5	very-common	source-backed-rank	ngsl-gr-1.0	1154	cefrj-1.5,ngsl-gr-1.0,oewn-2025		validated
master-exchange-verb	exchange	verb	B1	source-backed	cefrj-1.5	very-common	source-backed-rank	ngsl-gr-1.0	1065	cefrj-1.5,ngsl-gr-1.0,oewn-2025		validated
master-exclusive-adjective	exclusive	adjective	B1	source-backed	cefrj-1.5	common	source-backed-rank	ngsl-gr-1.0	3229	bsl-1.2,cefrj-1.5,ngsl-gr-1.0,oewn-2025		validated
master-excuse-verb	excuse	verb	B1	source-backed	cefrj-1.5	common	source-backed-rank	ngsl-gr-1.0	1965	cefrj-1.5,ngsl-gr-1.0,oewn-2025		validated
master-existence-noun	existence	noun	B1	source-backed	cefrj-1.5	common	source-backed-rank	ngsl-gr-1.0	1885	cefrj-1.5,ngsl-gr-1.0,oewn-2025		validated
master-exit-noun	exit	noun	B1	source-backed	cefrj-1.5	common	source-backed-rank	ngsl-gr-1.0	2929	bsl-1.2,cefrj-1.5,nawl-1.2,ngsl-gr-1.0,oewn-2025		validated
master-exit-verb	exit	verb	B1	source-backed	cefrj-1.5	common	source-backed-rank	ngsl-gr-1.0	2929	bsl-1.2,cefrj-1.5,nawl-1.2,ngsl-gr-1.0,oewn-2025		validated
v98	expand	verb	B1	source-backed	cefrj-1.5	very-common	source-backed-rank	ngsl-gr-1.0	1371	cefrj-1.5,ngsl-gr-1.0,oewn-2025,vocabulary-core-2026-08		validated
b1-expectation	expectation	noun	B1	editorial-estimate		common	source-backed-rank	ngsl-gr-1.0	1656	cefrj-1.5,ngsl-gr-1.0,oewn-2025,vocabulary-core-2026-08		validated
master-expense-noun	expense	noun	B1	source-backed	cefrj-1.5	common	source-backed-rank	ngsl-gr-1.0	1581	cefrj-1.5,ngsl-gr-1.0,oewn-2025		validated
master-experience-verb	experience	verb	B1	source-backed	cefrj-1.5	very-common	source-backed-rank	ngsl-gr-1.0	314	cefrj-1.5,ngsl-gr-1.0,oewn-2025		validated
master-experiment-noun	experiment	noun	B1	source-backed	cefrj-1.5	very-common	source-backed-rank	ngsl-gr-1.0	1393	cefrj-1.5,ngsl-gr-1.0,oewn-2025		validated
master-exploration-noun	exploration	noun	B1	source-backed	cefrj-1.5	less-common	source-backed-rank	ngsl-gr-1.0	3589	bsl-1.2,cefrj-1.5,ngsl-gr-1.0,oewn-2025		validated
master-explosion-noun	explosion	noun	B1	source-backed	cefrj-1.5	common	source-backed-rank	ngsl-gr-1.0	3212	bsl-1.2,cefrj-1.5,ngsl-gr-1.0,oewn-2025		validated
master-expose-verb	expose	verb	B1	source-backed	cefrj-1.5	common	source-backed-rank	ngsl-gr-1.0	1823	cefrj-1.5,ngsl-gr-1.0,oewn-2025		validated
master-express-verb	express	verb	B1	source-backed	cefrj-1.5	very-common	source-backed-rank	ngsl-gr-1.0	868	cefrj-1.5,ngsl-gr-1.0,oewn-2025		validated
master-extend-verb	extend	verb	B1	source-backed	cefrj-1.5	very-common	source-backed-rank	ngsl-gr-1.0	1000	cefrj-1.5,ngsl-gr-1.0,oewn-2025		validated
master-extent-noun	extent	noun	B1	source-backed	cefrj-1.5	very-common	source-backed-rank	ngsl-gr-1.0	1225	cefrj-1.5,ngsl-gr-1.0,oewn-2025		validated
master-extra-noun	extra	noun	B1	source-backed	cefrj-1.5	very-common	source-backed-rank	ngsl-gr-1.0	1108	cefrj-1.5,ngsl-gr-1.0,oewn-2025		validated
master-extreme-adjective	extreme	adjective	B1	source-backed	cefrj-1.5	common	source-backed-rank	ngsl-gr-1.0	1907	cefrj-1.5,ngsl-gr-1.0,oewn-2025		validated
master-facility-noun	facility	noun	B1	source-backed	cefrj-1.5	very-common	source-backed-rank	ngsl-gr-1.0	1003	cefrj-1.5,ngsl-gr-1.0,oewn-2025		validated
master-failure-noun	failure	noun	B1	source-backed	cefrj-1.5	very-common	source-backed-rank	ngsl-gr-1.0	1289	cefrj-1.5,ngsl-gr-1.0,oewn-2025		validated
master-fair-noun	fair	noun	B1	source-backed	cefrj-1.5	very-common	source-backed-rank	ngsl-gr-1.0	1130	cefrj-1.5,ngsl-gr-1.0,oewn-2025		validated
master-fall-noun	fall	noun	B1	source-backed	cefrj-1.5	very-common	source-backed-rank	ngsl-gr-1.0	370	cefrj-1.5,ngsl-gr-1.0,oewn-2025		validated
v99	familiar	adjective	B1	editorial-estimate		very-common	source-backed-rank	ngsl-gr-1.0	1495	cefrj-1.5,ngsl-gr-1.0,oewn-2025,vocabulary-core-2026-08		validated
master-fascinate-verb	fascinate	verb	B1	source-backed	cefrj-1.5	common	source-backed-rank	ngsl-gr-1.0	2174	cefrj-1.5,ngsl-gr-1.0,oewn-2025		validated
master-fax-noun	fax	noun	B1	source-backed	cefrj-1.5	common	source-backed-rank	ngsl-gr-1.0	2876	bsl-1.2,cefrj-1.5,ngsl-gr-1.0,oewn-2025		validated
master-fax-verb	fax	verb	B1	source-backed	cefrj-1.5	common	source-backed-rank	ngsl-gr-1.0	2876	bsl-1.2,cefrj-1.5,ngsl-gr-1.0,oewn-2025		validated
v100	feature	noun	B1	editorial-estimate		very-common	source-backed-rank	ngsl-gr-1.0	685	cefrj-1.5,ngsl-gr-1.0,oewn-2025,vocabulary-core-2026-08		validated
master-feed-verb	feed	verb	B1	source-backed	cefrj-1.5	very-common	source-backed-rank	ngsl-gr-1.0	1199	cefrj-1.5,ngsl-gr-1.0,oewn-2025		validated
master-fellow-noun	fellow	noun	B1	source-backed	cefrj-1.5	common	source-backed-rank	ngsl-gr-1.0	1706	cefrj-1.5,ngsl-gr-1.0,oewn-2025		validated
master-few-pronoun	few	pronoun	B1	source-backed	cefrj-1.5	very-common	source-backed-rank	ngsl-gr-1.0	245	cefrj-1.5,ngsl-gr-1.0		validated
master-fight-verb	fight	verb	B1	source-backed	cefrj-1.5	very-common	source-backed-rank	ngsl-gr-1.0	645	cefrj-1.5,ngsl-gr-1.0,oewn-2025		validated
master-film-verb	film	verb	B1	source-backed	cefrj-1.5	very-common	source-backed-rank	ngsl-gr-1.0	483	cefrj-1.5,ngsl-gr-1.0,oewn-2025		validated
master-finance-verb	finance	verb	B1	source-backed	cefrj-1.5	very-common	source-backed-rank	ngsl-gr-1.0	1429	cefrj-1.5,ngsl-gr-1.0,oewn-2025		validated
master-financial-adjective	financial	adjective	B1	source-backed	cefrj-1.5	very-common	source-backed-rank	ngsl-gr-1.0	694	cefrj-1.5,ngsl-gr-1.0,oewn-2025		validated
master-fine-noun	fine	noun	B1	source-backed	cefrj-1.5	very-common	source-backed-rank	ngsl-gr-1.0	647	cefrj-1.5,ngsl-gr-1.0,oewn-2025		validated
master-finger-noun	finger	noun	B1	source-backed	cefrj-1.5	common	source-backed-rank	ngsl-gr-1.0	1553	cefrj-1.5,ngsl-gr-1.0,oewn-2025		validated
master-firm-adjective	firm	adjective	B1	source-backed	cefrj-1.5	very-common	source-backed-rank	ngsl-gr-1.0	678	cefrj-1.5,ngsl-gr-1.0,oewn-2025		validated
master-firm-noun	firm	noun	B1	source-backed	cefrj-1.5	very-common	source-backed-rank	ngsl-gr-1.0	678	cefrj-1.5,ngsl-gr-1.0,oewn-2025		validated
master-fish-verb	fish	verb	B1	source-backed	cefrj-1.5	very-common	source-backed-rank	ngsl-gr-1.0	878	cefrj-1.5,ngsl-gr-1.0,oewn-2025		validated
master-fit-verb	fit	verb	B1	source-backed	cefrj-1.5	very-common	source-backed-rank	ngsl-gr-1.0	750	cefrj-1.5,ngsl-gr-1.0,oewn-2025		validated
master-fix-verb	fix	verb	B1	source-backed	cefrj-1.5	very-common	source-backed-rank	ngsl-gr-1.0	1023	cefrj-1.5,ngsl-gr-1.0,oewn-2025		validated
master-flat-adjective	flat	adjective	B1	source-backed	cefrj-1.5	very-common	source-backed-rank	ngsl-gr-1.0	1127	cefrj-1.5,ngsl-gr-1.0,oewn-2025		validated
v67	flexible	adjective	B1	editorial-estimate		common	source-backed-rank	ngsl-gr-1.0	2770	cefrj-1.5,ngsl-gr-1.0,oewn-2025,vocabulary-core-2026-08		validated
master-flow-noun	flow	noun	B1	source-backed	cefrj-1.5	very-common	source-backed-rank	ngsl-gr-1.0	1129	cefrj-1.5,ngsl-gr-1.0,oewn-2025		validated
master-flow-verb	flow	verb	B1	source-backed	cefrj-1.5	very-common	source-backed-rank	ngsl-gr-1.0	1129	cefrj-1.5,ngsl-gr-1.0,oewn-2025		validated
master-folk-noun	folk	noun	B1	source-backed	cefrj-1.5	common	source-backed-rank	ngsl-gr-1.0	1725	cefrj-1.5,ngsl-gr-1.0,oewn-2025		validated
master-foot-noun	foot	noun	B1	source-backed	cefrj-1.5	very-common	source-backed-rank	ngsl-gr-1.0	626	cefrj-1.5,ngsl-gr-1.0,oewn-2025		validated
master-form-verb	form	verb	B1	source-backed	cefrj-1.5	very-common	source-backed-rank	ngsl-gr-1.0	307	cefrj-1.5,ngsl-gr-1.0,oewn-2025		validated
master-formal-adjective	formal	adjective	B1	source-backed	cefrj-1.5	common	source-backed-rank	ngsl-gr-1.0	1750	cefrj-1.5,ngsl-gr-1.0,oewn-2025		validated
master-formally-adverb	formally	adverb	B1	source-backed	cefrj-1.5	less-common	source-backed-rank	ngsl-gr-1.0	3721	bsl-1.2,cefrj-1.5,nawl-1.2,ngsl-gr-1.0,oewn-2025		validated
master-former-adjective	former	adjective	B1	source-backed	cefrj-1.5	very-common	source-backed-rank	ngsl-gr-1.0	649	cefrj-1.5,ngsl-gr-1.0,oewn-2025		validated
master-formula-noun	formula	noun	B1	source-backed	cefrj-1.5	common	source-backed-rank	ngsl-gr-1.0	2151	cefrj-1.5,ngsl-gr-1.0,oewn-2025		validated
master-forth-adverb	forth	adverb	B1	source-backed	cefrj-1.5	common	source-backed-rank	ngsl-gr-1.0	1910	cefrj-1.5,ngsl-gr-1.0,oewn-2025		validated
master-foundation-noun	foundation	noun	B1	source-backed	cefrj-1.5	common	source-backed-rank	ngsl-gr-1.0	2227	cefrj-1.5,ngsl-gr-1.0,oewn-2025		validated
master-freely-adverb	freely	adverb	B1	source-backed	cefrj-1.5	less-common	source-backed-rank	ngsl-gr-1.0	3638	bsl-1.2,cefrj-1.5,nawl-1.2,ngsl-gr-1.0,oewn-2025		validated
v16	frequent	adjective	B1	source-backed	cefrj-1.5	common	source-backed-rank	ngsl-gr-1.0	2459	cefrj-1.5,ngsl-gr-1.0,oewn-2025,vocabulary-core-2026-08		validated
master-frequently-adverb	frequently	adverb	B1	source-backed	cefrj-1.5	common	source-backed-rank	ngsl-gr-1.0	1761	cefrj-1.5,ngsl-gr-1.0,oewn-2025		validated
master-frustration-noun	frustration	noun	B1	source-backed	cefrj-1.5	less-common	source-backed-rank	ngsl-gr-1.0	3528	bsl-1.2,cefrj-1.5,ngsl-gr-1.0,oewn-2025		validated
master-fuel-noun	fuel	noun	B1	source-backed	cefrj-1.5	common	source-backed-rank	ngsl-gr-1.0	1655	cefrj-1.5,ngsl-gr-1.0,oewn-2025		validated
master-function-noun	function	noun	B1	source-backed	cefrj-1.5	very-common	source-backed-rank	ngsl-gr-1.0	752	cefrj-1.5,ngsl-gr-1.0,oewn-2025		validated
master-fund-noun	fund	noun	B1	source-backed	cefrj-1.5	very-common	source-backed-rank	ngsl-gr-1.0	577	cefrj-1.5,ngsl-gr-1.0,oewn-2025		validated
master-fund-verb	fund	verb	B1	source-backed	cefrj-1.5	very-common	source-backed-rank	ngsl-gr-1.0	577	cefrj-1.5,ngsl-gr-1.0,oewn-2025		validated
master-furnish-verb	furnish	verb	B1	source-backed	cefrj-1.5	less-common	source-backed-rank	ngsl-gr-1.0	3901	bsl-1.2,cefrj-1.5,ngsl-gr-1.0,oewn-2025		validated
master-further-adverb	further	adverb	B1	source-backed	cefrj-1.5	very-common	source-backed-rank	ngsl-gr-1.0	450	cefrj-1.5,ngsl-gr-1.0,oewn-2025		validated
master-furthermore-adverb	furthermore	adverb	B1	source-backed	cefrj-1.5	common	source-backed-rank	ngsl-gr-1.0	1804	cefrj-1.5,ngsl-gr-1.0,oewn-2025		validated
master-future-adjective	future	adjective	B1	source-backed	cefrj-1.5	very-common	source-backed-rank	ngsl-gr-1.0	420	cefrj-1.5,ngsl-gr-1.0,oewn-2025		validated
master-gain-noun	gain	noun	B1	source-backed	cefrj-1.5	very-common	source-backed-rank	ngsl-gr-1.0	787	cefrj-1.5,ngsl-gr-1.0,oewn-2025		validated
master-gain-verb	gain	verb	B1	source-backed	cefrj-1.5	very-common	source-backed-rank	ngsl-gr-1.0	787	cefrj-1.5,ngsl-gr-1.0,oewn-2025		validated
master-gallon-noun	gallon	noun	B1	source-backed	cefrj-1.5	less-common	source-backed-rank	ngsl-gr-1.0	4525	bsl-1.2,cefrj-1.5,ngsl-gr-1.0,oewn-2025		validated
master-gap-noun	gap	noun	B1	source-backed	cefrj-1.5	common	source-backed-rank	ngsl-gr-1.0	1817	cefrj-1.5,ngsl-gr-1.0,oewn-2025		validated
master-gay-adjective	gay	adjective	B1	source-backed	cefrj-1.5	common	source-backed-rank	ngsl-gr-1.0	2090	cefrj-1.5,ngsl-gr-1.0,oewn-2025		validated
master-gene-noun	gene	noun	B1	source-backed	cefrj-1.5	common	source-backed-rank	ngsl-gr-1.0	1998	cefrj-1.5,ngsl-gr-1.0,oewn-2025		validated
master-general-adjective	general	adjective	B1	source-backed	cefrj-1.5	very-common	source-backed-rank	ngsl-gr-1.0	454	cefrj-1.5,ngsl-gr-1.0,oewn-2025		validated
master-general-noun	general	noun	B1	source-backed	cefrj-1.5	very-common	source-backed-rank	ngsl-gr-1.0	454	cefrj-1.5,ngsl-gr-1.0,oewn-2025		validated
master-generally-adverb	generally	adverb	B1	source-backed	cefrj-1.5	very-common	source-backed-rank	ngsl-gr-1.0	898	cefrj-1.5,ngsl-gr-1.0,oewn-2025		validated
master-generate-verb	generate	verb	B1	source-backed	cefrj-1.5	very-common	source-backed-rank	ngsl-gr-1.0	1476	cefrj-1.5,ngsl-gr-1.0,oewn-2025		validated
master-generous-adjective	generous	adjective	B1	source-backed	cefrj-1.5	common	source-backed-rank	ngsl-gr-1.0	3158	bsl-1.2,cefrj-1.5,ngsl-gr-1.0,oewn-2025		validated
master-gentleman-noun	gentleman	noun	B1	source-backed	cefrj-1.5	common	source-backed-rank	ngsl-gr-1.0	2040	cefrj-1.5,ngsl-gr-1.0,oewn-2025		validated
master-geographical-adjective	geographical	adjective	B1	source-backed	cefrj-1.5	less-common	source-backed-rank	ngsl-gr-1.0	5039	bsl-1.2,cefrj-1.5,ngsl-gr-1.0,oewn-2025		validated
master-geography-noun	geography	noun	B1	source-backed	cefrj-1.5	less-common	source-backed-rank	ngsl-gr-1.0	4358	bsl-1.2,cefrj-1.5,ngsl-gr-1.0,oewn-2025		validated
master-global-adjective	global	adjective	B1	source-backed	cefrj-1.5	very-common	source-backed-rank	ngsl-gr-1.0	1220	cefrj-1.5,ngsl-gr-1.0,oewn-2025		validated
master-go-noun	go	noun	B1	source-backed	cefrj-1.5	very-common	source-backed-rank	ngsl-gr-1.0	81	cefrj-1.5,ngsl-gr-1.0,oewn-2025		validated
b1-goal	goal	noun	B1	editorial-estimate		very-common	source-backed-rank	ngsl-gr-1.0	906	cefrj-1.5,ngsl-gr-1.0,oewn-2025,vocabulary-core-2026-08		validated
master-goodness-interjection	goodness	interjection	B1	source-backed	cefrj-1.5	less-common	source-backed-rank	ngsl-gr-1.0	3731	cefrj-1.5,nawl-1.2,ngsl-gr-1.0		validated
master-governor-noun	governor	noun	B1	source-backed	cefrj-1.5	common	source-backed-rank	ngsl-gr-1.0	2104	cefrj-1.5,ngsl-gr-1.0,oewn-2025		validated
master-graduate-noun	graduate	noun	B1	source-backed	cefrj-1.5	common	source-backed-rank	ngsl-gr-1.0	1598	cefrj-1.5,ngsl-gr-1.0,oewn-2025		validated
master-grant-noun	grant	noun	B1	source-backed	cefrj-1.5	very-common	source-backed-rank	ngsl-gr-1.0	1197	cefrj-1.5,ngsl-gr-1.0,oewn-2025		validated
master-grant-verb	grant	verb	B1	source-backed	cefrj-1.5	very-common	source-backed-rank	ngsl-gr-1.0	1197	cefrj-1.5,ngsl-gr-1.0,oewn-2025		validated
master-graph-noun	graph	noun	B1	source-backed	cefrj-1.5	common	source-backed-rank	ngsl-gr-1.0	2891	bsl-1.2,cefrj-1.5,nawl-1.2,ngsl-gr-1.0,oewn-2025		validated
master-graphics-noun	graphics	noun	B1	source-backed	cefrj-1.5	less-common	source-backed-rank	ngsl-gr-1.0	3716	bsl-1.2,cefrj-1.5,ngsl-gr-1.0,oewn-2025		validated
master-grave-noun	grave	noun	B1	source-backed	cefrj-1.5	common	source-backed-rank	ngsl-gr-1.0	3015	bsl-1.2,cefrj-1.5,ngsl-gr-1.0,oewn-2025		validated
master-greenhouse-noun	greenhouse	noun	B1	source-backed	cefrj-1.5	less-common	source-backed-rank	ngsl-gr-1.0	4842	bsl-1.2,cefrj-1.5,ngsl-gr-1.0,oewn-2025		validated
master-group-verb	group	verb	B1	source-backed	cefrj-1.5	very-common	source-backed-rank	ngsl-gr-1.0	217	cefrj-1.5,ngsl-gr-1.0,oewn-2025		validated
master-growth-noun	growth	noun	B1	source-backed	cefrj-1.5	very-common	source-backed-rank	ngsl-gr-1.0	728	cefrj-1.5,ngsl-gr-1.0,oewn-2025		validated
master-guarantee-noun	guarantee	noun	B1	source-backed	cefrj-1.5	common	source-backed-rank	ngsl-gr-1.0	1620	cefrj-1.5,ngsl-gr-1.0,oewn-2025		validated
master-guess-noun	guess	noun	B1	source-backed	cefrj-1.5	very-common	source-backed-rank	ngsl-gr-1.0	951	cefrj-1.5,ngsl-gr-1.0,oewn-2025		validated
master-guidance-noun	guidance	noun	B1	source-backed	cefrj-1.5	common	source-backed-rank	ngsl-gr-1.0	3056	bsl-1.2,cefrj-1.5,ngsl-gr-1.0,oewn-2025		validated
master-guide-noun	guide	noun	B1	source-backed	cefrj-1.5	very-common	source-backed-rank	ngsl-gr-1.0	1196	cefrj-1.5,ngsl-gr-1.0,oewn-2025		validated
master-guide-verb	guide	verb	B1	source-backed	cefrj-1.5	very-common	source-backed-rank	ngsl-gr-1.0	1196	cefrj-1.5,ngsl-gr-1.0,oewn-2025		validated
master-guilty-adjective	guilty	adjective	B1	source-backed	cefrj-1.5	common	source-backed-rank	ngsl-gr-1.0	2179	cefrj-1.5,ngsl-gr-1.0,oewn-2025		validated
master-habitat-noun	habitat	noun	B1	source-backed	cefrj-1.5	less-common	source-backed-rank	ngsl-gr-1.0	4318	cefrj-1.5,nawl-1.2,ngsl-gr-1.0,oewn-2025		validated
master-half-adverb	half	adverb	B1	source-backed	cefrj-1.5	very-common	source-backed-rank	ngsl-gr-1.0	415	cefrj-1.5,ngsl-gr-1.0,oewn-2025		validated
master-handle-verb	handle	verb	B1	source-backed	cefrj-1.5	very-common	source-backed-rank	ngsl-gr-1.0	1091	cefrj-1.5,ngsl-gr-1.0,oewn-2025		validated
master-hang-verb	hang	verb	B1	source-backed	cefrj-1.5	very-common	source-backed-rank	ngsl-gr-1.0	1135	cefrj-1.5,ngsl-gr-1.0,oewn-2025		validated
master-hate-noun	hate	noun	B1	source-backed	cefrj-1.5	very-common	source-backed-rank	ngsl-gr-1.0	1430	cefrj-1.5,ngsl-gr-1.0,oewn-2025		validated
master-hazard-noun	hazard	noun	B1	source-backed	cefrj-1.5	less-common	source-backed-rank	ngsl-gr-1.0	4099	bsl-1.2,cefrj-1.5,ngsl-gr-1.0,oewn-2025		validated
master-headline-noun	headline	noun	B1	source-backed	cefrj-1.5	common	source-backed-rank	ngsl-gr-1.0	3073	bsl-1.2,cefrj-1.5,ngsl-gr-1.0,oewn-2025		validated
master-heat-verb	heat	verb	B1	source-backed	cefrj-1.5	very-common	source-backed-rank	ngsl-gr-1.0	1191	cefrj-1.5,ngsl-gr-1.0,oewn-2025		validated
master-height-noun	height	noun	B1	source-backed	cefrj-1.5	common	source-backed-rank	ngsl-gr-1.0	2200	cefrj-1.5,ngsl-gr-1.0,oewn-2025		validated
master-highlight-verb	highlight	verb	B1	source-backed	cefrj-1.5	common	source-backed-rank	ngsl-gr-1.0	1954	cefrj-1.5,ngsl-gr-1.0,oewn-2025		validated
master-highly-adverb	highly	adverb	B1	source-backed	cefrj-1.5	very-common	source-backed-rank	ngsl-gr-1.0	1124	cefrj-1.5,ngsl-gr-1.0,oewn-2025		validated
master-hip-noun	hip	noun	B1	source-backed	cefrj-1.5	common	source-backed-rank	ngsl-gr-1.0	3154	cefrj-1.5,nawl-1.2,ngsl-gr-1.0,oewn-2025		validated
master-hire-verb	hire	verb	B1	source-backed	cefrj-1.5	common	source-backed-rank	ngsl-gr-1.0	1564	cefrj-1.5,ngsl-gr-1.0,oewn-2025		validated
master-historical-adjective	historical	adjective	B1	source-backed	cefrj-1.5	very-common	source-backed-rank	ngsl-gr-1.0	1455	cefrj-1.5,ngsl-gr-1.0,oewn-2025		validated
master-hit-noun	hit	noun	B1	source-backed	cefrj-1.5	very-common	source-backed-rank	ngsl-gr-1.0	745	cefrj-1.5,ngsl-gr-1.0,oewn-2025		validated
master-honest-adjective	honest	adjective	B1	source-backed	cefrj-1.5	common	source-backed-rank	ngsl-gr-1.0	2085	cefrj-1.5,ngsl-gr-1.0,oewn-2025		validated
master-horizon-noun	horizon	noun	B1	source-backed	cefrj-1.5	common	source-backed-rank	ngsl-gr-1.0	3401	bsl-1.2,cefrj-1.5,nawl-1.2,ngsl-gr-1.0,oewn-2025		validated
master-household-noun	household	noun	B1	source-backed	cefrj-1.5	common	source-backed-rank	ngsl-gr-1.0	1796	cefrj-1.5,ngsl-gr-1.0,oewn-2025		validated
master-huge-adjective	huge	adjective	B1	source-backed	cefrj-1.5	very-common	source-backed-rank	ngsl-gr-1.0	912	cefrj-1.5,ngsl-gr-1.0,oewn-2025		validated
master-human-noun	human	noun	B1	source-backed	cefrj-1.5	very-common	source-backed-rank	ngsl-gr-1.0	478	cefrj-1.5,ngsl-gr-1.0,oewn-2025		validated
master-hunt-noun	hunt	noun	B1	source-backed	cefrj-1.5	common	source-backed-rank	ngsl-gr-1.0	2048	cefrj-1.5,ngsl-gr-1.0,oewn-2025		validated
master-hunt-verb	hunt	verb	B1	source-backed	cefrj-1.5	common	source-backed-rank	ngsl-gr-1.0	2048	cefrj-1.5,ngsl-gr-1.0,oewn-2025		validated
master-hurt-adjective	hurt	adjective	B1	source-backed	cefrj-1.5	very-common	source-backed-rank	ngsl-gr-1.0	1471	cefrj-1.5,ngsl-gr-1.0,oewn-2025		validated
master-identity-noun	identity	noun	B1	source-backed	cefrj-1.5	common	source-backed-rank	ngsl-gr-1.0	1637	cefrj-1.5,ngsl-gr-1.0,oewn-2025		validated
master-ignore-verb	ignore	verb	B1	source-backed	cefrj-1.5	very-common	source-backed-rank	ngsl-gr-1.0	1496	cefrj-1.5,ngsl-gr-1.0,oewn-2025		validated
master-illness-noun	illness	noun	B1	source-backed	cefrj-1.5	common	source-backed-rank	ngsl-gr-1.0	1988	cefrj-1.5,ngsl-gr-1.0,oewn-2025		validated
master-immediate-adjective	immediate	adjective	B1	source-backed	cefrj-1.5	common	source-backed-rank	ngsl-gr-1.0	1856	cefrj-1.5,ngsl-gr-1.0,oewn-2025		validated
master-immediately-adverb	immediately	adverb	B1	source-backed	cefrj-1.5	very-common	source-backed-rank	ngsl-gr-1.0	1038	cefrj-1.5,ngsl-gr-1.0,oewn-2025		validated
b1-impact	impact	noun	B1	editorial-estimate		common	source-backed-rank	ngsl-gr-1.0	2864	bsl-1.2,cefrj-1.5,nawl-1.2,ngsl-gr-1.0,oewn-2025,vocabulary-core-2026-08		validated
master-impression-noun	impression	noun	B1	source-backed	cefrj-1.5	common	source-backed-rank	ngsl-gr-1.0	1767	cefrj-1.5,ngsl-gr-1.0,oewn-2025		validated
master-improvement-noun	improvement	noun	B1	source-backed	cefrj-1.5	very-common	source-backed-rank	ngsl-gr-1.0	1276	cefrj-1.5,ngsl-gr-1.0,oewn-2025		validated
master-incident-noun	incident	noun	B1	source-backed	cefrj-1.5	common	source-backed-rank	ngsl-gr-1.0	1857	cefrj-1.5,ngsl-gr-1.0,oewn-2025		validated
master-income-noun	income	noun	B1	source-backed	cefrj-1.5	very-common	source-backed-rank	ngsl-gr-1.0	970	cefrj-1.5,ngsl-gr-1.0,oewn-2025		validated
master-incorrect-adjective	incorrect	adjective	B1	source-backed	cefrj-1.5	less-common	source-backed-rank	ngsl-gr-1.0	4653	bsl-1.2,cefrj-1.5,ngsl-gr-1.0,oewn-2025		validated
master-increase-noun	increase	noun	B1	source-backed	cefrj-1.5	very-common	source-backed-rank	ngsl-gr-1.0	280	cefrj-1.5,ngsl-gr-1.0,oewn-2025		validated
master-increasingly-adverb	increasingly	adverb	B1	source-backed	cefrj-1.5	common	source-backed-rank	ngsl-gr-1.0	1662	cefrj-1.5,ngsl-gr-1.0,oewn-2025		validated
master-incredible-adjective	incredible	adjective	B1	source-backed	cefrj-1.5	common	source-backed-rank	ngsl-gr-1.0	2936	cefrj-1.5,nawl-1.2,ngsl-gr-1.0,oewn-2025		validated
master-incredibly-adverb	incredibly	adverb	B1	source-backed	cefrj-1.5	less-common	source-backed-rank	ngsl-gr-1.0	3650	cefrj-1.5,nawl-1.2,ngsl-gr-1.0,oewn-2025		validated
b1-independent	independent	adjective	B1	source-backed	cefrj-1.5	very-common	source-backed-rank	ngsl-gr-1.0	1056	cefrj-1.5,ngsl-gr-1.0,oewn-2025,vocabulary-core-2026-08		validated
v68	indicate	verb	B1	editorial-estimate		very-common	source-backed-rank	ngsl-gr-1.0	869	cefrj-1.5,ngsl-gr-1.0,oewn-2025,vocabulary-core-2026-08		validated
master-indirect-adjective	indirect	adjective	B1	source-backed	cefrj-1.5	less-common	source-backed-rank	ngsl-gr-1.0	4237	bsl-1.2,cefrj-1.5,nawl-1.2,ngsl-gr-1.0,oewn-2025		validated
master-indirectly-adverb	indirectly	adverb	B1	source-backed	cefrj-1.5	less-common	source-backed-rank	ngsl-gr-1.0	5048	bsl-1.2,cefrj-1.5,ngsl-gr-1.0,oewn-2025		validated
master-individual-adjective	individual	adjective	B1	source-backed	cefrj-1.5	very-common	source-backed-rank	ngsl-gr-1.0	459	cefrj-1.5,ngsl-gr-1.0,oewn-2025		validated
master-industrial-adjective	industrial	adjective	B1	source-backed	cefrj-1.5	common	source-backed-rank	ngsl-gr-1.0	1544	cefrj-1.5,ngsl-gr-1.0,oewn-2025		validated
master-industry-noun	industry	noun	B1	source-backed	cefrj-1.5	very-common	source-backed-rank	ngsl-gr-1.0	580	cefrj-1.5,ngsl-gr-1.0,oewn-2025		validated
master-inevitable-adjective	inevitable	adjective	B1	source-backed	cefrj-1.5	common	source-backed-rank	ngsl-gr-1.0	3139	bsl-1.2,cefrj-1.5,ngsl-gr-1.0,oewn-2025		validated
v101	influence	verb	B1	editorial-estimate		very-common	source-backed-rank	ngsl-gr-1.0	730	cefrj-1.5,ngsl-gr-1.0,oewn-2025,vocabulary-core-2026-08		validated
master-inform-verb	inform	verb	B1	source-backed	cefrj-1.5	very-common	source-backed-rank	ngsl-gr-1.0	1120	cefrj-1.5,ngsl-gr-1.0,oewn-2025		validated
master-ingredient-noun	ingredient	noun	B1	source-backed	cefrj-1.5	common	source-backed-rank	ngsl-gr-1.0	3252	bsl-1.2,cefrj-1.5,ngsl-gr-1.0,oewn-2025		validated
master-initial-noun	initial	noun	B1	source-backed	cefrj-1.5	very-common	source-backed-rank	ngsl-gr-1.0	1332	cefrj-1.5,ngsl-gr-1.0,oewn-2025		validated
master-initially-adverb	initially	adverb	B1	source-backed	cefrj-1.5	common	source-backed-rank	ngsl-gr-1.0	2196	cefrj-1.5,ngsl-gr-1.0,oewn-2025		validated
master-inject-verb	inject	verb	B1	source-backed	cefrj-1.5	less-common	source-backed-rank	ngsl-gr-1.0	3974	cefrj-1.5,nawl-1.2,ngsl-gr-1.0,oewn-2025		validated
master-injury-noun	injury	noun	B1	source-backed	cefrj-1.5	common	source-backed-rank	ngsl-gr-1.0	1851	cefrj-1.5,ngsl-gr-1.0,oewn-2025		validated
master-ink-noun	ink	noun	B1	source-backed	cefrj-1.5	less-common	source-backed-rank	ngsl-gr-1.0	4408	bsl-1.2,cefrj-1.5,ngsl-gr-1.0,oewn-2025		validated
master-insist-verb	insist	verb	B1	source-backed	cefrj-1.5	common	source-backed-rank	ngsl-gr-1.0	1601	cefrj-1.5,ngsl-gr-1.0,oewn-2025		validated
master-inspection-noun	inspection	noun	B1	source-backed	cefrj-1.5	common	source-backed-rank	ngsl-gr-1.0	3027	bsl-1.2,cefrj-1.5,ngsl-gr-1.0,oewn-2025		validated
master-inspire-verb	inspire	verb	B1	source-backed	cefrj-1.5	common	source-backed-rank	ngsl-gr-1.0	2142	cefrj-1.5,ngsl-gr-1.0,oewn-2025		validated
master-instance-noun	instance	noun	B1	source-backed	cefrj-1.5	very-common	source-backed-rank	ngsl-gr-1.0	914	cefrj-1.5,ngsl-gr-1.0,oewn-2025		validated
master-institute-noun	institute	noun	B1	source-backed	cefrj-1.5	less-common	source-backed-rank	ngsl-gr-1.0	3705	bsl-1.2,cefrj-1.5,ngsl-gr-1.0,oewn-2025		validated
master-instruction-noun	instruction	noun	B1	source-backed	cefrj-1.5	common	source-backed-rank	ngsl-gr-1.0	1722	cefrj-1.5,ngsl-gr-1.0,oewn-2025		validated
master-instructor-noun	instructor	noun	B1	source-backed	cefrj-1.5	less-common	source-backed-rank	ngsl-gr-1.0	4604	bsl-1.2,cefrj-1.5,ngsl-gr-1.0,oewn-2025		validated
master-insurance-noun	insurance	noun	B1	source-backed	cefrj-1.5	very-common	source-backed-rank	ngsl-gr-1.0	1364	cefrj-1.5,ngsl-gr-1.0,oewn-2025		validated
master-intend-verb	intend	verb	B1	source-backed	cefrj-1.5	very-common	source-backed-rank	ngsl-gr-1.0	1164	cefrj-1.5,ngsl-gr-1.0,oewn-2025		validated
master-intensive-adjective	intensive	adjective	B1	source-backed	cefrj-1.5	less-common	source-backed-rank	ngsl-gr-1.0	3819	bsl-1.2,cefrj-1.5,nawl-1.2,ngsl-gr-1.0,oewn-2025		validated
master-intention-noun	intention	noun	B1	source-backed	cefrj-1.5	common	source-backed-rank	ngsl-gr-1.0	1814	cefrj-1.5,ngsl-gr-1.0,oewn-2025		validated
master-interact-verb	interact	verb	B1	source-backed	cefrj-1.5	common	source-backed-rank	ngsl-gr-1.0	3281	bsl-1.2,cefrj-1.5,nawl-1.2,ngsl-gr-1.0,oewn-2025		validated
master-interaction-noun	interaction	noun	B1	source-backed	cefrj-1.5	common	source-backed-rank	ngsl-gr-1.0	1927	cefrj-1.5,ngsl-gr-1.0,oewn-2025		validated
master-interest-verb	interest	verb	B1	source-backed	cefrj-1.5	very-common	source-backed-rank	ngsl-gr-1.0	192	cefrj-1.5,ngsl-gr-1.0,oewn-2025		validated
master-intermediate-adjective	intermediate	adjective	B1	source-backed	cefrj-1.5	less-common	source-backed-rank	ngsl-gr-1.0	4756	bsl-1.2,cefrj-1.5,nawl-1.2,ngsl-gr-1.0,oewn-2025		validated
master-internal-adjective	internal	adjective	B1	source-backed	cefrj-1.5	common	source-backed-rank	ngsl-gr-1.0	1567	cefrj-1.5,ngsl-gr-1.0,oewn-2025		validated
v69	interpret	verb	B1	editorial-estimate		common	source-backed-rank	ngsl-gr-1.0	2282	cefrj-1.5,ngsl-gr-1.0,oewn-2025,vocabulary-core-2026-08		validated
master-interrupt-verb	interrupt	verb	B1	source-backed	cefrj-1.5	common	source-backed-rank	ngsl-gr-1.0	3166	cefrj-1.5,nawl-1.2,ngsl-gr-1.0,oewn-2025		validated
master-interval-noun	interval	noun	B1	source-backed	cefrj-1.5	common	source-backed-rank	ngsl-gr-1.0	2994	bsl-1.2,cefrj-1.5,nawl-1.2,ngsl-gr-1.0,oewn-2025		validated
master-interview-verb	interview	verb	B1	source-backed	cefrj-1.5	very-common	source-backed-rank	ngsl-gr-1.0	834	cefrj-1.5,ngsl-gr-1.0,oewn-2025		validated
master-introduction-noun	introduction	noun	B1	source-backed	cefrj-1.5	very-common	source-backed-rank	ngsl-gr-1.0	1253	cefrj-1.5,ngsl-gr-1.0,oewn-2025		validated
master-invasion-noun	invasion	noun	B1	source-backed	cefrj-1.5	common	source-backed-rank	ngsl-gr-1.0	3228	bsl-1.2,cefrj-1.5,nawl-1.2,ngsl-gr-1.0,oewn-2025		validated
master-invest-verb	invest	verb	B1	source-backed	cefrj-1.5	very-common	source-backed-rank	ngsl-gr-1.0	1416	cefrj-1.5,ngsl-gr-1.0,oewn-2025		validated
master-investigation-noun	investigation	noun	B1	source-backed	cefrj-1.5	very-common	source-backed-rank	ngsl-gr-1.0	1368	cefrj-1.5,ngsl-gr-1.0,oewn-2025		validated
master-involve-verb	involve	verb	B1	source-backed	cefrj-1.5	very-common	source-backed-rank	ngsl-gr-1.0	429	cefrj-1.5,ngsl-gr-1.0,oewn-2025		validated
master-isolation-noun	isolation	noun	B1	source-backed	cefrj-1.5	less-common	source-backed-rank	ngsl-gr-1.0	3621	bsl-1.2,cefrj-1.5,ngsl-gr-1.0,oewn-2025		validated
b1-issue	issue	noun	B1	editorial-estimate		very-common	source-backed-rank	ngsl-gr-1.0	268	cefrj-1.5,ngsl-gr-1.0,oewn-2025,vocabulary-core-2026-08		validated
master-jazz-noun	jazz	noun	B1	source-backed	cefrj-1.5	common	source-backed-rank	ngsl-gr-1.0	2894	cefrj-1.5,nawl-1.2,ngsl-gr-1.0,oewn-2025		validated
master-joint-adjective	joint	adjective	B1	source-backed	cefrj-1.5	common	source-backed-rank	ngsl-gr-1.0	1732	cefrj-1.5,ngsl-gr-1.0,oewn-2025		validated
master-joke-verb	joke	verb	B1	source-backed	cefrj-1.5	common	source-backed-rank	ngsl-gr-1.0	1769	cefrj-1.5,ngsl-gr-1.0,oewn-2025		validated
master-journalist-noun	journalist	noun	B1	source-backed	cefrj-1.5	common	source-backed-rank	ngsl-gr-1.0	1989	cefrj-1.5,ngsl-gr-1.0,oewn-2025		validated
master-judge-noun	judge	noun	B1	source-backed	cefrj-1.5	very-common	source-backed-rank	ngsl-gr-1.0	1045	cefrj-1.5,ngsl-gr-1.0,oewn-2025		validated
master-justice-noun	justice	noun	B1	source-backed	cefrj-1.5	common	source-backed-rank	ngsl-gr-1.0	1746	cefrj-1.5,ngsl-gr-1.0,oewn-2025		validated
master-kid-verb	kid	verb	B1	source-backed	cefrj-1.5	very-common	source-backed-rank	ngsl-gr-1.0	579	cefrj-1.5,ngsl-gr-1.0,oewn-2025		validated
master-kiss-verb	kiss	verb	B1	source-backed	cefrj-1.5	common	source-backed-rank	ngsl-gr-1.0	1730	cefrj-1.5,ngsl-gr-1.0,oewn-2025		validated
master-knock-verb	knock	verb	B1	source-backed	cefrj-1.5	common	source-backed-rank	ngsl-gr-1.0	1864	cefrj-1.5,ngsl-gr-1.0,oewn-2025		validated
master-lab-noun	lab	noun	B1	source-backed	cefrj-1.5	common	source-backed-rank	ngsl-gr-1.0	3251	bsl-1.2,cefrj-1.5,nawl-1.2,ngsl-gr-1.0,oewn-2025		validated
master-land-noun	land	noun	B1	source-backed	cefrj-1.5	very-common	source-backed-rank	ngsl-gr-1.0	547	cefrj-1.5,ngsl-gr-1.0,oewn-2025		validated
master-landlord-noun	landlord	noun	B1	source-backed	cefrj-1.5	less-common	source-backed-rank	ngsl-gr-1.0	3759	bsl-1.2,cefrj-1.5,ngsl-gr-1.0,oewn-2025		validated
master-largely-adverb	largely	adverb	B1	source-backed	cefrj-1.5	common	source-backed-rank	ngsl-gr-1.0	1614	cefrj-1.5,ngsl-gr-1.0,oewn-2025		validated
master-last-adverb	last	adverb	B1	source-backed	cefrj-1.5	very-common	source-backed-rank	ngsl-gr-1.0	151	cefrj-1.5,ngsl-gr-1.0,oewn-2025		validated
master-last-verb	last	verb	B1	source-backed	cefrj-1.5	very-common	source-backed-rank	ngsl-gr-1.0	151	cefrj-1.5,ngsl-gr-1.0,oewn-2025		validated
master-lately-adverb	lately	adverb	B1	source-backed	cefrj-1.5	common	source-backed-rank	ngsl-gr-1.0	3487	bsl-1.2,cefrj-1.5,ngsl-gr-1.0,oewn-2025		validated
master-laugh-noun	laugh	noun	B1	source-backed	cefrj-1.5	very-common	source-backed-rank	ngsl-gr-1.0	670	cefrj-1.5,ngsl-gr-1.0,oewn-2025		validated
master-laughter-noun	laughter	noun	B1	source-backed	cefrj-1.5	common	source-backed-rank	ngsl-gr-1.0	2061	cefrj-1.5,ngsl-gr-1.0,oewn-2025		validated
master-launch-verb	launch	verb	B1	source-backed	cefrj-1.5	very-common	source-backed-rank	ngsl-gr-1.0	1181	cefrj-1.5,ngsl-gr-1.0,oewn-2025		validated
master-lay-verb	lay	verb	B1	source-backed	cefrj-1.5	very-common	source-backed-rank	ngsl-gr-1.0	1155	cefrj-1.5,ngsl-gr-1.0,oewn-2025		validated
master-layer-noun	layer	noun	B1	source-backed	cefrj-1.5	common	source-backed-rank	ngsl-gr-1.0	2074	cefrj-1.5,ngsl-gr-1.0,oewn-2025		validated
master-lead-verb	lead	verb	B1	source-backed	cefrj-1.5	very-common	source-backed-rank	ngsl-gr-1.0	291	cefrj-1.5,ngsl-gr-1.0,oewn-2025		validated
master-leadership-noun	leadership	noun	B1	source-backed	cefrj-1.5	common	source-backed-rank	ngsl-gr-1.0	1556	cefrj-1.5,ngsl-gr-1.0,oewn-2025		validated
master-lean-adjective	lean	adjective	B1	source-backed	cefrj-1.5	common	source-backed-rank	ngsl-gr-1.0	2024	cefrj-1.5,ngsl-gr-1.0,oewn-2025		validated
master-least-adverb	least	adverb	B1	source-backed	cefrj-1.5	very-common	source-backed-rank	ngsl-gr-1.0	331	cefrj-1.5,ngsl-gr-1.0,oewn-2025		validated
master-leave-noun	leave	noun	B1	source-backed	cefrj-1.5	very-common	source-backed-rank	ngsl-gr-1.0	176	cefrj-1.5,ngsl-gr-1.0,oewn-2025		validated
master-legal-adjective	legal	adjective	B1	source-backed	cefrj-1.5	very-common	source-backed-rank	ngsl-gr-1.0	1029	cefrj-1.5,ngsl-gr-1.0,oewn-2025		validated
master-legally-adverb	legally	adverb	B1	source-backed	cefrj-1.5	less-common	source-backed-rank	ngsl-gr-1.0	4172	bsl-1.2,cefrj-1.5,ngsl-gr-1.0,oewn-2025		validated
v102	lend	verb	B1	editorial-estimate		common	source-backed-rank	ngsl-gr-1.0	2355	cefrj-1.5,ngsl-gr-1.0,oewn-2025,vocabulary-core-2026-08		validated
master-length-noun	length	noun	B1	source-backed	cefrj-1.5	very-common	source-backed-rank	ngsl-gr-1.0	1367	cefrj-1.5,ngsl-gr-1.0,oewn-2025		validated
master-level-adjective	level	adjective	B1	source-backed	cefrj-1.5	very-common	source-backed-rank	ngsl-gr-1.0	312	cefrj-1.5,ngsl-gr-1.0,oewn-2025		validated
master-lie-noun	lie	noun	B1	source-backed	cefrj-1.5	very-common	source-backed-rank	ngsl-gr-1.0	632	cefrj-1.5,ngsl-gr-1.0,oewn-2025		validated
master-lift-noun	lift	noun	B1	source-backed	cefrj-1.5	very-common	source-backed-rank	ngsl-gr-1.0	1217	cefrj-1.5,ngsl-gr-1.0,oewn-2025		validated
master-lift-verb	lift	verb	B1	source-backed	cefrj-1.5	very-common	source-backed-rank	ngsl-gr-1.0	1217	cefrj-1.5,ngsl-gr-1.0,oewn-2025		validated
master-light-verb	light	verb	B1	source-backed	cefrj-1.5	very-common	source-backed-rank	ngsl-gr-1.0	399	cefrj-1.5,ngsl-gr-1.0,oewn-2025		validated
master-like-conjunction	like	conjunction	B1	source-backed	cefrj-1.5	very-common	source-backed-rank	ngsl-gr-1.0	95	cefrj-1.5,ngsl-gr-1.0		validated
v70	likely	adjective	B1	editorial-estimate		very-common	source-backed-rank	ngsl-gr-1.0	585	cefrj-1.5,ngsl-gr-1.0,oewn-2025,vocabulary-core-2026-08		validated
master-limit-noun	limit	noun	B1	source-backed	cefrj-1.5	very-common	source-backed-rank	ngsl-gr-1.0	622	cefrj-1.5,ngsl-gr-1.0,oewn-2025		validated
master-limit-verb	limit	verb	B1	source-backed	cefrj-1.5	very-common	source-backed-rank	ngsl-gr-1.0	622	cefrj-1.5,ngsl-gr-1.0,oewn-2025		validated
master-link-noun	link	noun	B1	source-backed	cefrj-1.5	very-common	source-backed-rank	ngsl-gr-1.0	820	cefrj-1.5,ngsl-gr-1.0,oewn-2025		validated
master-link-verb	link	verb	B1	source-backed	cefrj-1.5	very-common	source-backed-rank	ngsl-gr-1.0	820	cefrj-1.5,ngsl-gr-1.0,oewn-2025		validated
master-literature-noun	literature	noun	B1	source-backed	cefrj-1.5	common	source-backed-rank	ngsl-gr-1.0	1569	cefrj-1.5,ngsl-gr-1.0,oewn-2025		validated
master-little-determiner	little	determiner	B1	source-backed	cefrj-1.5	very-common	source-backed-rank	ngsl-gr-1.0	182	cefrj-1.5,ngsl-gr-1.0		validated
master-little-pronoun	little	pronoun	B1	source-backed	cefrj-1.5	very-common	source-backed-rank	ngsl-gr-1.0	182	cefrj-1.5,ngsl-gr-1.0		validated
master-live-adjective	live	adjective	B1	source-backed	cefrj-1.5	very-common	source-backed-rank	ngsl-gr-1.0	203	cefrj-1.5,ngsl-gr-1.0,oewn-2025		validated
master-liver-noun	liver	noun	B1	source-backed	cefrj-1.5	less-common	source-backed-rank	ngsl-gr-1.0	3983	cefrj-1.5,nawl-1.2,ngsl-gr-1.0,oewn-2025		validated
master-locate-verb	locate	verb	B1	source-backed	cefrj-1.5	very-common	source-backed-rank	ngsl-gr-1.0	1500	cefrj-1.5,ngsl-gr-1.0,oewn-2025		validated
master-location-noun	location	noun	B1	source-backed	cefrj-1.5	very-common	source-backed-rank	ngsl-gr-1.0	1415	cefrj-1.5,ngsl-gr-1.0,oewn-2025		validated
master-lock-verb	lock	verb	B1	source-backed	cefrj-1.5	common	source-backed-rank	ngsl-gr-1.0	1654	cefrj-1.5,ngsl-gr-1.0,oewn-2025		validated
master-loss-noun	loss	noun	B1	source-backed	cefrj-1.5	very-common	source-backed-rank	ngsl-gr-1.0	856	cefrj-1.5,ngsl-gr-1.0,oewn-2025		validated
master-loyal-adjective	loyal	adjective	B1	source-backed	cefrj-1.5	less-common	source-backed-rank	ngsl-gr-1.0	3897	bsl-1.2,cefrj-1.5,ngsl-gr-1.0,oewn-2025		validated
master-loyalty-noun	loyalty	noun	B1	source-backed	cefrj-1.5	common	source-backed-rank	ngsl-gr-1.0	3396	bsl-1.2,cefrj-1.5,ngsl-gr-1.0,oewn-2025		validated
master-lung-noun	lung	noun	B1	source-backed	cefrj-1.5	common	source-backed-rank	ngsl-gr-1.0	3249	cefrj-1.5,nawl-1.2,ngsl-gr-1.0,oewn-2025		validated
master-mail-verb	mail	verb	B1	source-backed	cefrj-1.5	common	source-backed-rank	ngsl-gr-1.0	1693	cefrj-1.5,ngsl-gr-1.0,oewn-2025		validated
master-main-adjective	main	adjective	B1	source-backed	cefrj-1.5	very-common	source-backed-rank	ngsl-gr-1.0	503	cefrj-1.5,ngsl-gr-1.0,oewn-2025		validated
master-majority-noun	majority	noun	B1	source-backed	cefrj-1.5	very-common	source-backed-rank	ngsl-gr-1.0	1059	cefrj-1.5,ngsl-gr-1.0,oewn-2025		validated
master-male-adjective	male	adjective	B1	source-backed	cefrj-1.5	very-common	source-backed-rank	ngsl-gr-1.0	964	cefrj-1.5,ngsl-gr-1.0,oewn-2025		validated
master-management-noun	management	noun	B1	source-backed	cefrj-1.5	very-common	source-backed-rank	ngsl-gr-1.0	742	cefrj-1.5,ngsl-gr-1.0,oewn-2025		validated
master-marble-noun	marble	noun	B1	source-backed	cefrj-1.5	less-common	source-backed-rank	ngsl-gr-1.0	4275	cefrj-1.5,nawl-1.2,ngsl-gr-1.0,oewn-2025		validated
master-market-verb	market	verb	B1	source-backed	cefrj-1.5	very-common	source-backed-rank	ngsl-gr-1.0	269	cefrj-1.5,ngsl-gr-1.0,oewn-2025		validated
master-marriage-noun	marriage	noun	B1	source-backed	cefrj-1.5	very-common	source-backed-rank	ngsl-gr-1.0	1298	cefrj-1.5,ngsl-gr-1.0,oewn-2025		validated
master-mass-adjective	mass	adjective	B1	source-backed	cefrj-1.5	very-common	source-backed-rank	ngsl-gr-1.0	1286	cefrj-1.5,ngsl-gr-1.0,oewn-2025		validated
master-massive-adjective	massive	adjective	B1	source-backed	cefrj-1.5	common	source-backed-rank	ngsl-gr-1.0	1973	cefrj-1.5,ngsl-gr-1.0,oewn-2025		validated
master-match-verb	match	verb	B1	source-backed	cefrj-1.5	very-common	source-backed-rank	ngsl-gr-1.0	900	cefrj-1.5,ngsl-gr-1.0,oewn-2025		validated
master-mathematics-noun	mathematics	noun	B1	source-backed	cefrj-1.5	common	source-backed-rank	ngsl-gr-1.0	1977	cefrj-1.5,ngsl-gr-1.0,oewn-2025		validated
master-maximum-adjective	maximum	adjective	B1	source-backed	cefrj-1.5	common	source-backed-rank	ngsl-gr-1.0	1891	cefrj-1.5,ngsl-gr-1.0,oewn-2025		validated
master-maximum-noun	maximum	noun	B1	source-backed	cefrj-1.5	common	source-backed-rank	ngsl-gr-1.0	1891	cefrj-1.5,ngsl-gr-1.0,oewn-2025		validated
master-meaningful-adjective	meaningful	adjective	B1	source-backed	cefrj-1.5	less-common	source-backed-rank	ngsl-gr-1.0	3665	bsl-1.2,cefrj-1.5,nawl-1.2,ngsl-gr-1.0,oewn-2025		validated
master-meanwhile-adverb	meanwhile	adverb	B1	source-backed	cefrj-1.5	common	source-backed-rank	ngsl-gr-1.0	1803	cefrj-1.5,ngsl-gr-1.0,oewn-2025		validated
master-measure-noun	measure	noun	B1	source-backed	cefrj-1.5	very-common	source-backed-rank	ngsl-gr-1.0	582	cefrj-1.5,ngsl-gr-1.0,oewn-2025		validated
master-measure-verb	measure	verb	B1	source-backed	cefrj-1.5	very-common	source-backed-rank	ngsl-gr-1.0	582	cefrj-1.5,ngsl-gr-1.0,oewn-2025		validated
master-mechanic-noun	mechanic	noun	B1	source-backed	cefrj-1.5	less-common	source-backed-rank	ngsl-gr-1.0	4409	cefrj-1.5,nawl-1.2,ngsl-gr-1.0,oewn-2025		validated
master-mechanical-adjective	mechanical	adjective	B1	source-backed	cefrj-1.5	less-common	source-backed-rank	ngsl-gr-1.0	3738	bsl-1.2,cefrj-1.5,nawl-1.2,ngsl-gr-1.0,oewn-2025		validated
master-medium-adjective	medium	adjective	B1	source-backed	cefrj-1.5	very-common	source-backed-rank	ngsl-gr-1.0	739	cefrj-1.5,ngsl-gr-1.0,oewn-2025		validated
master-medium-noun	medium	noun	B1	source-backed	cefrj-1.5	very-common	source-backed-rank	ngsl-gr-1.0	739	cefrj-1.5,ngsl-gr-1.0,oewn-2025		validated
master-mental-adjective	mental	adjective	B1	source-backed	cefrj-1.5	common	source-backed-rank	ngsl-gr-1.0	1699	cefrj-1.5,ngsl-gr-1.0,oewn-2025		validated
master-mention-verb	mention	verb	B1	source-backed	cefrj-1.5	very-common	source-backed-rank	ngsl-gr-1.0	614	cefrj-1.5,ngsl-gr-1.0,oewn-2025		validated
master-merchant-noun	merchant	noun	B1	source-backed	cefrj-1.5	common	source-backed-rank	ngsl-gr-1.0	3361	bsl-1.2,cefrj-1.5,ngsl-gr-1.0,oewn-2025		validated
master-merely-adverb	merely	adverb	B1	source-backed	cefrj-1.5	common	source-backed-rank	ngsl-gr-1.0	1848	cefrj-1.5,ngsl-gr-1.0,oewn-2025		validated
v71	method	noun	B1	editorial-estimate		very-common	source-backed-rank	ngsl-gr-1.0	805	cefrj-1.5,ngsl-gr-1.0,oewn-2025,vocabulary-core-2026-08		validated
master-mild-adjective	mild	adjective	B1	source-backed	cefrj-1.5	common	source-backed-rank	ngsl-gr-1.0	3365	bsl-1.2,cefrj-1.5,ngsl-gr-1.0,oewn-2025		validated
master-mile-noun	mile	noun	B1	source-backed	cefrj-1.5	very-common	source-backed-rank	ngsl-gr-1.0	827	cefrj-1.5,ngsl-gr-1.0,oewn-2025		validated
master-mineral-noun	mineral	noun	B1	source-backed	cefrj-1.5	common	source-backed-rank	ngsl-gr-1.0	3344	bsl-1.2,cefrj-1.5,nawl-1.2,ngsl-gr-1.0,oewn-2025		validated
master-minimum-adjective	minimum	adjective	B1	source-backed	cefrj-1.5	common	source-backed-rank	ngsl-gr-1.0	1819	cefrj-1.5,ngsl-gr-1.0,oewn-2025		validated
master-minimum-noun	minimum	noun	B1	source-backed	cefrj-1.5	common	source-backed-rank	ngsl-gr-1.0	1819	cefrj-1.5,ngsl-gr-1.0,oewn-2025		validated
master-minor-adjective	minor	adjective	B1	source-backed	cefrj-1.5	common	source-backed-rank	ngsl-gr-1.0	2047	cefrj-1.5,ngsl-gr-1.0,oewn-2025		validated
master-minority-noun	minority	noun	B1	source-backed	cefrj-1.5	common	source-backed-rank	ngsl-gr-1.0	2037	cefrj-1.5,ngsl-gr-1.0,oewn-2025		validated
master-minus-preposition	minus	preposition	B1	source-backed	cefrj-1.5	less-common	source-backed-rank	ngsl-gr-1.0	4449	bsl-1.2,cefrj-1.5,nawl-1.2,ngsl-gr-1.0		validated
master-mislead-verb	mislead	verb	B1	source-backed	cefrj-1.5	less-common	source-backed-rank	ngsl-gr-1.0	3553	bsl-1.2,cefrj-1.5,ngsl-gr-1.0,oewn-2025		validated
master-mission-noun	mission	noun	B1	source-backed	cefrj-1.5	common	source-backed-rank	ngsl-gr-1.0	1741	cefrj-1.5,ngsl-gr-1.0,oewn-2025		validated
master-model-adjective	model	adjective	B1	source-backed	cefrj-1.5	very-common	source-backed-rank	ngsl-gr-1.0	535	cefrj-1.5,ngsl-gr-1.0,oewn-2025		validated
master-model-verb	model	verb	B1	source-backed	cefrj-1.5	very-common	source-backed-rank	ngsl-gr-1.0	535	cefrj-1.5,ngsl-gr-1.0,oewn-2025		validated
master-molecule-noun	molecule	noun	B1	source-backed	cefrj-1.5	less-common	source-backed-rank	ngsl-gr-1.0	3522	bsl-1.2,cefrj-1.5,nawl-1.2,ngsl-gr-1.0,oewn-2025		validated
master-monitor-noun	monitor	noun	B1	source-backed	cefrj-1.5	very-common	source-backed-rank	ngsl-gr-1.0	1427	cefrj-1.5,ngsl-gr-1.0,oewn-2025		validated
master-monitor-verb	monitor	verb	B1	source-backed	cefrj-1.5	very-common	source-backed-rank	ngsl-gr-1.0	1427	cefrj-1.5,ngsl-gr-1.0,oewn-2025		validated
master-moral-noun	moral	noun	B1	source-backed	cefrj-1.5	common	source-backed-rank	ngsl-gr-1.0	1600	cefrj-1.5,ngsl-gr-1.0,oewn-2025		validated
master-more-adverb	more	adverb	B1	source-backed	cefrj-1.5	very-common	source-backed-rank	ngsl-gr-1.0	92	cefrj-1.5,ngsl-gr-1.0,oewn-2025		validated
master-moreover-adverb	moreover	adverb	B1	source-backed	cefrj-1.5	very-common	source-backed-rank	ngsl-gr-1.0	1453	cefrj-1.5,ngsl-gr-1.0,oewn-2025		validated
master-motive-noun	motive	noun	B1	source-backed	cefrj-1.5	common	source-backed-rank	ngsl-gr-1.0	3343	bsl-1.2,cefrj-1.5,nawl-1.2,ngsl-gr-1.0,oewn-2025		validated
master-movement-noun	movement	noun	B1	source-backed	cefrj-1.5	very-common	source-backed-rank	ngsl-gr-1.0	853	cefrj-1.5,ngsl-gr-1.0,oewn-2025		validated
master-murder-verb	murder	verb	B1	source-backed	cefrj-1.5	very-common	source-backed-rank	ngsl-gr-1.0	1426	cefrj-1.5,ngsl-gr-1.0,oewn-2025		validated
master-muscle-noun	muscle	noun	B1	source-backed	cefrj-1.5	common	source-backed-rank	ngsl-gr-1.0	2205	cefrj-1.5,ngsl-gr-1.0,oewn-2025		validated
master-myth-noun	myth	noun	B1	source-backed	cefrj-1.5	common	source-backed-rank	ngsl-gr-1.0	3478	bsl-1.2,cefrj-1.5,nawl-1.2,ngsl-gr-1.0,oewn-2025		validated
master-naked-adjective	naked	adjective	B1	source-backed	cefrj-1.5	common	source-backed-rank	ngsl-gr-1.0	3449	cefrj-1.5,nawl-1.2,ngsl-gr-1.0,oewn-2025		validated
master-name-verb	name	verb	B1	source-backed	cefrj-1.5	very-common	source-backed-rank	ngsl-gr-1.0	256	cefrj-1.5,ngsl-gr-1.0,oewn-2025		validated
master-narrow-adjective	narrow	adjective	B1	source-backed	cefrj-1.5	common	source-backed-rank	ngsl-gr-1.0	1635	cefrj-1.5,ngsl-gr-1.0,oewn-2025		validated
master-nasty-adjective	nasty	adjective	B1	source-backed	cefrj-1.5	less-common	source-backed-rank	ngsl-gr-1.0	3531	bsl-1.2,cefrj-1.5,nawl-1.2,ngsl-gr-1.0,oewn-2025		validated
master-nationalist-noun	nationalist	noun	B1	source-backed	cefrj-1.5	less-common	source-backed-rank	ngsl-gr-1.0	4659	bsl-1.2,cefrj-1.5,ngsl-gr-1.0,oewn-2025		validated
v103	natural	adjective	B1	editorial-estimate		very-common	source-backed-rank	ngsl-gr-1.0	867	cefrj-1.5,ngsl-gr-1.0,oewn-2025,vocabulary-core-2026-08		validated
master-naturally-adverb	naturally	adverb	B1	source-backed	cefrj-1.5	common	source-backed-rank	ngsl-gr-1.0	2193	cefrj-1.5,ngsl-gr-1.0,oewn-2025		validated
master-near-adverb	near	adverb	B1	source-backed	cefrj-1.5	very-common	source-backed-rank	ngsl-gr-1.0	477	cefrj-1.5,ngsl-gr-1.0,oewn-2025		validated
master-nearby-adjective	nearby	adjective	B1	source-backed	cefrj-1.5	common	source-backed-rank	ngsl-gr-1.0	1945	cefrj-1.5,ngsl-gr-1.0,oewn-2025		validated
master-nearby-adverb	nearby	adverb	B1	source-backed	cefrj-1.5	common	source-backed-rank	ngsl-gr-1.0	1945	cefrj-1.5,ngsl-gr-1.0,oewn-2025		validated
b1-negotiate	negotiate	verb	B1	source-backed	cefrj-1.5	common	source-backed-rank	ngsl-gr-1.0	2052	cefrj-1.5,ngsl-gr-1.0,oewn-2025,vocabulary-core-2026-08		validated
master-negotiation-noun	negotiation	noun	B1	source-backed	cefrj-1.5	common	source-backed-rank	ngsl-gr-1.0	1911	cefrj-1.5,ngsl-gr-1.0,oewn-2025		validated
master-net-noun	net	noun	B1	source-backed	cefrj-1.5	very-common	source-backed-rank	ngsl-gr-1.0	1241	cefrj-1.5,ngsl-gr-1.0,oewn-2025		validated
master-network-noun	network	noun	B1	source-backed	cefrj-1.5	very-common	source-backed-rank	ngsl-gr-1.0	897	cefrj-1.5,ngsl-gr-1.0,oewn-2025		validated
master-neutral-adjective	neutral	adjective	B1	source-backed	cefrj-1.5	less-common	source-backed-rank	ngsl-gr-1.0	3756	bsl-1.2,cefrj-1.5,nawl-1.2,ngsl-gr-1.0,oewn-2025		validated
master-nevertheless-adverb	nevertheless	adverb	B1	source-backed	cefrj-1.5	common	source-backed-rank	ngsl-gr-1.0	1610	cefrj-1.5,ngsl-gr-1.0,oewn-2025		validated
master-none-pronoun	none	pronoun	B1	source-backed	cefrj-1.5	very-common	source-backed-rank	ngsl-gr-1.0	1064	cefrj-1.5,ngsl-gr-1.0		validated
master-nonetheless-adverb	nonetheless	adverb	B1	source-backed	cefrj-1.5	less-common	source-backed-rank	ngsl-gr-1.0	4765	bsl-1.2,cefrj-1.5,nawl-1.2,ngsl-gr-1.0,oewn-2025		validated
master-nor-conjunction	nor	conjunction	B1	source-backed	cefrj-1.5	very-common	source-backed-rank	ngsl-gr-1.0	1017	cefrj-1.5,ngsl-gr-1.0		validated
master-normally-adverb	normally	adverb	B1	source-backed	cefrj-1.5	very-common	source-backed-rank	ngsl-gr-1.0	1474	cefrj-1.5,ngsl-gr-1.0,oewn-2025		validated
master-northern-adjective	northern	adjective	B1	source-backed	cefrj-1.5	common	source-backed-rank	ngsl-gr-1.0	1820	cefrj-1.5,ngsl-gr-1.0,oewn-2025		validated
master-notion-noun	notion	noun	B1	source-backed	cefrj-1.5	common	source-backed-rank	ngsl-gr-1.0	1669	cefrj-1.5,ngsl-gr-1.0,oewn-2025		validated
master-nuclear-adjective	nuclear	adjective	B1	source-backed	cefrj-1.5	very-common	source-backed-rank	ngsl-gr-1.0	1248	cefrj-1.5,ngsl-gr-1.0,oewn-2025		validated
master-nucleus-noun	nucleus	noun	B1	source-backed	cefrj-1.5	less-common	source-backed-rank	ngsl-gr-1.0	4035	cefrj-1.5,nawl-1.2,ngsl-gr-1.0,oewn-2025		validated
master-numerous-adjective	numerous	adjective	B1	source-backed	cefrj-1.5	common	source-backed-rank	ngsl-gr-1.0	2119	cefrj-1.5,ngsl-gr-1.0,oewn-2025		validated
master-nurse-verb	nurse	verb	B1	source-backed	cefrj-1.5	very-common	source-backed-rank	ngsl-gr-1.0	1365	cefrj-1.5,ngsl-gr-1.0,oewn-2025		validated
master-nutrient-noun	nutrient	noun	B1	source-backed	cefrj-1.5	less-common	source-backed-rank	ngsl-gr-1.0	5024	cefrj-1.5,nawl-1.2,ngsl-gr-1.0,oewn-2025		validated
master-object-noun	object	noun	B1	source-backed	cefrj-1.5	very-common	source-backed-rank	ngsl-gr-1.0	992	cefrj-1.5,ngsl-gr-1.0,oewn-2025		validated
master-objection-noun	objection	noun	B1	source-backed	cefrj-1.5	common	source-backed-rank	ngsl-gr-1.0	3299	bsl-1.2,cefrj-1.5,nawl-1.2,ngsl-gr-1.0,oewn-2025		validated
master-objective-noun	objective	noun	B1	source-backed	cefrj-1.5	very-common	source-backed-rank	ngsl-gr-1.0	1452	cefrj-1.5,ngsl-gr-1.0,oewn-2025		validated
master-observation-noun	observation	noun	B1	source-backed	cefrj-1.5	common	source-backed-rank	ngsl-gr-1.0	1918	cefrj-1.5,ngsl-gr-1.0,oewn-2025		validated
master-observe-verb	observe	verb	B1	source-backed	cefrj-1.5	very-common	source-backed-rank	ngsl-gr-1.0	1148	cefrj-1.5,ngsl-gr-1.0,oewn-2025		validated
master-obstacle-noun	obstacle	noun	B1	source-backed	cefrj-1.5	common	source-backed-rank	ngsl-gr-1.0	3460	bsl-1.2,cefrj-1.5,ngsl-gr-1.0,oewn-2025		validated
master-obtain-verb	obtain	verb	B1	source-backed	cefrj-1.5	common	source-backed-rank	ngsl-gr-1.0	2865	bsl-1.2,cefrj-1.5,nawl-1.2,ngsl-gr-1.0,oewn-2025		validated
master-obvious-adjective	obvious	adjective	B1	source-backed	cefrj-1.5	very-common	source-backed-rank	ngsl-gr-1.0	1373	cefrj-1.5,ngsl-gr-1.0,oewn-2025		validated
master-obviously-adverb	obviously	adverb	B1	source-backed	cefrj-1.5	very-common	source-backed-rank	ngsl-gr-1.0	936	cefrj-1.5,ngsl-gr-1.0,oewn-2025		validated
master-occasion-noun	occasion	noun	B1	source-backed	cefrj-1.5	very-common	source-backed-rank	ngsl-gr-1.0	1494	cefrj-1.5,ngsl-gr-1.0,oewn-2025		validated
master-occasion-verb	occasion	verb	B1	source-backed	cefrj-1.5	very-common	source-backed-rank	ngsl-gr-1.0	1494	cefrj-1.5,ngsl-gr-1.0,oewn-2025		validated
master-occasional-adjective	occasional	adjective	B1	source-backed	cefrj-1.5	common	source-backed-rank	ngsl-gr-1.0	3133	bsl-1.2,cefrj-1.5,ngsl-gr-1.0,oewn-2025		validated
master-occupy-verb	occupy	verb	B1	source-backed	cefrj-1.5	common	source-backed-rank	ngsl-gr-1.0	1980	cefrj-1.5,ngsl-gr-1.0,oewn-2025		validated
v72	occur	verb	B1	source-backed	cefrj-1.5	very-common	source-backed-rank	ngsl-gr-1.0	768	cefrj-1.5,ngsl-gr-1.0,oewn-2025,vocabulary-core-2026-08		validated
master-off-preposition	off	preposition	B1	source-backed	cefrj-1.5	very-common	source-backed-rank	ngsl-gr-1.0	200	cefrj-1.5,ngsl-gr-1.0		validated
master-offensive-adjective	offensive	adjective	B1	source-backed	cefrj-1.5	common	source-backed-rank	ngsl-gr-1.0	3457	bsl-1.2,cefrj-1.5,ngsl-gr-1.0,oewn-2025		validated
master-officially-adverb	officially	adverb	B1	source-backed	cefrj-1.5	less-common	source-backed-rank	ngsl-gr-1.0	3546	bsl-1.2,cefrj-1.5,ngsl-gr-1.0,oewn-2025		validated
master-operation-noun	operation	noun	B1	source-backed	cefrj-1.5	very-common	source-backed-rank	ngsl-gr-1.0	899	cefrj-1.5,ngsl-gr-1.0,oewn-2025		validated
master-opposite-adverb	opposite	adverb	B1	source-backed	cefrj-1.5	very-common	source-backed-rank	ngsl-gr-1.0	1423	cefrj-1.5,ngsl-gr-1.0,oewn-2025		validated
master-opposite-noun	opposite	noun	B1	source-backed	cefrj-1.5	very-common	source-backed-rank	ngsl-gr-1.0	1423	cefrj-1.5,ngsl-gr-1.0,oewn-2025		validated
master-opposition-noun	opposition	noun	B1	source-backed	cefrj-1.5	common	source-backed-rank	ngsl-gr-1.0	1672	cefrj-1.5,ngsl-gr-1.0,oewn-2025		validated
master-option-noun	option	noun	B1	source-backed	cefrj-1.5	very-common	source-backed-rank	ngsl-gr-1.0	910	cefrj-1.5,ngsl-gr-1.0,oewn-2025		validated
master-oral-noun	oral	noun	B1	source-backed	cefrj-1.5	less-common	source-backed-rank	ngsl-gr-1.0	3586	bsl-1.2,cefrj-1.5,nawl-1.2,ngsl-gr-1.0,oewn-2025		validated
master-ordinary-adjective	ordinary	adjective	B1	source-backed	cefrj-1.5	common	source-backed-rank	ngsl-gr-1.0	1696	cefrj-1.5,ngsl-gr-1.0,oewn-2025		validated
master-organ-noun	organ	noun	B1	source-backed	cefrj-1.5	common	source-backed-rank	ngsl-gr-1.0	3043	bsl-1.2,cefrj-1.5,nawl-1.2,ngsl-gr-1.0,oewn-2025		validated
master-organism-noun	organism	noun	B1	source-backed	cefrj-1.5	less-common	source-backed-rank	ngsl-gr-1.0	3863	cefrj-1.5,nawl-1.2,ngsl-gr-1.0,oewn-2025		validated
master-origin-noun	origin	noun	B1	source-backed	cefrj-1.5	common	source-backed-rank	ngsl-gr-1.0	2038	cefrj-1.5,ngsl-gr-1.0,oewn-2025		validated
master-otherwise-adverb	otherwise	adverb	B1	source-backed	cefrj-1.5	very-common	source-backed-rank	ngsl-gr-1.0	1106	cefrj-1.5,ngsl-gr-1.0,oewn-2025		validated
b1-outcome	outcome	noun	B1	editorial-estimate		common	source-backed-rank	ngsl-gr-1.0	1676	cefrj-1.5,ngsl-gr-1.0,oewn-2025,vocabulary-core-2026-08		validated
master-outer-adjective	outer	adjective	B1	source-backed	cefrj-1.5	common	source-backed-rank	ngsl-gr-1.0	3417	cefrj-1.5,nawl-1.2,ngsl-gr-1.0,oewn-2025		validated
master-outline-verb	outline	verb	B1	source-backed	cefrj-1.5	common	source-backed-rank	ngsl-gr-1.0	1981	cefrj-1.5,ngsl-gr-1.0,oewn-2025		validated
master-outstanding-adjective	outstanding	adjective	B1	source-backed	cefrj-1.5	common	source-backed-rank	ngsl-gr-1.0	2902	bsl-1.2,cefrj-1.5,ngsl-gr-1.0,oewn-2025		validated
master-overnight-adjective	overnight	adjective	B1	source-backed	cefrj-1.5	common	source-backed-rank	ngsl-gr-1.0	2992	bsl-1.2,cefrj-1.5,ngsl-gr-1.0,oewn-2025		validated
master-overnight-adverb	overnight	adverb	B1	source-backed	cefrj-1.5	common	source-backed-rank	ngsl-gr-1.0	2992	bsl-1.2,cefrj-1.5,ngsl-gr-1.0,oewn-2025		validated
master-overwhelm-verb	overwhelm	verb	B1	source-backed	cefrj-1.5	common	source-backed-rank	ngsl-gr-1.0	2924	bsl-1.2,cefrj-1.5,ngsl-gr-1.0,oewn-2025		validated
master-owe-verb	owe	verb	B1	source-backed	cefrj-1.5	common	source-backed-rank	ngsl-gr-1.0	2103	cefrj-1.5,ngsl-gr-1.0,oewn-2025		validated
master-own-verb	own	verb	B1	source-backed	cefrj-1.5	very-common	source-backed-rank	ngsl-gr-1.0	179	cefrj-1.5,ngsl-gr-1.0,oewn-2025		validated
master-oxygen-noun	oxygen	noun	B1	source-backed	cefrj-1.5	common	source-backed-rank	ngsl-gr-1.0	3421	cefrj-1.5,nawl-1.2,ngsl-gr-1.0,oewn-2025		validated
master-pace-noun	pace	noun	B1	source-backed	cefrj-1.5	common	source-backed-rank	ngsl-gr-1.0	2168	cefrj-1.5,ngsl-gr-1.0,oewn-2025		validated
master-package-noun	package	noun	B1	source-backed	cefrj-1.5	very-common	source-backed-rank	ngsl-gr-1.0	1369	cefrj-1.5,ngsl-gr-1.0,oewn-2025		validated
master-pain-noun	pain	noun	B1	source-backed	cefrj-1.5	very-common	source-backed-rank	ngsl-gr-1.0	1200	cefrj-1.5,ngsl-gr-1.0,oewn-2025		validated
master-painful-adjective	painful	adjective	B1	source-backed	cefrj-1.5	common	source-backed-rank	ngsl-gr-1.0	3123	bsl-1.2,cefrj-1.5,nawl-1.2,ngsl-gr-1.0,oewn-2025		validated
master-parcel-noun	parcel	noun	B1	source-backed	cefrj-1.5	less-common	source-backed-rank	ngsl-gr-1.0	4491	cefrj-1.5,nawl-1.2,ngsl-gr-1.0,oewn-2025		validated
master-pardon-verb	pardon	verb	B1	source-backed	cefrj-1.5	less-common	source-backed-rank	ngsl-gr-1.0	4345	cefrj-1.5,nawl-1.2,ngsl-gr-1.0,oewn-2025		validated
master-parental-adjective	parental	adjective	B1	source-backed	cefrj-1.5	less-common	source-backed-rank	ngsl-gr-1.0	3842	cefrj-1.5,nawl-1.2,ngsl-gr-1.0,oewn-2025		validated
master-partial-adjective	partial	adjective	B1	source-backed	cefrj-1.5	common	source-backed-rank	ngsl-gr-1.0	3385	bsl-1.2,cefrj-1.5,nawl-1.2,ngsl-gr-1.0,oewn-2025		validated
master-participant-noun	participant	noun	B1	source-backed	cefrj-1.5	common	source-backed-rank	ngsl-gr-1.0	1700	cefrj-1.5,ngsl-gr-1.0,oewn-2025		validated
b1-participate	participate	verb	B1	source-backed	cefrj-1.5	common	source-backed-rank	ngsl-gr-1.0	1518	cefrj-1.5,ngsl-gr-1.0,oewn-2025,vocabulary-core-2026-08		validated
master-particularly-adverb	particularly	adverb	B1	source-backed	cefrj-1.5	very-common	source-backed-rank	ngsl-gr-1.0	651	cefrj-1.5,ngsl-gr-1.0,oewn-2025		validated
master-passive-adjective	passive	adjective	B1	source-backed	cefrj-1.5	less-common	source-backed-rank	ngsl-gr-1.0	4441	bsl-1.2,cefrj-1.5,ngsl-gr-1.0,oewn-2025		validated
master-passport-noun	passport	noun	B1	source-backed	cefrj-1.5	less-common	source-backed-rank	ngsl-gr-1.0	4394	bsl-1.2,cefrj-1.5,ngsl-gr-1.0,oewn-2025		validated
master-past-adjective	past	adjective	B1	source-backed	cefrj-1.5	very-common	source-backed-rank	ngsl-gr-1.0	380	cefrj-1.5,ngsl-gr-1.0,oewn-2025		validated
v104	pattern	noun	B1	source-backed	cefrj-1.5	very-common	source-backed-rank	ngsl-gr-1.0	933	cefrj-1.5,ngsl-gr-1.0,oewn-2025,vocabulary-core-2026-08		validated
master-pause-noun	pause	noun	B1	source-backed	cefrj-1.5	very-common	source-backed-rank	ngsl-gr-1.0	699	cefrj-1.5,ngsl-gr-1.0,oewn-2025		validated
master-pause-verb	pause	verb	B1	source-backed	cefrj-1.5	very-common	source-backed-rank	ngsl-gr-1.0	699	cefrj-1.5,ngsl-gr-1.0,oewn-2025		validated
master-per-preposition	per	preposition	B1	source-backed	cefrj-1.5	very-common	source-backed-rank	ngsl-gr-1.0	423	cefrj-1.5,ngsl-gr-1.0		validated
master-performer-noun	performer	noun	B1	source-backed	cefrj-1.5	common	source-backed-rank	ngsl-gr-1.0	3326	bsl-1.2,cefrj-1.5,ngsl-gr-1.0,oewn-2025		validated
master-permanently-adverb	permanently	adverb	B1	source-backed	cefrj-1.5	less-common	source-backed-rank	ngsl-gr-1.0	4509	bsl-1.2,cefrj-1.5,ngsl-gr-1.0,oewn-2025		validated
master-permit-verb	permit	verb	B1	source-backed	cefrj-1.5	common	source-backed-rank	ngsl-gr-1.0	1639	cefrj-1.5,ngsl-gr-1.0,oewn-2025		validated
master-personally-adverb	personally	adverb	B1	source-backed	cefrj-1.5	common	source-backed-rank	ngsl-gr-1.0	1949	cefrj-1.5,ngsl-gr-1.0,oewn-2025		validated
master-persuade-verb	persuade	verb	B1	source-backed	cefrj-1.5	common	source-backed-rank	ngsl-gr-1.0	2141	cefrj-1.5,ngsl-gr-1.0,oewn-2025		validated
master-phenomenon-noun	phenomenon	noun	B1	source-backed	cefrj-1.5	common	source-backed-rank	ngsl-gr-1.0	2146	cefrj-1.5,ngsl-gr-1.0,oewn-2025		validated
master-philosopher-noun	philosopher	noun	B1	source-backed	cefrj-1.5	less-common	source-backed-rank	ngsl-gr-1.0	4457	cefrj-1.5,nawl-1.2,ngsl-gr-1.0,oewn-2025		validated
master-phrase-noun	phrase	noun	B1	source-backed	cefrj-1.5	common	source-backed-rank	ngsl-gr-1.0	1845	cefrj-1.5,ngsl-gr-1.0,oewn-2025		validated
master-physics-noun	physics	noun	B1	source-backed	cefrj-1.5	less-common	source-backed-rank	ngsl-gr-1.0	4976	bsl-1.2,cefrj-1.5,nawl-1.2,ngsl-gr-1.0,oewn-2025		validated
master-pick-noun	pick	noun	B1	source-backed	cefrj-1.5	very-common	source-backed-rank	ngsl-gr-1.0	633	cefrj-1.5,ngsl-gr-1.0,oewn-2025		validated
master-pin-verb	pin	verb	B1	source-backed	cefrj-1.5	common	source-backed-rank	ngsl-gr-1.0	3137	bsl-1.2,cefrj-1.5,ngsl-gr-1.0,oewn-2025		validated
master-pit-noun	pit	noun	B1	source-backed	cefrj-1.5	common	source-backed-rank	ngsl-gr-1.0	3148	bsl-1.2,cefrj-1.5,ngsl-gr-1.0,oewn-2025		validated
master-place-verb	place	verb	B1	source-backed	cefrj-1.5	very-common	source-backed-rank	ngsl-gr-1.0	164	cefrj-1.5,ngsl-gr-1.0,oewn-2025		validated
master-plain-adjective	plain	adjective	B1	source-backed	cefrj-1.5	common	source-backed-rank	ngsl-gr-1.0	2011	cefrj-1.5,ngsl-gr-1.0,oewn-2025		validated
master-plan-verb	plan	verb	B1	source-backed	cefrj-1.5	very-common	source-backed-rank	ngsl-gr-1.0	282	cefrj-1.5,ngsl-gr-1.0,oewn-2025		validated
master-plant-verb	plant	verb	B1	source-backed	cefrj-1.5	very-common	source-backed-rank	ngsl-gr-1.0	721	cefrj-1.5,ngsl-gr-1.0,oewn-2025		validated
master-plastic-noun	plastic	noun	B1	source-backed	cefrj-1.5	common	source-backed-rank	ngsl-gr-1.0	1900	cefrj-1.5,ngsl-gr-1.0,oewn-2025		validated
master-platform-noun	platform	noun	B1	source-backed	cefrj-1.5	common	source-backed-rank	ngsl-gr-1.0	2221	cefrj-1.5,ngsl-gr-1.0,oewn-2025		validated
master-please-verb	please	verb	B1	source-backed	cefrj-1.5	very-common	source-backed-rank	ngsl-gr-1.0	521	cefrj-1.5,ngsl-gr-1.0,oewn-2025		validated
master-plenty-pronoun	plenty	pronoun	B1	source-backed	cefrj-1.5	common	source-backed-rank	ngsl-gr-1.0	1592	cefrj-1.5,ngsl-gr-1.0		validated
master-plug-noun	plug	noun	B1	source-backed	cefrj-1.5	common	source-backed-rank	ngsl-gr-1.0	3370	bsl-1.2,cefrj-1.5,nawl-1.2,ngsl-gr-1.0,oewn-2025		validated
master-plus-conjunction	plus	conjunction	B1	source-backed	cefrj-1.5	very-common	source-backed-rank	ngsl-gr-1.0	1306	cefrj-1.5,ngsl-gr-1.0		validated
master-poison-noun	poison	noun	B1	source-backed	cefrj-1.5	common	source-backed-rank	ngsl-gr-1.0	3373	bsl-1.2,cefrj-1.5,ngsl-gr-1.0,oewn-2025		validated
master-pole-noun	pole	noun	B1	source-backed	cefrj-1.5	common	source-backed-rank	ngsl-gr-1.0	3482	cefrj-1.5,nawl-1.2,ngsl-gr-1.0,oewn-2025		validated
master-policy-noun	policy	noun	B1	source-backed	cefrj-1.5	very-common	source-backed-rank	ngsl-gr-1.0	449	cefrj-1.5,ngsl-gr-1.0,oewn-2025		validated
master-politician-noun	politician	noun	B1	source-backed	cefrj-1.5	common	source-backed-rank	ngsl-gr-1.0	1862	cefrj-1.5,ngsl-gr-1.0,oewn-2025		validated
master-politics-noun	politics	noun	B1	source-backed	cefrj-1.5	very-common	source-backed-rank	ngsl-gr-1.0	1157	cefrj-1.5,ngsl-gr-1.0,oewn-2025		validated
master-port-noun	port	noun	B1	source-backed	cefrj-1.5	common	source-backed-rank	ngsl-gr-1.0	2106	cefrj-1.5,ngsl-gr-1.0,oewn-2025		validated
master-positive-adjective	positive	adjective	B1	source-backed	cefrj-1.5	very-common	source-backed-rank	ngsl-gr-1.0	909	cefrj-1.5,ngsl-gr-1.0,oewn-2025		validated
master-positively-adverb	positively	adverb	B1	source-backed	cefrj-1.5	less-common	source-backed-rank	ngsl-gr-1.0	3961	bsl-1.2,cefrj-1.5,nawl-1.2,ngsl-gr-1.0,oewn-2025		validated
master-possibility-noun	possibility	noun	B1	source-backed	cefrj-1.5	very-common	source-backed-rank	ngsl-gr-1.0	1001	cefrj-1.5,ngsl-gr-1.0,oewn-2025		validated
master-potential-noun	potential	noun	B1	source-backed	cefrj-1.5	very-common	source-backed-rank	ngsl-gr-1.0	880	cefrj-1.5,ngsl-gr-1.0,oewn-2025		validated
master-pound-noun	pound	noun	B1	source-backed	cefrj-1.5	very-common	source-backed-rank	ngsl-gr-1.0	1034	cefrj-1.5,ngsl-gr-1.0,oewn-2025		validated
master-powder-noun	powder	noun	B1	source-backed	cefrj-1.5	less-common	source-backed-rank	ngsl-gr-1.0	3750	cefrj-1.5,nawl-1.2,ngsl-gr-1.0,oewn-2025		validated
master-practical-adjective	practical	adjective	B1	source-backed	cefrj-1.5	common	source-backed-rank	ngsl-gr-1.0	1648	cefrj-1.5,ngsl-gr-1.0,oewn-2025		validated
master-precious-adjective	precious	adjective	B1	source-backed	cefrj-1.5	common	source-backed-rank	ngsl-gr-1.0	3218	bsl-1.2,cefrj-1.5,ngsl-gr-1.0,oewn-2025		validated
v105	predict	verb	B1	editorial-estimate		common	source-backed-rank	ngsl-gr-1.0	1611	cefrj-1.5,ngsl-gr-1.0,oewn-2025,vocabulary-core-2026-08		validated
master-prejudice-noun	prejudice	noun	B1	source-backed	cefrj-1.5	less-common	source-backed-rank	ngsl-gr-1.0	3678	bsl-1.2,cefrj-1.5,nawl-1.2,ngsl-gr-1.0,oewn-2025		validated
master-preparation-noun	preparation	noun	B1	source-backed	cefrj-1.5	common	source-backed-rank	ngsl-gr-1.0	2078	cefrj-1.5,ngsl-gr-1.0,oewn-2025		validated
master-prescription-noun	prescription	noun	B1	source-backed	cefrj-1.5	less-common	source-backed-rank	ngsl-gr-1.0	3751	bsl-1.2,cefrj-1.5,ngsl-gr-1.0,oewn-2025		validated
master-presence-noun	presence	noun	B1	source-backed	cefrj-1.5	very-common	source-backed-rank	ngsl-gr-1.0	1236	cefrj-1.5,ngsl-gr-1.0,oewn-2025		validated
master-present-adjective	present	adjective	B1	source-backed	cefrj-1.5	very-common	source-backed-rank	ngsl-gr-1.0	325	cefrj-1.5,ngsl-gr-1.0,oewn-2025		validated
master-presentation-noun	presentation	noun	B1	source-backed	cefrj-1.5	common	source-backed-rank	ngsl-gr-1.0	1731	cefrj-1.5,ngsl-gr-1.0,oewn-2025		validated
master-preserve-verb	preserve	verb	B1	source-backed	cefrj-1.5	common	source-backed-rank	ngsl-gr-1.0	1985	cefrj-1.5,ngsl-gr-1.0,oewn-2025		validated
master-president-noun	president	noun	B1	source-backed	cefrj-1.5	very-common	source-backed-rank	ngsl-gr-1.0	662	cefrj-1.5,ngsl-gr-1.0,oewn-2025		validated
master-press-noun	press	noun	B1	source-backed	cefrj-1.5	very-common	source-backed-rank	ngsl-gr-1.0	724	cefrj-1.5,ngsl-gr-1.0,oewn-2025		validated
master-press-verb	press	verb	B1	source-backed	cefrj-1.5	very-common	source-backed-rank	ngsl-gr-1.0	724	cefrj-1.5,ngsl-gr-1.0,oewn-2025		validated
b1-prevent	prevent	verb	B1	editorial-estimate		very-common	source-backed-rank	ngsl-gr-1.0	1076	cefrj-1.5,ngsl-gr-1.0,oewn-2025,vocabulary-core-2026-08		validated
master-previous-adjective	previous	adjective	B1	source-backed	cefrj-1.5	very-common	source-backed-rank	ngsl-gr-1.0	972	cefrj-1.5,ngsl-gr-1.0,oewn-2025		validated
master-primarily-adverb	primarily	adverb	B1	source-backed	cefrj-1.5	common	source-backed-rank	ngsl-gr-1.0	2004	cefrj-1.5,ngsl-gr-1.0,oewn-2025		validated
master-primitive-adjective	primitive	adjective	B1	source-backed	cefrj-1.5	less-common	source-backed-rank	ngsl-gr-1.0	4443	cefrj-1.5,nawl-1.2,ngsl-gr-1.0,oewn-2025		validated
master-principle-noun	principle	noun	B1	source-backed	cefrj-1.5	very-common	source-backed-rank	ngsl-gr-1.0	1121	cefrj-1.5,ngsl-gr-1.0,oewn-2025		validated
master-print-noun	print	noun	B1	source-backed	cefrj-1.5	very-common	source-backed-rank	ngsl-gr-1.0	1150	cefrj-1.5,ngsl-gr-1.0,oewn-2025		validated
b1-priority	priority	noun	B1	editorial-estimate		common	source-backed-rank	ngsl-gr-1.0	1843	cefrj-1.5,ngsl-gr-1.0,oewn-2025,vocabulary-core-2026-08		validated
master-prison-noun	prison	noun	B1	source-backed	cefrj-1.5	common	source-backed-rank	ngsl-gr-1.0	1512	cefrj-1.5,ngsl-gr-1.0,oewn-2025		validated
master-prisoner-noun	prisoner	noun	B1	source-backed	cefrj-1.5	common	source-backed-rank	ngsl-gr-1.0	2131	cefrj-1.5,ngsl-gr-1.0,oewn-2025		validated
master-privacy-noun	privacy	noun	B1	source-backed	cefrj-1.5	common	source-backed-rank	ngsl-gr-1.0	3290	bsl-1.2,cefrj-1.5,ngsl-gr-1.0,oewn-2025		validated
master-prize-noun	prize	noun	B1	source-backed	cefrj-1.5	common	source-backed-rank	ngsl-gr-1.0	2055	cefrj-1.5,ngsl-gr-1.0,oewn-2025		validated
master-proceed-verb	proceed	verb	B1	source-backed	cefrj-1.5	very-common	source-backed-rank	ngsl-gr-1.0	1417	cefrj-1.5,ngsl-gr-1.0,oewn-2025		validated
master-process-noun	process	noun	B1	source-backed	cefrj-1.5	very-common	source-backed-rank	ngsl-gr-1.0	336	cefrj-1.5,ngsl-gr-1.0,oewn-2025		validated
master-proclaim-verb	proclaim	verb	B1	source-backed	cefrj-1.5	less-common	source-backed-rank	ngsl-gr-1.0	4710	bsl-1.2,cefrj-1.5,ngsl-gr-1.0,oewn-2025		validated
master-producer-noun	producer	noun	B1	source-backed	cefrj-1.5	common	source-backed-rank	ngsl-gr-1.0	1854	cefrj-1.5,ngsl-gr-1.0,oewn-2025		validated
master-productive-adjective	productive	adjective	B1	source-backed	cefrj-1.5	common	source-backed-rank	ngsl-gr-1.0	3111	bsl-1.2,cefrj-1.5,nawl-1.2,ngsl-gr-1.0,oewn-2025		validated
master-professor-noun	professor	noun	B1	source-backed	cefrj-1.5	common	source-backed-rank	ngsl-gr-1.0	1812	cefrj-1.5,ngsl-gr-1.0,oewn-2025		validated
master-prominent-adjective	prominent	adjective	B1	source-backed	cefrj-1.5	common	source-backed-rank	ngsl-gr-1.0	2940	bsl-1.2,cefrj-1.5,nawl-1.2,ngsl-gr-1.0,oewn-2025		validated
master-promise-verb	promise	verb	B1	source-backed	cefrj-1.5	very-common	source-backed-rank	ngsl-gr-1.0	879	cefrj-1.5,ngsl-gr-1.0,oewn-2025		validated
master-promote-verb	promote	verb	B1	source-backed	cefrj-1.5	very-common	source-backed-rank	ngsl-gr-1.0	1342	cefrj-1.5,ngsl-gr-1.0,oewn-2025		validated
master-proof-noun	proof	noun	B1	source-backed	cefrj-1.5	common	source-backed-rank	ngsl-gr-1.0	2071	cefrj-1.5,ngsl-gr-1.0,oewn-2025		validated
master-properly-adverb	properly	adverb	B1	source-backed	cefrj-1.5	common	source-backed-rank	ngsl-gr-1.0	1776	cefrj-1.5,ngsl-gr-1.0,oewn-2025		validated
master-property-noun	property	noun	B1	source-backed	cefrj-1.5	very-common	source-backed-rank	ngsl-gr-1.0	971	cefrj-1.5,ngsl-gr-1.0,oewn-2025		validated
master-proportion-noun	proportion	noun	B1	source-backed	cefrj-1.5	common	source-backed-rank	ngsl-gr-1.0	1713	cefrj-1.5,ngsl-gr-1.0,oewn-2025		validated
master-proposal-noun	proposal	noun	B1	source-backed	cefrj-1.5	very-common	source-backed-rank	ngsl-gr-1.0	1030	cefrj-1.5,ngsl-gr-1.0,oewn-2025		validated
master-propose-verb	propose	verb	B1	source-backed	cefrj-1.5	very-common	source-backed-rank	ngsl-gr-1.0	927	cefrj-1.5,ngsl-gr-1.0,oewn-2025		validated
master-prosperity-noun	prosperity	noun	B1	source-backed	cefrj-1.5	less-common	source-backed-rank	ngsl-gr-1.0	4589	bsl-1.2,cefrj-1.5,ngsl-gr-1.0,oewn-2025		validated
master-protect-verb	protect	verb	B1	source-backed	cefrj-1.5	very-common	source-backed-rank	ngsl-gr-1.0	953	cefrj-1.5,ngsl-gr-1.0,oewn-2025		validated
master-protection-noun	protection	noun	B1	source-backed	cefrj-1.5	common	source-backed-rank	ngsl-gr-1.0	1613	cefrj-1.5,ngsl-gr-1.0,oewn-2025		validated
master-protest-noun	protest	noun	B1	source-backed	cefrj-1.5	common	source-backed-rank	ngsl-gr-1.0	1758	cefrj-1.5,ngsl-gr-1.0,oewn-2025		validated
master-proud-adjective	proud	adjective	B1	source-backed	cefrj-1.5	common	source-backed-rank	ngsl-gr-1.0	1940	cefrj-1.5,ngsl-gr-1.0,oewn-2025		validated
master-prove-verb	prove	verb	B1	source-backed	cefrj-1.5	very-common	source-backed-rank	ngsl-gr-1.0	798	cefrj-1.5,ngsl-gr-1.0,oewn-2025		validated
master-pub-noun	pub	noun	B1	source-backed	cefrj-1.5	common	source-backed-rank	ngsl-gr-1.0	2191	cefrj-1.5,ngsl-gr-1.0,oewn-2025		validated
master-publicly-adverb	publicly	adverb	B1	source-backed	cefrj-1.5	common	source-backed-rank	ngsl-gr-1.0	3177	bsl-1.2,cefrj-1.5,ngsl-gr-1.0,oewn-2025		validated
master-punish-verb	punish	verb	B1	source-backed	cefrj-1.5	common	source-backed-rank	ngsl-gr-1.0	3371	bsl-1.2,cefrj-1.5,nawl-1.2,ngsl-gr-1.0,oewn-2025		validated
master-punishment-noun	punishment	noun	B1	source-backed	cefrj-1.5	common	source-backed-rank	ngsl-gr-1.0	2991	bsl-1.2,cefrj-1.5,nawl-1.2,ngsl-gr-1.0,oewn-2025		validated
master-pupil-noun	pupil	noun	B1	source-backed	cefrj-1.5	common	source-backed-rank	ngsl-gr-1.0	2147	cefrj-1.5,ngsl-gr-1.0,oewn-2025		validated
master-push-noun	push	noun	B1	source-backed	cefrj-1.5	very-common	source-backed-rank	ngsl-gr-1.0	918	cefrj-1.5,ngsl-gr-1.0,oewn-2025		validated
master-puzzle-noun	puzzle	noun	B1	source-backed	cefrj-1.5	common	source-backed-rank	ngsl-gr-1.0	3014	bsl-1.2,cefrj-1.5,nawl-1.2,ngsl-gr-1.0,oewn-2025		validated
master-qualify-verb	qualify	verb	B1	source-backed	cefrj-1.5	common	source-backed-rank	ngsl-gr-1.0	1873	cefrj-1.5,ngsl-gr-1.0,oewn-2025		validated
master-quality-adjective	quality	adjective	B1	source-backed	cefrj-1.5	very-common	source-backed-rank	ngsl-gr-1.0	567	cefrj-1.5,ngsl-gr-1.0,oewn-2025		validated
master-questionnaire-noun	questionnaire	noun	B1	source-backed	cefrj-1.5	less-common	source-backed-rank	ngsl-gr-1.0	3686	bsl-1.2,cefrj-1.5,nawl-1.2,ngsl-gr-1.0,oewn-2025		validated
master-queue-noun	queue	noun	B1	source-backed	cefrj-1.5	common	source-backed-rank	ngsl-gr-1.0	3223	bsl-1.2,cefrj-1.5,ngsl-gr-1.0,oewn-2025		validated
master-race-noun	race	noun	B1	source-backed	cefrj-1.5	very-common	source-backed-rank	ngsl-gr-1.0	782	cefrj-1.5,ngsl-gr-1.0,oewn-2025		validated
master-race-verb	race	verb	B1	source-backed	cefrj-1.5	very-common	source-backed-rank	ngsl-gr-1.0	782	cefrj-1.5,ngsl-gr-1.0,oewn-2025		validated
master-radiation-noun	radiation	noun	B1	source-backed	cefrj-1.5	less-common	source-backed-rank	ngsl-gr-1.0	3615	cefrj-1.5,nawl-1.2,ngsl-gr-1.0,oewn-2025		validated
master-rage-noun	rage	noun	B1	source-backed	cefrj-1.5	common	source-backed-rank	ngsl-gr-1.0	3293	bsl-1.2,cefrj-1.5,ngsl-gr-1.0,oewn-2025		validated
master-railway-noun	railway	noun	B1	source-backed	cefrj-1.5	common	source-backed-rank	ngsl-gr-1.0	2885	bsl-1.2,cefrj-1.5,ngsl-gr-1.0,oewn-2025		validated
master-rank-noun	rank	noun	B1	source-backed	cefrj-1.5	common	source-backed-rank	ngsl-gr-1.0	1585	cefrj-1.5,ngsl-gr-1.0,oewn-2025		validated
master-rapidly-adverb	rapidly	adverb	B1	source-backed	cefrj-1.5	common	source-backed-rank	ngsl-gr-1.0	2018	cefrj-1.5,ngsl-gr-1.0,oewn-2025		validated
master-rare-adjective	rare	adjective	B1	source-backed	cefrj-1.5	common	source-backed-rank	ngsl-gr-1.0	1813	cefrj-1.5,ngsl-gr-1.0,oewn-2025		validated
master-rarely-adverb	rarely	adverb	B1	source-backed	cefrj-1.5	common	source-backed-rank	ngsl-gr-1.0	2199	cefrj-1.5,ngsl-gr-1.0,oewn-2025		validated
master-rational-adjective	rational	adjective	B1	source-backed	cefrj-1.5	common	source-backed-rank	ngsl-gr-1.0	3403	bsl-1.2,cefrj-1.5,nawl-1.2,ngsl-gr-1.0,oewn-2025		validated
master-reach-noun	reach	noun	B1	source-backed	cefrj-1.5	very-common	source-backed-rank	ngsl-gr-1.0	430	cefrj-1.5,ngsl-gr-1.0,oewn-2025		validated
master-realistic-adjective	realistic	adjective	B1	source-backed	cefrj-1.5	common	source-backed-rank	ngsl-gr-1.0	3267	bsl-1.2,cefrj-1.5,nawl-1.2,ngsl-gr-1.0,oewn-2025		validated
master-reality-noun	reality	noun	B1	source-backed	cefrj-1.5	very-common	source-backed-rank	ngsl-gr-1.0	1231	cefrj-1.5,ngsl-gr-1.0,oewn-2025		validated
master-reasonable-adjective	reasonable	adjective	B1	source-backed	cefrj-1.5	common	source-backed-rank	ngsl-gr-1.0	1619	cefrj-1.5,ngsl-gr-1.0,oewn-2025		validated
master-rebuild-verb	rebuild	verb	B1	source-backed	cefrj-1.5	common	source-backed-rank	ngsl-gr-1.0	3150	bsl-1.2,cefrj-1.5,ngsl-gr-1.0,oewn-2025		validated
master-recall-verb	recall	verb	B1	source-backed	cefrj-1.5	very-common	source-backed-rank	ngsl-gr-1.0	1438	cefrj-1.5,ngsl-gr-1.0,oewn-2025		validated
v106	recognize	verb	B1	editorial-estimate		very-common	source-backed-rank	ngsl-gr-1.0	783	ngsl-gr-1.0,vocabulary-core-2026-08		validated
master-record-noun	record	noun	B1	source-backed	cefrj-1.5	very-common	source-backed-rank	ngsl-gr-1.0	394	cefrj-1.5,ngsl-gr-1.0,oewn-2025		validated
b1-recover	recover	verb	B1	source-backed	cefrj-1.5	common	source-backed-rank	ngsl-gr-1.0	1681	cefrj-1.5,ngsl-gr-1.0,oewn-2025,vocabulary-core-2026-08		validated
master-reduce-verb	reduce	verb	B1	source-backed	cefrj-1.5	very-common	source-backed-rank	ngsl-gr-1.0	634	cefrj-1.5,ngsl-gr-1.0,oewn-2025		validated
master-reduction-noun	reduction	noun	B1	source-backed	cefrj-1.5	common	source-backed-rank	ngsl-gr-1.0	1737	cefrj-1.5,ngsl-gr-1.0,oewn-2025		validated
master-refusal-noun	refusal	noun	B1	source-backed	cefrj-1.5	less-common	source-backed-rank	ngsl-gr-1.0	4239	bsl-1.2,cefrj-1.5,ngsl-gr-1.0,oewn-2025		validated
master-refuse-noun	refuse	noun	B1	source-backed	cefrj-1.5	very-common	source-backed-rank	ngsl-gr-1.0	1259	cefrj-1.5,ngsl-gr-1.0,oewn-2025		validated
master-refuse-verb	refuse	verb	B1	source-backed	cefrj-1.5	very-common	source-backed-rank	ngsl-gr-1.0	1259	cefrj-1.5,ngsl-gr-1.0,oewn-2025		validated
master-regain-verb	regain	verb	B1	source-backed	cefrj-1.5	less-common	source-backed-rank	ngsl-gr-1.0	4352	bsl-1.2,cefrj-1.5,ngsl-gr-1.0,oewn-2025		validated
master-regard-verb	regard	verb	B1	source-backed	cefrj-1.5	very-common	source-backed-rank	ngsl-gr-1.0	561	cefrj-1.5,ngsl-gr-1.0,oewn-2025		validated
master-region-noun	region	noun	B1	source-backed	cefrj-1.5	very-common	source-backed-rank	ngsl-gr-1.0	727	cefrj-1.5,ngsl-gr-1.0,oewn-2025		validated
master-regional-adjective	regional	adjective	B1	source-backed	cefrj-1.5	common	source-backed-rank	ngsl-gr-1.0	1855	cefrj-1.5,ngsl-gr-1.0,oewn-2025		validated
master-register-verb	register	verb	B1	source-backed	cefrj-1.5	common	source-backed-rank	ngsl-gr-1.0	1550	cefrj-1.5,ngsl-gr-1.0,oewn-2025		validated
master-regulation-noun	regulation	noun	B1	source-backed	cefrj-1.5	common	source-backed-rank	ngsl-gr-1.0	1531	cefrj-1.5,ngsl-gr-1.0,oewn-2025		validated
master-reject-verb	reject	verb	B1	source-backed	cefrj-1.5	common	source-backed-rank	ngsl-gr-1.0	1753	cefrj-1.5,ngsl-gr-1.0,oewn-2025		validated
master-relate-verb	relate	verb	B1	source-backed	cefrj-1.5	very-common	source-backed-rank	ngsl-gr-1.0	692	cefrj-1.5,ngsl-gr-1.0,oewn-2025		validated
master-relation-noun	relation	noun	B1	source-backed	cefrj-1.5	very-common	source-backed-rank	ngsl-gr-1.0	883	cefrj-1.5,ngsl-gr-1.0,oewn-2025		validated
master-relative-adjective	relative	adjective	B1	source-backed	cefrj-1.5	very-common	source-backed-rank	ngsl-gr-1.0	1138	cefrj-1.5,ngsl-gr-1.0,oewn-2025		validated
master-relative-noun	relative	noun	B1	source-backed	cefrj-1.5	very-common	source-backed-rank	ngsl-gr-1.0	1138	cefrj-1.5,ngsl-gr-1.0,oewn-2025		validated
master-relatively-adverb	relatively	adverb	B1	source-backed	cefrj-1.5	very-common	source-backed-rank	ngsl-gr-1.0	1376	cefrj-1.5,ngsl-gr-1.0,oewn-2025		validated
master-release-verb	release	verb	B1	source-backed	cefrj-1.5	very-common	source-backed-rank	ngsl-gr-1.0	836	cefrj-1.5,ngsl-gr-1.0,oewn-2025		validated
master-religion-noun	religion	noun	B1	source-backed	cefrj-1.5	common	source-backed-rank	ngsl-gr-1.0	1751	cefrj-1.5,ngsl-gr-1.0,oewn-2025		validated
master-religious-adjective	religious	adjective	B1	source-backed	cefrj-1.5	very-common	source-backed-rank	ngsl-gr-1.0	1406	cefrj-1.5,ngsl-gr-1.0,oewn-2025		validated
master-rely-verb	rely	verb	B1	source-backed	cefrj-1.5	common	source-backed-rank	ngsl-gr-1.0	1634	cefrj-1.5,ngsl-gr-1.0,oewn-2025		validated
master-remainder-noun	remainder	noun	B1	source-backed	cefrj-1.5	less-common	source-backed-rank	ngsl-gr-1.0	4407	bsl-1.2,cefrj-1.5,ngsl-gr-1.0,oewn-2025		validated
master-remark-verb	remark	verb	B1	source-backed	cefrj-1.5	common	source-backed-rank	ngsl-gr-1.0	1810	cefrj-1.5,ngsl-gr-1.0,oewn-2025		validated
master-remarkable-adjective	remarkable	adjective	B1	source-backed	cefrj-1.5	common	source-backed-rank	ngsl-gr-1.0	2241	cefrj-1.5,ngsl-gr-1.0,oewn-2025		validated
master-remedy-noun	remedy	noun	B1	source-backed	cefrj-1.5	less-common	source-backed-rank	ngsl-gr-1.0	3611	bsl-1.2,cefrj-1.5,ngsl-gr-1.0,oewn-2025		validated
master-remove-verb	remove	verb	B1	source-backed	cefrj-1.5	very-common	source-backed-rank	ngsl-gr-1.0	1103	cefrj-1.5,ngsl-gr-1.0,oewn-2025		validated
master-renew-verb	renew	verb	B1	source-backed	cefrj-1.5	common	source-backed-rank	ngsl-gr-1.0	3105	bsl-1.2,cefrj-1.5,ngsl-gr-1.0,oewn-2025		validated
master-repeatedly-adverb	repeatedly	adverb	B1	source-backed	cefrj-1.5	less-common	source-backed-rank	ngsl-gr-1.0	3601	bsl-1.2,cefrj-1.5,ngsl-gr-1.0,oewn-2025		validated
master-reply-verb	reply	verb	B1	source-backed	cefrj-1.5	very-common	source-backed-rank	ngsl-gr-1.0	1158	cefrj-1.5,ngsl-gr-1.0,oewn-2025		validated
master-report-verb	report	verb	B1	source-backed	cefrj-1.5	very-common	source-backed-rank	ngsl-gr-1.0	216	cefrj-1.5,ngsl-gr-1.0,oewn-2025		validated
master-representative-noun	representative	noun	B1	source-backed	cefrj-1.5	common	source-backed-rank	ngsl-gr-1.0	1521	cefrj-1.5,ngsl-gr-1.0,oewn-2025		validated
master-reproduce-verb	reproduce	verb	B1	source-backed	cefrj-1.5	less-common	source-backed-rank	ngsl-gr-1.0	4021	bsl-1.2,cefrj-1.5,nawl-1.2,ngsl-gr-1.0,oewn-2025		validated
master-republic-noun	republic	noun	B1	source-backed	cefrj-1.5	less-common	source-backed-rank	ngsl-gr-1.0	3715	bsl-1.2,cefrj-1.5,nawl-1.2,ngsl-gr-1.0,oewn-2025		validated
master-reputation-noun	reputation	noun	B1	source-backed	cefrj-1.5	common	source-backed-rank	ngsl-gr-1.0	1909	cefrj-1.5,ngsl-gr-1.0,oewn-2025		validated
master-request-verb	request	verb	B1	source-backed	cefrj-1.5	very-common	source-backed-rank	ngsl-gr-1.0	1061	cefrj-1.5,ngsl-gr-1.0,oewn-2025		validated
v73	require	verb	B1	source-backed	cefrj-1.5	very-common	source-backed-rank	ngsl-gr-1.0	452	cefrj-1.5,ngsl-gr-1.0,oewn-2025,vocabulary-core-2026-08		validated
b1-requirement	requirement	noun	B1	source-backed	cefrj-1.5	very-common	source-backed-rank	ngsl-gr-1.0	1254	cefrj-1.5,ngsl-gr-1.0,oewn-2025,vocabulary-core-2026-08		validated
master-researcher-noun	researcher	noun	B1	source-backed	cefrj-1.5	common	source-backed-rank	ngsl-gr-1.0	1695	cefrj-1.5,ngsl-gr-1.0,oewn-2025		validated
master-resemble-verb	resemble	verb	B1	source-backed	cefrj-1.5	common	source-backed-rank	ngsl-gr-1.0	3405	bsl-1.2,cefrj-1.5,nawl-1.2,ngsl-gr-1.0,oewn-2025		validated
master-reservation-noun	reservation	noun	B1	source-backed	cefrj-1.5	common	source-backed-rank	ngsl-gr-1.0	3138	bsl-1.2,cefrj-1.5,ngsl-gr-1.0,oewn-2025		validated
master-reserve-noun	reserve	noun	B1	source-backed	cefrj-1.5	common	source-backed-rank	ngsl-gr-1.0	1738	cefrj-1.5,ngsl-gr-1.0,oewn-2025		validated
master-reserve-verb	reserve	verb	B1	source-backed	cefrj-1.5	common	source-backed-rank	ngsl-gr-1.0	1738	cefrj-1.5,ngsl-gr-1.0,oewn-2025		validated
master-resident-adjective	resident	adjective	B1	source-backed	cefrj-1.5	common	source-backed-rank	ngsl-gr-1.0	1589	cefrj-1.5,ngsl-gr-1.0,oewn-2025		validated
master-residential-adjective	residential	adjective	B1	source-backed	cefrj-1.5	common	source-backed-rank	ngsl-gr-1.0	3089	bsl-1.2,cefrj-1.5,ngsl-gr-1.0,oewn-2025		validated
v107	resolve	verb	B1	source-backed	cefrj-1.5	common	source-backed-rank	ngsl-gr-1.0	1827	cefrj-1.5,ngsl-gr-1.0,oewn-2025,vocabulary-core-2026-08		validated
b1-resource	resource	noun	B1	source-backed	cefrj-1.5	very-common	source-backed-rank	ngsl-gr-1.0	954	cefrj-1.5,ngsl-gr-1.0,oewn-2025,vocabulary-core-2026-08		validated
master-respect-noun	respect	noun	B1	source-backed	cefrj-1.5	very-common	source-backed-rank	ngsl-gr-1.0	731	cefrj-1.5,ngsl-gr-1.0,oewn-2025		validated
master-respect-verb	respect	verb	B1	source-backed	cefrj-1.5	very-common	source-backed-rank	ngsl-gr-1.0	731	cefrj-1.5,ngsl-gr-1.0,oewn-2025		validated
v74	respond	verb	B1	source-backed	cefrj-1.5	very-common	source-backed-rank	ngsl-gr-1.0	1166	cefrj-1.5,ngsl-gr-1.0,oewn-2025,vocabulary-core-2026-08		validated
master-responsibility-noun	responsibility	noun	B1	source-backed	cefrj-1.5	very-common	source-backed-rank	ngsl-gr-1.0	1012	cefrj-1.5,ngsl-gr-1.0,oewn-2025		validated
b1-responsible	responsible	adjective	B1	source-backed	cefrj-1.5	very-common	source-backed-rank	ngsl-gr-1.0	1132	cefrj-1.5,ngsl-gr-1.0,oewn-2025,vocabulary-core-2026-08		validated
master-rest-noun	rest	noun	B1	source-backed	cefrj-1.5	very-common	source-backed-rank	ngsl-gr-1.0	578	cefrj-1.5,ngsl-gr-1.0,oewn-2025		validated
master-rest-verb	rest	verb	B1	source-backed	cefrj-1.5	very-common	source-backed-rank	ngsl-gr-1.0	578	cefrj-1.5,ngsl-gr-1.0,oewn-2025		validated
master-restore-verb	restore	verb	B1	source-backed	cefrj-1.5	common	source-backed-rank	ngsl-gr-1.0	2150	cefrj-1.5,ngsl-gr-1.0,oewn-2025		validated
master-restrict-verb	restrict	verb	B1	source-backed	cefrj-1.5	common	source-backed-rank	ngsl-gr-1.0	2096	cefrj-1.5,ngsl-gr-1.0,oewn-2025		validated
master-result-verb	result	verb	B1	source-backed	cefrj-1.5	very-common	source-backed-rank	ngsl-gr-1.0	283	cefrj-1.5,ngsl-gr-1.0,oewn-2025		validated
master-retail-noun	retail	noun	B1	source-backed	cefrj-1.5	common	source-backed-rank	ngsl-gr-1.0	2087	cefrj-1.5,ngsl-gr-1.0,oewn-2025		validated
master-revision-noun	revision	noun	B1	source-backed	cefrj-1.5	less-common	source-backed-rank	ngsl-gr-1.0	4542	bsl-1.2,cefrj-1.5,ngsl-gr-1.0,oewn-2025		validated
master-reward-noun	reward	noun	B1	source-backed	cefrj-1.5	common	source-backed-rank	ngsl-gr-1.0	1798	cefrj-1.5,ngsl-gr-1.0,oewn-2025		validated
master-rewrite-verb	rewrite	verb	B1	source-backed	cefrj-1.5	less-common	source-backed-rank	ngsl-gr-1.0	4891	bsl-1.2,cefrj-1.5,nawl-1.2,ngsl-gr-1.0,oewn-2025		validated
master-ridiculous-adjective	ridiculous	adjective	B1	source-backed	cefrj-1.5	common	source-backed-rank	ngsl-gr-1.0	3442	cefrj-1.5,nawl-1.2,ngsl-gr-1.0,oewn-2025		validated
master-rise-noun	rise	noun	B1	source-backed	cefrj-1.5	very-common	source-backed-rank	ngsl-gr-1.0	512	cefrj-1.5,ngsl-gr-1.0,oewn-2025		validated
master-rise-verb	rise	verb	B1	source-backed	cefrj-1.5	very-common	source-backed-rank	ngsl-gr-1.0	512	cefrj-1.5,ngsl-gr-1.0,oewn-2025		validated
master-risk-noun	risk	noun	B1	source-backed	cefrj-1.5	very-common	source-backed-rank	ngsl-gr-1.0	595	cefrj-1.5,ngsl-gr-1.0,oewn-2025		validated
master-robot-noun	robot	noun	B1	source-backed	cefrj-1.5	less-common	source-backed-rank	ngsl-gr-1.0	3509	bsl-1.2,cefrj-1.5,nawl-1.2,ngsl-gr-1.0,oewn-2025		validated
master-room-verb	room	verb	B1	source-backed	cefrj-1.5	very-common	source-backed-rank	ngsl-gr-1.0	304	cefrj-1.5,ngsl-gr-1.0,oewn-2025		validated
master-round-adjective	round	adjective	B1	source-backed	cefrj-1.5	very-common	source-backed-rank	ngsl-gr-1.0	569	cefrj-1.5,ngsl-gr-1.0,oewn-2025		validated
master-round-noun	round	noun	B1	source-backed	cefrj-1.5	very-common	source-backed-rank	ngsl-gr-1.0	569	cefrj-1.5,ngsl-gr-1.0,oewn-2025		validated
master-routine-noun	routine	noun	B1	source-backed	cefrj-1.5	common	source-backed-rank	ngsl-gr-1.0	2154	cefrj-1.5,ngsl-gr-1.0,oewn-2025		validated
master-rush-verb	rush	verb	B1	source-backed	cefrj-1.5	common	source-backed-rank	ngsl-gr-1.0	1749	cefrj-1.5,ngsl-gr-1.0,oewn-2025		validated
master-safety-noun	safety	noun	B1	source-backed	cefrj-1.5	very-common	source-backed-rank	ngsl-gr-1.0	1361	cefrj-1.5,ngsl-gr-1.0,oewn-2025		validated
master-satellite-noun	satellite	noun	B1	source-backed	cefrj-1.5	common	source-backed-rank	ngsl-gr-1.0	2932	bsl-1.2,cefrj-1.5,ngsl-gr-1.0,oewn-2025		validated
master-satisfaction-noun	satisfaction	noun	B1	source-backed	cefrj-1.5	common	source-backed-rank	ngsl-gr-1.0	2183	cefrj-1.5,ngsl-gr-1.0,oewn-2025		validated
master-scare-verb	scare	verb	B1	source-backed	cefrj-1.5	common	source-backed-rank	ngsl-gr-1.0	2206	cefrj-1.5,ngsl-gr-1.0,oewn-2025		validated
master-scatter-verb	scatter	verb	B1	source-backed	cefrj-1.5	common	source-backed-rank	ngsl-gr-1.0	3031	bsl-1.2,cefrj-1.5,nawl-1.2,ngsl-gr-1.0,oewn-2025		validated
master-scholarship-noun	scholarship	noun	B1	source-backed	cefrj-1.5	common	source-backed-rank	ngsl-gr-1.0	3381	cefrj-1.5,nawl-1.2,ngsl-gr-1.0,oewn-2025		validated
master-score-noun	score	noun	B1	source-backed	cefrj-1.5	very-common	source-backed-rank	ngsl-gr-1.0	873	cefrj-1.5,ngsl-gr-1.0,oewn-2025		validated
master-score-verb	score	verb	B1	source-backed	cefrj-1.5	very-common	source-backed-rank	ngsl-gr-1.0	873	cefrj-1.5,ngsl-gr-1.0,oewn-2025		validated
master-scratch-noun	scratch	noun	B1	source-backed	cefrj-1.5	common	source-backed-rank	ngsl-gr-1.0	3285	bsl-1.2,cefrj-1.5,ngsl-gr-1.0,oewn-2025		validated
master-scream-verb	scream	verb	B1	source-backed	cefrj-1.5	common	source-backed-rank	ngsl-gr-1.0	2212	cefrj-1.5,ngsl-gr-1.0,oewn-2025		validated
master-search-verb	search	verb	B1	source-backed	cefrj-1.5	very-common	source-backed-rank	ngsl-gr-1.0	939	cefrj-1.5,ngsl-gr-1.0,oewn-2025		validated
master-season-noun	season	noun	B1	source-backed	cefrj-1.5	very-common	source-backed-rank	ngsl-gr-1.0	800	cefrj-1.5,ngsl-gr-1.0,oewn-2025		validated
master-second-adverb	second	adverb	B1	source-backed	cefrj-1.5	very-common	source-backed-rank	ngsl-gr-1.0	276	cefrj-1.5,ngsl-gr-1.0,oewn-2025		validated
master-secret-adjective	secret	adjective	B1	source-backed	cefrj-1.5	very-common	source-backed-rank	ngsl-gr-1.0	1326	cefrj-1.5,ngsl-gr-1.0,oewn-2025		validated
master-secure-adjective	secure	adjective	B1	source-backed	cefrj-1.5	common	source-backed-rank	ngsl-gr-1.0	1573	cefrj-1.5,ngsl-gr-1.0,oewn-2025		validated
master-security-noun	security	noun	B1	source-backed	cefrj-1.5	very-common	source-backed-rank	ngsl-gr-1.0	591	cefrj-1.5,ngsl-gr-1.0,oewn-2025		validated
master-seize-verb	seize	verb	B1	source-backed	cefrj-1.5	common	source-backed-rank	ngsl-gr-1.0	3033	bsl-1.2,cefrj-1.5,ngsl-gr-1.0,oewn-2025		validated
master-select-adjective	select	adjective	B1	source-backed	cefrj-1.5	very-common	source-backed-rank	ngsl-gr-1.0	1223	cefrj-1.5,ngsl-gr-1.0,oewn-2025		validated
master-selection-noun	selection	noun	B1	source-backed	cefrj-1.5	common	source-backed-rank	ngsl-gr-1.0	1697	cefrj-1.5,ngsl-gr-1.0,oewn-2025		validated
master-sensation-noun	sensation	noun	B1	source-backed	cefrj-1.5	less-common	source-backed-rank	ngsl-gr-1.0	3858	cefrj-1.5,nawl-1.2,ngsl-gr-1.0,oewn-2025		validated
master-separation-noun	separation	noun	B1	source-backed	cefrj-1.5	common	source-backed-rank	ngsl-gr-1.0	3359	bsl-1.2,cefrj-1.5,nawl-1.2,ngsl-gr-1.0,oewn-2025		validated
master-sequence-noun	sequence	noun	B1	source-backed	cefrj-1.5	common	source-backed-rank	ngsl-gr-1.0	2010	cefrj-1.5,ngsl-gr-1.0,oewn-2025		validated
master-series-noun	series	noun	B1	source-backed	cefrj-1.5	very-common	source-backed-rank	ngsl-gr-1.0	773	cefrj-1.5,ngsl-gr-1.0,oewn-2025		validated
master-serious-adjective	serious	adjective	B1	source-backed	cefrj-1.5	very-common	source-backed-rank	ngsl-gr-1.0	846	cefrj-1.5,ngsl-gr-1.0,oewn-2025		validated
master-service-noun	service	noun	B1	source-backed	cefrj-1.5	very-common	source-backed-rank	ngsl-gr-1.0	273	cefrj-1.5,ngsl-gr-1.0,oewn-2025		validated
master-service-verb	service	verb	B1	source-backed	cefrj-1.5	very-common	source-backed-rank	ngsl-gr-1.0	273	cefrj-1.5,ngsl-gr-1.0,oewn-2025		validated
master-session-noun	session	noun	B1	source-backed	cefrj-1.5	common	source-backed-rank	ngsl-gr-1.0	1608	cefrj-1.5,ngsl-gr-1.0,oewn-2025		validated
master-settle-verb	settle	verb	B1	source-backed	cefrj-1.5	very-common	source-backed-rank	ngsl-gr-1.0	1353	cefrj-1.5,ngsl-gr-1.0,oewn-2025		validated
master-settlement-noun	settlement	noun	B1	source-backed	cefrj-1.5	common	source-backed-rank	ngsl-gr-1.0	1816	cefrj-1.5,ngsl-gr-1.0,oewn-2025		validated
master-severe-adjective	severe	adjective	B1	source-backed	cefrj-1.5	common	source-backed-rank	ngsl-gr-1.0	1997	cefrj-1.5,ngsl-gr-1.0,oewn-2025		validated
master-severely-adverb	severely	adverb	B1	source-backed	cefrj-1.5	less-common	source-backed-rank	ngsl-gr-1.0	3928	bsl-1.2,cefrj-1.5,ngsl-gr-1.0,oewn-2025		validated
master-sex-noun	sex	noun	B1	source-backed	cefrj-1.5	very-common	source-backed-rank	ngsl-gr-1.0	1113	cefrj-1.5,ngsl-gr-1.0,oewn-2025		validated
master-shake-verb	shake	verb	B1	source-backed	cefrj-1.5	common	source-backed-rank	ngsl-gr-1.0	1524	cefrj-1.5,ngsl-gr-1.0,oewn-2025		validated
master-shallow-adjective	shallow	adjective	B1	source-backed	cefrj-1.5	less-common	source-backed-rank	ngsl-gr-1.0	4225	cefrj-1.5,nawl-1.2,ngsl-gr-1.0,oewn-2025		validated
master-shape-verb	shape	verb	B1	source-backed	cefrj-1.5	very-common	source-backed-rank	ngsl-gr-1.0	1036	cefrj-1.5,ngsl-gr-1.0,oewn-2025		validated
master-sharp-adjective	sharp	adjective	B1	source-backed	cefrj-1.5	common	source-backed-rank	ngsl-gr-1.0	1896	cefrj-1.5,ngsl-gr-1.0,oewn-2025		validated
master-sheer-adjective	sheer	adjective	B1	source-backed	cefrj-1.5	less-common	source-backed-rank	ngsl-gr-1.0	3545	bsl-1.2,cefrj-1.5,ngsl-gr-1.0,oewn-2025		validated
master-sheet-noun	sheet	noun	B1	source-backed	cefrj-1.5	common	source-backed-rank	ngsl-gr-1.0	1666	cefrj-1.5,ngsl-gr-1.0,oewn-2025		validated
master-shift-verb	shift	verb	B1	source-backed	cefrj-1.5	very-common	source-backed-rank	ngsl-gr-1.0	1240	cefrj-1.5,ngsl-gr-1.0,oewn-2025		validated
master-ship-verb	ship	verb	B1	source-backed	cefrj-1.5	very-common	source-backed-rank	ngsl-gr-1.0	1143	cefrj-1.5,ngsl-gr-1.0,oewn-2025		validated
master-shop-verb	shop	verb	B1	source-backed	cefrj-1.5	very-common	source-backed-rank	ngsl-gr-1.0	487	cefrj-1.5,ngsl-gr-1.0,oewn-2025		validated
master-shortage-noun	shortage	noun	B1	source-backed	cefrj-1.5	common	source-backed-rank	ngsl-gr-1.0	3292	bsl-1.2,cefrj-1.5,ngsl-gr-1.0,oewn-2025		validated
master-shortly-adverb	shortly	adverb	B1	source-backed	cefrj-1.5	common	source-backed-rank	ngsl-gr-1.0	2886	bsl-1.2,cefrj-1.5,nawl-1.2,ngsl-gr-1.0,oewn-2025		validated
master-shout-verb	shout	verb	B1	source-backed	cefrj-1.5	common	source-backed-rank	ngsl-gr-1.0	1716	cefrj-1.5,ngsl-gr-1.0,oewn-2025		validated
master-shut-adjective	shut	adjective	B1	source-backed	cefrj-1.5	common	source-backed-rank	ngsl-gr-1.0	1825	cefrj-1.5,ngsl-gr-1.0,oewn-2025		validated
master-sign-verb	sign	verb	B1	source-backed	cefrj-1.5	very-common	source-backed-rank	ngsl-gr-1.0	550	cefrj-1.5,ngsl-gr-1.0,oewn-2025		validated
master-signal-noun	signal	noun	B1	source-backed	cefrj-1.5	common	source-backed-rank	ngsl-gr-1.0	1552	cefrj-1.5,ngsl-gr-1.0,oewn-2025		validated
master-signature-noun	signature	noun	B1	source-backed	cefrj-1.5	common	source-backed-rank	ngsl-gr-1.0	3204	bsl-1.2,cefrj-1.5,ngsl-gr-1.0,oewn-2025		validated
master-similarity-noun	similarity	noun	B1	source-backed	cefrj-1.5	common	source-backed-rank	ngsl-gr-1.0	3454	bsl-1.2,cefrj-1.5,nawl-1.2,ngsl-gr-1.0,oewn-2025		validated
master-simplify-verb	simplify	verb	B1	source-backed	cefrj-1.5	less-common	source-backed-rank	ngsl-gr-1.0	4290	bsl-1.2,cefrj-1.5,nawl-1.2,ngsl-gr-1.0,oewn-2025		validated
master-simultaneously-adverb	simultaneously	adverb	B1	source-backed	cefrj-1.5	common	source-backed-rank	ngsl-gr-1.0	3280	bsl-1.2,cefrj-1.5,nawl-1.2,ngsl-gr-1.0,oewn-2025		validated
master-since-conjunction	since	conjunction	B1	source-backed	cefrj-1.5	very-common	source-backed-rank	ngsl-gr-1.0	241	cefrj-1.5,ngsl-gr-1.0		validated
master-single-noun	single	noun	B1	source-backed	cefrj-1.5	very-common	source-backed-rank	ngsl-gr-1.0	607	cefrj-1.5,ngsl-gr-1.0,oewn-2025		validated
master-sink-verb	sink	verb	B1	source-backed	cefrj-1.5	common	source-backed-rank	ngsl-gr-1.0	2155	cefrj-1.5,ngsl-gr-1.0,oewn-2025		validated
master-skin-noun	skin	noun	B1	source-backed	cefrj-1.5	common	source-backed-rank	ngsl-gr-1.0	1511	cefrj-1.5,ngsl-gr-1.0,oewn-2025		validated
master-slavery-noun	slavery	noun	B1	source-backed	cefrj-1.5	less-common	source-backed-rank	ngsl-gr-1.0	4044	cefrj-1.5,nawl-1.2,ngsl-gr-1.0,oewn-2025		validated
master-sleep-noun	sleep	noun	B1	source-backed	cefrj-1.5	very-common	source-backed-rank	ngsl-gr-1.0	877	cefrj-1.5,ngsl-gr-1.0,oewn-2025		validated
master-slight-noun	slight	noun	B1	source-backed	cefrj-1.5	common	source-backed-rank	ngsl-gr-1.0	2092	cefrj-1.5,ngsl-gr-1.0,oewn-2025		validated
master-slightly-adverb	slightly	adverb	B1	source-backed	cefrj-1.5	very-common	source-backed-rank	ngsl-gr-1.0	1162	cefrj-1.5,ngsl-gr-1.0,oewn-2025		validated
master-slip-noun	slip	noun	B1	source-backed	cefrj-1.5	common	source-backed-rank	ngsl-gr-1.0	1860	cefrj-1.5,ngsl-gr-1.0,oewn-2025		validated
master-slip-verb	slip	verb	B1	source-backed	cefrj-1.5	common	source-backed-rank	ngsl-gr-1.0	1860	cefrj-1.5,ngsl-gr-1.0,oewn-2025		validated
master-slot-noun	slot	noun	B1	source-backed	cefrj-1.5	common	source-backed-rank	ngsl-gr-1.0	3432	bsl-1.2,cefrj-1.5,nawl-1.2,ngsl-gr-1.0,oewn-2025		validated
master-slow-adverb	slow	adverb	B1	source-backed	cefrj-1.5	very-common	source-backed-rank	ngsl-gr-1.0	1168	cefrj-1.5,ngsl-gr-1.0,oewn-2025		validated
master-slow-verb	slow	verb	B1	source-backed	cefrj-1.5	very-common	source-backed-rank	ngsl-gr-1.0	1168	cefrj-1.5,ngsl-gr-1.0,oewn-2025		validated
master-smell-verb	smell	verb	B1	source-backed	cefrj-1.5	common	source-backed-rank	ngsl-gr-1.0	1841	cefrj-1.5,ngsl-gr-1.0,oewn-2025		validated
master-smile-verb	smile	verb	B1	source-backed	cefrj-1.5	very-common	source-backed-rank	ngsl-gr-1.0	1040	cefrj-1.5,ngsl-gr-1.0,oewn-2025		validated
master-socially-adverb	socially	adverb	B1	source-backed	cefrj-1.5	less-common	source-backed-rank	ngsl-gr-1.0	4087	bsl-1.2,cefrj-1.5,nawl-1.2,ngsl-gr-1.0,oewn-2025		validated
master-soil-verb	soil	verb	B1	source-backed	cefrj-1.5	common	source-backed-rank	ngsl-gr-1.0	2072	cefrj-1.5,ngsl-gr-1.0,oewn-2025		validated
master-solid-adjective	solid	adjective	B1	source-backed	cefrj-1.5	common	source-backed-rank	ngsl-gr-1.0	2100	cefrj-1.5,ngsl-gr-1.0,oewn-2025		validated
master-somehow-adverb	somehow	adverb	B1	source-backed	cefrj-1.5	common	source-backed-rank	ngsl-gr-1.0	1742	cefrj-1.5,ngsl-gr-1.0,oewn-2025		validated
master-sometime-adverb	sometime	adverb	B1	source-backed	cefrj-1.5	less-common	source-backed-rank	ngsl-gr-1.0	3633	bsl-1.2,cefrj-1.5,nawl-1.2,ngsl-gr-1.0,oewn-2025		validated
master-sometimes-adverb	sometimes	adverb	B1	source-backed	cefrj-1.5	very-common	source-backed-rank	ngsl-gr-1.0	494	cefrj-1.5,ngsl-gr-1.0,oewn-2025		validated
master-sort-noun	sort	noun	B1	source-backed	cefrj-1.5	very-common	source-backed-rank	ngsl-gr-1.0	366	cefrj-1.5,ngsl-gr-1.0,oewn-2025		validated
master-soul-noun	soul	noun	B1	source-backed	cefrj-1.5	common	source-backed-rank	ngsl-gr-1.0	1934	cefrj-1.5,ngsl-gr-1.0,oewn-2025		validated
master-southern-adjective	southern	adjective	B1	source-backed	cefrj-1.5	common	source-backed-rank	ngsl-gr-1.0	1970	cefrj-1.5,ngsl-gr-1.0,oewn-2025		validated
master-specialist-noun	specialist	noun	B1	source-backed	cefrj-1.5	common	source-backed-rank	ngsl-gr-1.0	2113	cefrj-1.5,ngsl-gr-1.0,oewn-2025		validated
master-spectacular-adjective	spectacular	adjective	B1	source-backed	cefrj-1.5	common	source-backed-rank	ngsl-gr-1.0	3500	bsl-1.2,cefrj-1.5,ngsl-gr-1.0,oewn-2025		validated
master-speed-verb	speed	verb	B1	source-backed	cefrj-1.5	very-common	source-backed-rank	ngsl-gr-1.0	1156	cefrj-1.5,ngsl-gr-1.0,oewn-2025		validated
master-sphere-noun	sphere	noun	B1	source-backed	cefrj-1.5	less-common	source-backed-rank	ngsl-gr-1.0	4026	cefrj-1.5,nawl-1.2,ngsl-gr-1.0,oewn-2025		validated
master-spirit-noun	spirit	noun	B1	source-backed	cefrj-1.5	very-common	source-backed-rank	ngsl-gr-1.0	1383	cefrj-1.5,ngsl-gr-1.0,oewn-2025		validated
master-split-noun	split	noun	B1	source-backed	cefrj-1.5	common	source-backed-rank	ngsl-gr-1.0	1986	cefrj-1.5,ngsl-gr-1.0,oewn-2025		validated
master-stable-adjective	stable	adjective	B1	source-backed	cefrj-1.5	common	source-backed-rank	ngsl-gr-1.0	1847	cefrj-1.5,ngsl-gr-1.0,oewn-2025		validated
master-stall-noun	stall	noun	B1	source-backed	cefrj-1.5	common	source-backed-rank	ngsl-gr-1.0	3142	bsl-1.2,cefrj-1.5,ngsl-gr-1.0,oewn-2025		validated
master-standard-noun	standard	noun	B1	source-backed	cefrj-1.5	very-common	source-backed-rank	ngsl-gr-1.0	597	cefrj-1.5,ngsl-gr-1.0,oewn-2025		validated
master-star-verb	star	verb	B1	source-backed	cefrj-1.5	very-common	source-backed-rank	ngsl-gr-1.0	896	cefrj-1.5,ngsl-gr-1.0,oewn-2025		validated
master-stare-verb	stare	verb	B1	source-backed	cefrj-1.5	common	source-backed-rank	ngsl-gr-1.0	2156	cefrj-1.5,ngsl-gr-1.0,oewn-2025		validated
master-status-noun	status	noun	B1	source-backed	cefrj-1.5	very-common	source-backed-rank	ngsl-gr-1.0	1177	cefrj-1.5,ngsl-gr-1.0,oewn-2025		validated
master-stay-noun	stay	noun	B1	source-backed	cefrj-1.5	very-common	source-backed-rank	ngsl-gr-1.0	395	cefrj-1.5,ngsl-gr-1.0,oewn-2025		validated
master-steadily-adverb	steadily	adverb	B1	source-backed	cefrj-1.5	common	source-backed-rank	ngsl-gr-1.0	3179	bsl-1.2,cefrj-1.5,ngsl-gr-1.0,oewn-2025		validated
master-steady-adjective	steady	adjective	B1	source-backed	cefrj-1.5	common	source-backed-rank	ngsl-gr-1.0	2161	cefrj-1.5,ngsl-gr-1.0,oewn-2025		validated
master-steam-noun	steam	noun	B1	source-backed	cefrj-1.5	common	source-backed-rank	ngsl-gr-1.0	3021	bsl-1.2,cefrj-1.5,ngsl-gr-1.0,oewn-2025		validated
master-steel-noun	steel	noun	B1	source-backed	cefrj-1.5	common	source-backed-rank	ngsl-gr-1.0	2222	cefrj-1.5,ngsl-gr-1.0,oewn-2025		validated
master-steep-adjective	steep	adjective	B1	source-backed	cefrj-1.5	common	source-backed-rank	ngsl-gr-1.0	3308	bsl-1.2,cefrj-1.5,ngsl-gr-1.0,oewn-2025		validated
master-stick-verb	stick	verb	B1	source-backed	cefrj-1.5	very-common	source-backed-rank	ngsl-gr-1.0	1060	cefrj-1.5,ngsl-gr-1.0,oewn-2025		validated
master-strain-noun	strain	noun	B1	source-backed	cefrj-1.5	common	source-backed-rank	ngsl-gr-1.0	2229	cefrj-1.5,ngsl-gr-1.0,oewn-2025		validated
master-strategic-adjective	strategic	adjective	B1	source-backed	cefrj-1.5	common	source-backed-rank	ngsl-gr-1.0	2882	bsl-1.2,cefrj-1.5,nawl-1.2,ngsl-gr-1.0,oewn-2025		validated
v75	strategy	noun	B1	editorial-estimate		very-common	source-backed-rank	ngsl-gr-1.0	889	cefrj-1.5,ngsl-gr-1.0,oewn-2025,vocabulary-core-2026-08		validated
master-stream-noun	stream	noun	B1	source-backed	cefrj-1.5	common	source-backed-rank	ngsl-gr-1.0	2198	cefrj-1.5,ngsl-gr-1.0,oewn-2025		validated
master-stream-verb	stream	verb	B1	source-backed	cefrj-1.5	common	source-backed-rank	ngsl-gr-1.0	2198	cefrj-1.5,ngsl-gr-1.0,oewn-2025		validated
master-stress-noun	stress	noun	B1	source-backed	cefrj-1.5	very-common	source-backed-rank	ngsl-gr-1.0	1094	cefrj-1.5,ngsl-gr-1.0,oewn-2025		validated
master-stretch-verb	stretch	verb	B1	source-backed	cefrj-1.5	common	source-backed-rank	ngsl-gr-1.0	1683	cefrj-1.5,ngsl-gr-1.0,oewn-2025		validated
master-strike-verb	strike	verb	B1	source-backed	cefrj-1.5	very-common	source-backed-rank	ngsl-gr-1.0	826	cefrj-1.5,ngsl-gr-1.0,oewn-2025		validated
master-stripe-noun	stripe	noun	B1	source-backed	cefrj-1.5	less-common	source-backed-rank	ngsl-gr-1.0	4587	cefrj-1.5,nawl-1.2,ngsl-gr-1.0,oewn-2025		validated
master-struggle-noun	struggle	noun	B1	source-backed	cefrj-1.5	very-common	source-backed-rank	ngsl-gr-1.0	1221	cefrj-1.5,ngsl-gr-1.0,oewn-2025		validated
master-studio-noun	studio	noun	B1	source-backed	cefrj-1.5	common	source-backed-rank	ngsl-gr-1.0	1533	cefrj-1.5,ngsl-gr-1.0,oewn-2025		validated
master-substantial-adjective	substantial	adjective	B1	source-backed	cefrj-1.5	common	source-backed-rank	ngsl-gr-1.0	1944	cefrj-1.5,ngsl-gr-1.0,oewn-2025		validated
master-suddenly-adverb	suddenly	adverb	B1	source-backed	cefrj-1.5	very-common	source-backed-rank	ngsl-gr-1.0	1047	cefrj-1.5,ngsl-gr-1.0,oewn-2025		validated
master-suffer-verb	suffer	verb	B1	source-backed	cefrj-1.5	very-common	source-backed-rank	ngsl-gr-1.0	888	cefrj-1.5,ngsl-gr-1.0,oewn-2025		validated
master-suicide-noun	suicide	noun	B1	source-backed	cefrj-1.5	common	source-backed-rank	ngsl-gr-1.0	2907	bsl-1.2,cefrj-1.5,nawl-1.2,ngsl-gr-1.0,oewn-2025		validated
master-summit-noun	summit	noun	B1	source-backed	cefrj-1.5	common	source-backed-rank	ngsl-gr-1.0	3018	bsl-1.2,cefrj-1.5,ngsl-gr-1.0,oewn-2025		validated
master-superior-adjective	superior	adjective	B1	source-backed	cefrj-1.5	common	source-backed-rank	ngsl-gr-1.0	2934	bsl-1.2,cefrj-1.5,nawl-1.2,ngsl-gr-1.0,oewn-2025		validated
master-supply-noun	supply	noun	B1	source-backed	cefrj-1.5	very-common	source-backed-rank	ngsl-gr-1.0	864	cefrj-1.5,ngsl-gr-1.0,oewn-2025		validated
b1-support	support	verb	B1	source-backed	cefrj-1.5	very-common	source-backed-rank	ngsl-gr-1.0	322	cefrj-1.5,ngsl-gr-1.0,oewn-2025,vocabulary-core-2026-08		validated
master-supporter-noun	supporter	noun	B1	source-backed	cefrj-1.5	common	source-backed-rank	ngsl-gr-1.0	2159	cefrj-1.5,ngsl-gr-1.0,oewn-2025		validated
master-suppose-verb	suppose	verb	B1	source-backed	cefrj-1.5	very-common	source-backed-rank	ngsl-gr-1.0	660	cefrj-1.5,ngsl-gr-1.0,oewn-2025		validated
master-supposedly-adverb	supposedly	adverb	B1	source-backed	cefrj-1.5	less-common	source-backed-rank	ngsl-gr-1.0	4293	bsl-1.2,cefrj-1.5,nawl-1.2,ngsl-gr-1.0,oewn-2025		validated
master-surely-adverb	surely	adverb	B1	source-backed	cefrj-1.5	common	source-backed-rank	ngsl-gr-1.0	1726	cefrj-1.5,ngsl-gr-1.0,oewn-2025		validated
master-surface-noun	surface	noun	B1	source-backed	cefrj-1.5	very-common	source-backed-rank	ngsl-gr-1.0	1211	cefrj-1.5,ngsl-gr-1.0,oewn-2025		validated
master-surgeon-noun	surgeon	noun	B1	source-backed	cefrj-1.5	less-common	source-backed-rank	ngsl-gr-1.0	3774	cefrj-1.5,nawl-1.2,ngsl-gr-1.0,oewn-2025		validated
master-surprise-verb	surprise	verb	B1	source-backed	cefrj-1.5	very-common	source-backed-rank	ngsl-gr-1.0	684	cefrj-1.5,ngsl-gr-1.0,oewn-2025		validated
master-surround-verb	surround	verb	B1	source-backed	cefrj-1.5	very-common	source-backed-rank	ngsl-gr-1.0	1224	cefrj-1.5,ngsl-gr-1.0,oewn-2025		validated
master-suspect-noun	suspect	noun	B1	source-backed	cefrj-1.5	common	source-backed-rank	ngsl-gr-1.0	1540	cefrj-1.5,ngsl-gr-1.0,oewn-2025		validated
master-suspicion-noun	suspicion	noun	B1	source-backed	cefrj-1.5	common	source-backed-rank	ngsl-gr-1.0	3477	bsl-1.2,cefrj-1.5,ngsl-gr-1.0,oewn-2025		validated
master-swell-verb	swell	verb	B1	source-backed	cefrj-1.5	common	source-backed-rank	ngsl-gr-1.0	3494	bsl-1.2,cefrj-1.5,nawl-1.2,ngsl-gr-1.0,oewn-2025		validated
master-switch-noun	switch	noun	B1	source-backed	cefrj-1.5	common	source-backed-rank	ngsl-gr-1.0	1513	cefrj-1.5,ngsl-gr-1.0,oewn-2025		validated
master-switch-verb	switch	verb	B1	source-backed	cefrj-1.5	common	source-backed-rank	ngsl-gr-1.0	1513	cefrj-1.5,ngsl-gr-1.0,oewn-2025		validated
master-sword-noun	sword	noun	B1	source-backed	cefrj-1.5	less-common	source-backed-rank	ngsl-gr-1.0	4422	cefrj-1.5,nawl-1.2,ngsl-gr-1.0,oewn-2025		validated
master-sympathy-noun	sympathy	noun	B1	source-backed	cefrj-1.5	common	source-backed-rank	ngsl-gr-1.0	3353	bsl-1.2,cefrj-1.5,ngsl-gr-1.0,oewn-2025		validated
master-symptom-noun	symptom	noun	B1	source-backed	cefrj-1.5	common	source-backed-rank	ngsl-gr-1.0	2121	cefrj-1.5,ngsl-gr-1.0,oewn-2025		validated
master-syndrome-noun	syndrome	noun	B1	source-backed	cefrj-1.5	less-common	source-backed-rank	ngsl-gr-1.0	4291	cefrj-1.5,nawl-1.2,ngsl-gr-1.0,oewn-2025		validated
master-systematic-adjective	systematic	adjective	B1	source-backed	cefrj-1.5	less-common	source-backed-rank	ngsl-gr-1.0	3970	bsl-1.2,cefrj-1.5,nawl-1.2,ngsl-gr-1.0,oewn-2025		validated
master-take-noun	take	noun	B1	source-backed	cefrj-1.5	very-common	source-backed-rank	ngsl-gr-1.0	109	cefrj-1.5,ngsl-gr-1.0,oewn-2025		validated
master-talk-noun	talk	noun	B1	source-backed	cefrj-1.5	very-common	source-backed-rank	ngsl-gr-1.0	187	cefrj-1.5,ngsl-gr-1.0,oewn-2025		validated
master-tank-noun	tank	noun	B1	source-backed	cefrj-1.5	common	source-backed-rank	ngsl-gr-1.0	2239	cefrj-1.5,ngsl-gr-1.0,oewn-2025		validated
master-tape-verb	tape	verb	B1	source-backed	cefrj-1.5	very-common	source-backed-rank	ngsl-gr-1.0	1421	cefrj-1.5,ngsl-gr-1.0,oewn-2025		validated
master-taste-noun	taste	noun	B1	source-backed	cefrj-1.5	very-common	source-backed-rank	ngsl-gr-1.0	1463	cefrj-1.5,ngsl-gr-1.0,oewn-2025		validated
master-taste-verb	taste	verb	B1	source-backed	cefrj-1.5	very-common	source-backed-rank	ngsl-gr-1.0	1463	cefrj-1.5,ngsl-gr-1.0,oewn-2025		validated
master-tax-noun	tax	noun	B1	source-backed	cefrj-1.5	very-common	source-backed-rank	ngsl-gr-1.0	837	cefrj-1.5,ngsl-gr-1.0,oewn-2025		validated
master-tear-verb	tear	verb	B1	source-backed	cefrj-1.5	common	source-backed-rank	ngsl-gr-1.0	1520	cefrj-1.5,ngsl-gr-1.0,oewn-2025		validated
master-technique-noun	technique	noun	B1	source-backed	cefrj-1.5	very-common	source-backed-rank	ngsl-gr-1.0	1274	cefrj-1.5,ngsl-gr-1.0,oewn-2025		validated
master-technological-adjective	technological	adjective	B1	source-backed	cefrj-1.5	common	source-backed-rank	ngsl-gr-1.0	3066	bsl-1.2,cefrj-1.5,ngsl-gr-1.0,oewn-2025		validated
v25	temporary	adjective	B1	source-backed	cefrj-1.5	common	source-backed-rank	ngsl-gr-1.0	1870	cefrj-1.5,ngsl-gr-1.0,oewn-2025,vocabulary-core-2026-08		validated
v108	temporary	noun	B1	editorial-estimate		common	source-backed-rank	ngsl-gr-1.0	1870	ngsl-gr-1.0,vocabulary-core-2026-08		validated
master-tempt-verb	tempt	verb	B1	source-backed	cefrj-1.5	common	source-backed-rank	ngsl-gr-1.0	3328	bsl-1.2,cefrj-1.5,nawl-1.2,ngsl-gr-1.0,oewn-2025		validated
b1-tend	tend	verb	B1	source-backed	cefrj-1.5	very-common	source-backed-rank	ngsl-gr-1.0	893	cefrj-1.5,ngsl-gr-1.0,oewn-2025,vocabulary-core-2026-08		validated
master-tense-adjective	tense	adjective	B1	source-backed	cefrj-1.5	common	source-backed-rank	ngsl-gr-1.0	3284	cefrj-1.5,nawl-1.2,ngsl-gr-1.0,oewn-2025		validated
master-tense-noun	tense	noun	B1	source-backed	cefrj-1.5	common	source-backed-rank	ngsl-gr-1.0	3284	cefrj-1.5,nawl-1.2,ngsl-gr-1.0,oewn-2025		validated
master-tension-noun	tension	noun	B1	source-backed	cefrj-1.5	common	source-backed-rank	ngsl-gr-1.0	2125	cefrj-1.5,ngsl-gr-1.0,oewn-2025		validated
master-term-noun	term	noun	B1	source-backed	cefrj-1.5	very-common	source-backed-rank	ngsl-gr-1.0	330	cefrj-1.5,ngsl-gr-1.0,oewn-2025		validated
master-terminal-noun	terminal	noun	B1	source-backed	cefrj-1.5	common	source-backed-rank	ngsl-gr-1.0	3164	bsl-1.2,cefrj-1.5,nawl-1.2,ngsl-gr-1.0,oewn-2025		validated
master-terribly-adverb	terribly	adverb	B1	source-backed	cefrj-1.5	less-common	source-backed-rank	ngsl-gr-1.0	3690	cefrj-1.5,nawl-1.2,ngsl-gr-1.0,oewn-2025		validated
master-terror-noun	terror	noun	B1	source-backed	cefrj-1.5	common	source-backed-rank	ngsl-gr-1.0	3112	bsl-1.2,cefrj-1.5,ngsl-gr-1.0,oewn-2025		validated
master-terrorism-noun	terrorism	noun	B1	source-backed	cefrj-1.5	common	source-backed-rank	ngsl-gr-1.0	3040	bsl-1.2,cefrj-1.5,ngsl-gr-1.0,oewn-2025		validated
master-terrorist-noun	terrorist	noun	B1	source-backed	cefrj-1.5	common	source-backed-rank	ngsl-gr-1.0	2171	cefrj-1.5,ngsl-gr-1.0,oewn-2025		validated
master-theft-noun	theft	noun	B1	source-backed	cefrj-1.5	less-common	source-backed-rank	ngsl-gr-1.0	4516	bsl-1.2,cefrj-1.5,ngsl-gr-1.0,oewn-2025		validated
master-theory-noun	theory	noun	B1	source-backed	cefrj-1.5	very-common	source-backed-rank	ngsl-gr-1.0	926	cefrj-1.5,ngsl-gr-1.0,oewn-2025		validated
master-thorough-adjective	thorough	adjective	B1	source-backed	cefrj-1.5	less-common	source-backed-rank	ngsl-gr-1.0	4348	bsl-1.2,cefrj-1.5,ngsl-gr-1.0,oewn-2025		validated
master-threat-noun	threat	noun	B1	source-backed	cefrj-1.5	very-common	source-backed-rank	ngsl-gr-1.0	1398	cefrj-1.5,ngsl-gr-1.0,oewn-2025		validated
master-through-adverb	through	adverb	B1	source-backed	cefrj-1.5	very-common	source-backed-rank	ngsl-gr-1.0	158	cefrj-1.5,ngsl-gr-1.0,oewn-2025		validated
master-throughout-preposition	throughout	preposition	B1	source-backed	cefrj-1.5	very-common	source-backed-rank	ngsl-gr-1.0	947	cefrj-1.5,ngsl-gr-1.0		validated
master-thumb-noun	thumb	noun	B1	source-backed	cefrj-1.5	less-common	source-backed-rank	ngsl-gr-1.0	3994	bsl-1.2,cefrj-1.5,nawl-1.2,ngsl-gr-1.0,oewn-2025		validated
master-thus-adverb	thus	adverb	B1	source-backed	cefrj-1.5	very-common	source-backed-rank	ngsl-gr-1.0	734	cefrj-1.5,ngsl-gr-1.0,oewn-2025		validated
master-tick-noun	tick	noun	B1	source-backed	cefrj-1.5	less-common	source-backed-rank	ngsl-gr-1.0	3773	bsl-1.2,cefrj-1.5,ngsl-gr-1.0,oewn-2025		validated
master-tick-verb	tick	verb	B1	source-backed	cefrj-1.5	less-common	source-backed-rank	ngsl-gr-1.0	3773	bsl-1.2,cefrj-1.5,ngsl-gr-1.0,oewn-2025		validated
master-tide-noun	tide	noun	B1	source-backed	cefrj-1.5	less-common	source-backed-rank	ngsl-gr-1.0	3643	bsl-1.2,cefrj-1.5,ngsl-gr-1.0,oewn-2025		validated
master-tie-verb	tie	verb	B1	source-backed	cefrj-1.5	common	source-backed-rank	ngsl-gr-1.0	1566	cefrj-1.5,ngsl-gr-1.0,oewn-2025		validated
master-tighten-verb	tighten	verb	B1	source-backed	cefrj-1.5	less-common	source-backed-rank	ngsl-gr-1.0	4037	bsl-1.2,cefrj-1.5,ngsl-gr-1.0,oewn-2025		validated
master-till-conjunction	till	conjunction	B1	source-backed	cefrj-1.5	common	source-backed-rank	ngsl-gr-1.0	1621	cefrj-1.5,ngsl-gr-1.0		validated
master-tiny-adjective	tiny	adjective	B1	source-backed	cefrj-1.5	common	source-backed-rank	ngsl-gr-1.0	1686	cefrj-1.5,ngsl-gr-1.0,oewn-2025		validated
master-tire-verb	tire	verb	B1	source-backed	cefrj-1.5	very-common	source-backed-rank	ngsl-gr-1.0	1381	cefrj-1.5,ngsl-gr-1.0,oewn-2025		validated
master-tobacco-noun	tobacco	noun	B1	source-backed	cefrj-1.5	common	source-backed-rank	ngsl-gr-1.0	3132	bsl-1.2,cefrj-1.5,ngsl-gr-1.0,oewn-2025		validated
master-top-adjective	top	adjective	B1	source-backed	cefrj-1.5	very-common	source-backed-rank	ngsl-gr-1.0	425	cefrj-1.5,ngsl-gr-1.0,oewn-2025		validated
master-total-adjective	total	adjective	B1	source-backed	cefrj-1.5	very-common	source-backed-rank	ngsl-gr-1.0	619	cefrj-1.5,ngsl-gr-1.0,oewn-2025		validated
master-total-noun	total	noun	B1	source-backed	cefrj-1.5	very-common	source-backed-rank	ngsl-gr-1.0	619	cefrj-1.5,ngsl-gr-1.0,oewn-2025		validated
master-totally-adverb	totally	adverb	B1	source-backed	cefrj-1.5	very-common	source-backed-rank	ngsl-gr-1.0	1446	cefrj-1.5,ngsl-gr-1.0,oewn-2025		validated
master-touch-verb	touch	verb	B1	source-backed	cefrj-1.5	very-common	source-backed-rank	ngsl-gr-1.0	884	cefrj-1.5,ngsl-gr-1.0,oewn-2025		validated
master-tour-verb	tour	verb	B1	source-backed	cefrj-1.5	very-common	source-backed-rank	ngsl-gr-1.0	1139	cefrj-1.5,ngsl-gr-1.0,oewn-2025		validated
master-trace-noun	trace	noun	B1	source-backed	cefrj-1.5	common	source-backed-rank	ngsl-gr-1.0	2097	cefrj-1.5,ngsl-gr-1.0,oewn-2025		validated
master-traditionally-adverb	traditionally	adverb	B1	source-backed	cefrj-1.5	common	source-backed-rank	ngsl-gr-1.0	3270	bsl-1.2,cefrj-1.5,nawl-1.2,ngsl-gr-1.0,oewn-2025		validated
master-trail-noun	trail	noun	B1	source-backed	cefrj-1.5	common	source-backed-rank	ngsl-gr-1.0	2233	cefrj-1.5,ngsl-gr-1.0,oewn-2025		validated
master-transfer-verb	transfer	verb	B1	source-backed	cefrj-1.5	very-common	source-backed-rank	ngsl-gr-1.0	1160	cefrj-1.5,ngsl-gr-1.0,oewn-2025		validated
master-transform-verb	transform	verb	B1	source-backed	cefrj-1.5	common	source-backed-rank	ngsl-gr-1.0	2224	cefrj-1.5,ngsl-gr-1.0,oewn-2025		validated
master-transformation-noun	transformation	noun	B1	source-backed	cefrj-1.5	common	source-backed-rank	ngsl-gr-1.0	3034	bsl-1.2,cefrj-1.5,nawl-1.2,ngsl-gr-1.0,oewn-2025		validated
master-transport-noun	transport	noun	B1	source-backed	cefrj-1.5	very-common	source-backed-rank	ngsl-gr-1.0	1260	cefrj-1.5,ngsl-gr-1.0,oewn-2025		validated
master-treat-noun	treat	noun	B1	source-backed	cefrj-1.5	very-common	source-backed-rank	ngsl-gr-1.0	854	cefrj-1.5,ngsl-gr-1.0,oewn-2025		validated
master-treatment-noun	treatment	noun	B1	source-backed	cefrj-1.5	very-common	source-backed-rank	ngsl-gr-1.0	861	cefrj-1.5,ngsl-gr-1.0,oewn-2025		validated
master-tremendous-adjective	tremendous	adjective	B1	source-backed	cefrj-1.5	common	source-backed-rank	ngsl-gr-1.0	2928	bsl-1.2,cefrj-1.5,nawl-1.2,ngsl-gr-1.0,oewn-2025		validated
master-trend-noun	trend	noun	B1	source-backed	cefrj-1.5	very-common	source-backed-rank	ngsl-gr-1.0	1331	cefrj-1.5,ngsl-gr-1.0,oewn-2025		validated
master-trim-noun	trim	noun	B1	source-backed	cefrj-1.5	less-common	source-backed-rank	ngsl-gr-1.0	3931	bsl-1.2,cefrj-1.5,ngsl-gr-1.0,oewn-2025		validated
master-triumph-noun	triumph	noun	B1	source-backed	cefrj-1.5	less-common	source-backed-rank	ngsl-gr-1.0	3541	bsl-1.2,cefrj-1.5,ngsl-gr-1.0,oewn-2025		validated
master-tropical-adjective	tropical	adjective	B1	source-backed	cefrj-1.5	less-common	source-backed-rank	ngsl-gr-1.0	3660	cefrj-1.5,nawl-1.2,ngsl-gr-1.0,oewn-2025		validated
master-trouble-verb	trouble	verb	B1	source-backed	cefrj-1.5	very-common	source-backed-rank	ngsl-gr-1.0	882	cefrj-1.5,ngsl-gr-1.0,oewn-2025		validated
master-tumble-verb	tumble	verb	B1	source-backed	cefrj-1.5	less-common	source-backed-rank	ngsl-gr-1.0	4773	bsl-1.2,cefrj-1.5,ngsl-gr-1.0,oewn-2025		validated
master-type-verb	type	verb	B1	source-backed	cefrj-1.5	very-common	source-backed-rank	ngsl-gr-1.0	439	cefrj-1.5,ngsl-gr-1.0,oewn-2025		validated
master-typical-adjective	typical	adjective	B1	source-backed	cefrj-1.5	common	source-backed-rank	ngsl-gr-1.0	1586	cefrj-1.5,ngsl-gr-1.0,oewn-2025		validated
master-typically-adverb	typically	adverb	B1	source-backed	cefrj-1.5	common	source-backed-rank	ngsl-gr-1.0	2056	cefrj-1.5,ngsl-gr-1.0,oewn-2025		validated
master-unable-adjective	unable	adjective	B1	source-backed	cefrj-1.5	common	source-backed-rank	ngsl-gr-1.0	1768	cefrj-1.5,ngsl-gr-1.0,oewn-2025		validated
master-unclear-adjective	unclear	adjective	B1	source-backed	cefrj-1.5	very-common	source-backed-rank	ngsl-gr-1.0	937	cefrj-1.5,ngsl-gr-1.0,oewn-2025		validated
master-uncover-verb	uncover	verb	B1	source-backed	cefrj-1.5	less-common	source-backed-rank	ngsl-gr-1.0	4331	bsl-1.2,cefrj-1.5,ngsl-gr-1.0,oewn-2025		validated
master-underneath-preposition	underneath	preposition	B1	source-backed	cefrj-1.5	less-common	source-backed-rank	ngsl-gr-1.0	3563	cefrj-1.5,nawl-1.2,ngsl-gr-1.0		validated
master-unemployed-adjective	unemployed	adjective	B1	source-backed	cefrj-1.5	common	source-backed-rank	ngsl-gr-1.0	3407	bsl-1.2,cefrj-1.5,nawl-1.2,ngsl-gr-1.0,oewn-2025		validated
master-unemployment-noun	unemployment	noun	B1	source-backed	cefrj-1.5	common	source-backed-rank	ngsl-gr-1.0	2034	cefrj-1.5,ngsl-gr-1.0,oewn-2025		validated
master-unexpected-adjective	unexpected	adjective	B1	source-backed	cefrj-1.5	common	source-backed-rank	ngsl-gr-1.0	3019	bsl-1.2,cefrj-1.5,ngsl-gr-1.0,oewn-2025		validated
master-unify-verb	unify	verb	B1	source-backed	cefrj-1.5	less-common	source-backed-rank	ngsl-gr-1.0	4377	bsl-1.2,cefrj-1.5,nawl-1.2,ngsl-gr-1.0,oewn-2025		validated
master-union-noun	union	noun	B1	source-backed	cefrj-1.5	very-common	source-backed-rank	ngsl-gr-1.0	1329	cefrj-1.5,ngsl-gr-1.0,oewn-2025		validated
master-unique-adjective	unique	adjective	B1	source-backed	cefrj-1.5	common	source-backed-rank	ngsl-gr-1.0	1644	cefrj-1.5,ngsl-gr-1.0,oewn-2025		validated
master-unless-conjunction	unless	conjunction	B1	source-backed	cefrj-1.5	very-common	source-backed-rank	ngsl-gr-1.0	1055	cefrj-1.5,ngsl-gr-1.0		validated
master-unlikely-adjective	unlikely	adjective	B1	source-backed	cefrj-1.5	common	source-backed-rank	ngsl-gr-1.0	2089	cefrj-1.5,ngsl-gr-1.0,oewn-2025		validated
master-until-conjunction	until	conjunction	B1	source-backed	cefrj-1.5	very-common	source-backed-rank	ngsl-gr-1.0	305	cefrj-1.5,ngsl-gr-1.0		validated
master-unusually-adverb	unusually	adverb	B1	source-backed	cefrj-1.5	less-common	source-backed-rank	ngsl-gr-1.0	4980	bsl-1.2,cefrj-1.5,ngsl-gr-1.0,oewn-2025		validated
master-update-verb	update	verb	B1	source-backed	cefrj-1.5	common	source-backed-rank	ngsl-gr-1.0	1983	cefrj-1.5,ngsl-gr-1.0,oewn-2025		validated
master-upper-adjective	upper	adjective	B1	source-backed	cefrj-1.5	common	source-backed-rank	ngsl-gr-1.0	1978	cefrj-1.5,ngsl-gr-1.0,oewn-2025		validated
master-upward-adjective	upward	adjective	B1	source-backed	cefrj-1.5	common	source-backed-rank	ngsl-gr-1.0	2939	bsl-1.2,cefrj-1.5,nawl-1.2,ngsl-gr-1.0,oewn-2025		validated
master-urge-noun	urge	noun	B1	source-backed	cefrj-1.5	common	source-backed-rank	ngsl-gr-1.0	1836	cefrj-1.5,ngsl-gr-1.0,oewn-2025		validated
master-urgent-adjective	urgent	adjective	B1	source-backed	cefrj-1.5	common	source-backed-rank	ngsl-gr-1.0	3119	bsl-1.2,cefrj-1.5,ngsl-gr-1.0,oewn-2025		validated
master-usage-noun	usage	noun	B1	source-backed	cefrj-1.5	less-common	source-backed-rank	ngsl-gr-1.0	3542	bsl-1.2,cefrj-1.5,nawl-1.2,ngsl-gr-1.0,oewn-2025		validated
master-vague-adjective	vague	adjective	B1	source-backed	cefrj-1.5	less-common	source-backed-rank	ngsl-gr-1.0	4129	bsl-1.2,cefrj-1.5,nawl-1.2,ngsl-gr-1.0,oewn-2025		validated
master-valuable-adjective	valuable	adjective	B1	source-backed	cefrj-1.5	common	source-backed-rank	ngsl-gr-1.0	1948	cefrj-1.5,ngsl-gr-1.0,oewn-2025		validated
master-variety-noun	variety	noun	B1	source-backed	cefrj-1.5	very-common	source-backed-rank	ngsl-gr-1.0	1004	cefrj-1.5,ngsl-gr-1.0,oewn-2025		validated
master-various-adjective	various	adjective	B1	source-backed	cefrj-1.5	very-common	source-backed-rank	ngsl-gr-1.0	732	cefrj-1.5,ngsl-gr-1.0,oewn-2025		validated
master-vast-adjective	vast	adjective	B1	source-backed	cefrj-1.5	common	source-backed-rank	ngsl-gr-1.0	1852	cefrj-1.5,ngsl-gr-1.0,oewn-2025		validated
master-vehicle-noun	vehicle	noun	B1	source-backed	cefrj-1.5	very-common	source-backed-rank	ngsl-gr-1.0	1458	cefrj-1.5,ngsl-gr-1.0,oewn-2025		validated
master-vein-noun	vein	noun	B1	source-backed	cefrj-1.5	less-common	source-backed-rank	ngsl-gr-1.0	4094	cefrj-1.5,nawl-1.2,ngsl-gr-1.0,oewn-2025		validated
master-via-preposition	via	preposition	B1	source-backed	cefrj-1.5	common	source-backed-rank	ngsl-gr-1.0	1784	cefrj-1.5,ngsl-gr-1.0		validated
master-victim-noun	victim	noun	B1	source-backed	cefrj-1.5	common	source-backed-rank	ngsl-gr-1.0	1570	cefrj-1.5,ngsl-gr-1.0,oewn-2025		validated
master-victory-noun	victory	noun	B1	source-backed	cefrj-1.5	common	source-backed-rank	ngsl-gr-1.0	1826	cefrj-1.5,ngsl-gr-1.0,oewn-2025		validated
master-view-verb	view	verb	B1	source-backed	cefrj-1.5	very-common	source-backed-rank	ngsl-gr-1.0	343	cefrj-1.5,ngsl-gr-1.0,oewn-2025		validated
master-violence-noun	violence	noun	B1	source-backed	cefrj-1.5	very-common	source-backed-rank	ngsl-gr-1.0	1486	cefrj-1.5,ngsl-gr-1.0,oewn-2025		validated
master-virtual-adjective	virtual	adjective	B1	source-backed	cefrj-1.5	less-common	source-backed-rank	ngsl-gr-1.0	3679	bsl-1.2,cefrj-1.5,ngsl-gr-1.0,oewn-2025		validated
master-vision-noun	vision	noun	B1	source-backed	cefrj-1.5	common	source-backed-rank	ngsl-gr-1.0	1701	cefrj-1.5,ngsl-gr-1.0,oewn-2025		validated
master-volume-noun	volume	noun	B1	source-backed	cefrj-1.5	very-common	source-backed-rank	ngsl-gr-1.0	1414	cefrj-1.5,ngsl-gr-1.0,oewn-2025		validated
master-volunteer-verb	volunteer	verb	B1	source-backed	cefrj-1.5	common	source-backed-rank	ngsl-gr-1.0	2012	cefrj-1.5,ngsl-gr-1.0,oewn-2025		validated
master-vote-verb	vote	verb	B1	source-backed	cefrj-1.5	very-common	source-backed-rank	ngsl-gr-1.0	598	cefrj-1.5,ngsl-gr-1.0,oewn-2025		validated
master-vowel-noun	vowel	noun	B1	source-backed	cefrj-1.5	less-common	source-backed-rank	ngsl-gr-1.0	4838	cefrj-1.5,nawl-1.2,ngsl-gr-1.0,oewn-2025		validated
master-wake-verb	wake	verb	B1	source-backed	cefrj-1.5	common	source-backed-rank	ngsl-gr-1.0	1558	cefrj-1.5,ngsl-gr-1.0,oewn-2025		validated
master-warm-verb	warm	verb	B1	source-backed	cefrj-1.5	very-common	source-backed-rank	ngsl-gr-1.0	1071	cefrj-1.5,ngsl-gr-1.0,oewn-2025		validated
master-warn-verb	warn	verb	B1	source-backed	cefrj-1.5	very-common	source-backed-rank	ngsl-gr-1.0	1182	cefrj-1.5,ngsl-gr-1.0,oewn-2025		validated
master-warranty-noun	warranty	noun	B1	source-backed	cefrj-1.5	less-common	source-backed-rank	ngsl-gr-1.0	4245	bsl-1.2,cefrj-1.5,ngsl-gr-1.0,oewn-2025		validated
master-waste-adjective	waste	adjective	B1	source-backed	cefrj-1.5	very-common	source-backed-rank	ngsl-gr-1.0	1296	cefrj-1.5,ngsl-gr-1.0,oewn-2025		validated
master-waste-noun	waste	noun	B1	source-backed	cefrj-1.5	very-common	source-backed-rank	ngsl-gr-1.0	1296	cefrj-1.5,ngsl-gr-1.0,oewn-2025		validated
master-waste-verb	waste	verb	B1	source-backed	cefrj-1.5	very-common	source-backed-rank	ngsl-gr-1.0	1296	cefrj-1.5,ngsl-gr-1.0,oewn-2025		validated
master-wave-verb	wave	verb	B1	source-backed	cefrj-1.5	very-common	source-backed-rank	ngsl-gr-1.0	1208	cefrj-1.5,ngsl-gr-1.0,oewn-2025		validated
master-weapon-noun	weapon	noun	B1	source-backed	cefrj-1.5	very-common	source-backed-rank	ngsl-gr-1.0	1375	cefrj-1.5,ngsl-gr-1.0,oewn-2025		validated
master-welcome-adjective	welcome	adjective	B1	source-backed	cefrj-1.5	very-common	source-backed-rank	ngsl-gr-1.0	1039	cefrj-1.5,ngsl-gr-1.0,oewn-2025		validated
master-whatever-pronoun	whatever	pronoun	B1	source-backed	cefrj-1.5	very-common	source-backed-rank	ngsl-gr-1.0	725	cefrj-1.5,ngsl-gr-1.0		validated
master-whenever-conjunction	whenever	conjunction	B1	source-backed	cefrj-1.5	common	source-backed-rank	ngsl-gr-1.0	2177	cefrj-1.5,ngsl-gr-1.0		validated
master-whether-conjunction	whether	conjunction	B1	source-backed	cefrj-1.5	very-common	source-backed-rank	ngsl-gr-1.0	323	cefrj-1.5,ngsl-gr-1.0		validated
master-while-noun	while	noun	B1	source-backed	cefrj-1.5	very-common	source-backed-rank	ngsl-gr-1.0	205	cefrj-1.5,ngsl-gr-1.0,oewn-2025		validated
master-whoever-pronoun	whoever	pronoun	B1	source-backed	cefrj-1.5	less-common	source-backed-rank	ngsl-gr-1.0	3582	cefrj-1.5,nawl-1.2,ngsl-gr-1.0		validated
master-whole-noun	whole	noun	B1	source-backed	cefrj-1.5	very-common	source-backed-rank	ngsl-gr-1.0	360	cefrj-1.5,ngsl-gr-1.0,oewn-2025		validated
master-widespread-adjective	widespread	adjective	B1	source-backed	cefrj-1.5	common	source-backed-rank	ngsl-gr-1.0	2957	bsl-1.2,cefrj-1.5,nawl-1.2,ngsl-gr-1.0,oewn-2025		validated
master-willingness-noun	willingness	noun	B1	source-backed	cefrj-1.5	less-common	source-backed-rank	ngsl-gr-1.0	3883	bsl-1.2,cefrj-1.5,ngsl-gr-1.0,oewn-2025		validated
master-wing-noun	wing	noun	B1	source-backed	cefrj-1.5	common	source-backed-rank	ngsl-gr-1.0	2059	cefrj-1.5,ngsl-gr-1.0,oewn-2025		validated
master-wire-noun	wire	noun	B1	source-backed	cefrj-1.5	common	source-backed-rank	ngsl-gr-1.0	2088	cefrj-1.5,ngsl-gr-1.0,oewn-2025		validated
master-witness-verb	witness	verb	B1	source-backed	cefrj-1.5	common	source-backed-rank	ngsl-gr-1.0	1692	cefrj-1.5,ngsl-gr-1.0,oewn-2025		validated
master-wonder-noun	wonder	noun	B1	source-backed	cefrj-1.5	very-common	source-backed-rank	ngsl-gr-1.0	715	cefrj-1.5,ngsl-gr-1.0,oewn-2025		validated
master-workplace-noun	workplace	noun	B1	source-backed	cefrj-1.5	less-common	source-backed-rank	ngsl-gr-1.0	3550	bsl-1.2,cefrj-1.5,ngsl-gr-1.0,oewn-2025		validated
master-workshop-noun	workshop	noun	B1	source-backed	cefrj-1.5	common	source-backed-rank	ngsl-gr-1.0	2912	bsl-1.2,cefrj-1.5,nawl-1.2,ngsl-gr-1.0,oewn-2025		validated
master-worth-adjective	worth	adjective	B1	source-backed	cefrj-1.5	very-common	source-backed-rank	ngsl-gr-1.0	866	cefrj-1.5,ngsl-gr-1.0,oewn-2025		validated
master-worthwhile-adjective	worthwhile	adjective	B1	source-backed	cefrj-1.5	less-common	source-backed-rank	ngsl-gr-1.0	4266	bsl-1.2,cefrj-1.5,ngsl-gr-1.0,oewn-2025		validated
master-worthy-adjective	worthy	adjective	B1	source-backed	cefrj-1.5	less-common	source-backed-rank	ngsl-gr-1.0	3697	bsl-1.2,cefrj-1.5,ngsl-gr-1.0,oewn-2025		validated
master-wound-noun	wound	noun	B1	source-backed	cefrj-1.5	common	source-backed-rank	ngsl-gr-1.0	2225	cefrj-1.5,ngsl-gr-1.0,oewn-2025		validated
master-yet-conjunction	yet	conjunction	B1	source-backed	cefrj-1.5	very-common	source-backed-rank	ngsl-gr-1.0	361	cefrj-1.5,ngsl-gr-1.0		validated
master-abandoned-adjective	abandoned	adjective	B2	source-backed	cefrj-1.5	less-common	editorial-band			cefrj-1.5,oewn-2025		validated
master-abnormally-adverb	abnormally	adverb	B2	source-backed	cefrj-1.5	less-common	editorial-band			cefrj-1.5,oewn-2025		validated
master-abolish-verb	abolish	verb	B2	source-backed	cefrj-1.5	less-common	source-backed-rank	ngsl-gr-1.0	4678	bsl-1.2,cefrj-1.5,ngsl-gr-1.0,oewn-2025		validated
master-aboriginal-adjective	aboriginal	adjective	B2	source-backed	cefrj-1.5	less-common	editorial-band			cefrj-1.5,oewn-2025		validated
master-abruptly-adverb	abruptly	adverb	B2	source-backed	cefrj-1.5	less-common	editorial-band			cefrj-1.5,oewn-2025		validated
master-absentee-noun	absentee	noun	B2	source-backed	cefrj-1.5	less-common	editorial-band			cefrj-1.5,oewn-2025		validated
master-absurd-adjective	absurd	adjective	B2	source-backed	cefrj-1.5	less-common	source-backed-rank	ngsl-gr-1.0	4950	cefrj-1.5,ngsl-gr-1.0,oewn-2025		validated
master-abuse-noun	abuse	noun	B2	source-backed	cefrj-1.5	common	source-backed-rank	ngsl-gr-1.0	1603	cefrj-1.5,ngsl-gr-1.0,oewn-2025		validated
master-access-verb	access	verb	B2	source-backed	cefrj-1.5	very-common	source-backed-rank	ngsl-gr-1.0	852	cefrj-1.5,ngsl-gr-1.0,oewn-2025		validated
master-accessibility-noun	accessibility	noun	B2	source-backed	cefrj-1.5	less-common	editorial-band			cefrj-1.5,oewn-2025		validated
master-accommodation-noun	accommodation	noun	B2	source-backed	cefrj-1.5	common	source-backed-rank	ngsl-gr-1.0	1953	cefrj-1.5,ngsl-gr-1.0,oewn-2025		validated
master-accordingly-adverb	accordingly	adverb	B2	source-backed	cefrj-1.5	common	source-backed-rank	ngsl-gr-1.0	3428	bsl-1.2,cefrj-1.5,ngsl-gr-1.0,oewn-2025		validated
master-accumulate-verb	accumulate	verb	B2	source-backed	cefrj-1.5	less-common	source-backed-rank	ngsl-gr-1.0	3766	bsl-1.2,cefrj-1.5,nawl-1.2,ngsl-gr-1.0,oewn-2025		validated
v27	accurate	adjective	B2	editorial-estimate		common	source-backed-rank	ngsl-gr-1.0	2333	cefrj-1.5,ngsl-gr-1.0,oewn-2025,vocabulary-core-2026-08		validated
master-accusation-noun	accusation	noun	B2	source-backed	cefrj-1.5	less-common	source-backed-rank	ngsl-gr-1.0	4528	bsl-1.2,cefrj-1.5,ngsl-gr-1.0,oewn-2025		validated
master-ache-verb	ache	verb	B2	source-backed	cefrj-1.5	less-common	source-backed-rank	ngsl-gr-1.0	4824	cefrj-1.5,ngsl-gr-1.0,oewn-2025		validated
master-achievable-adjective	achievable	adjective	B2	source-backed	cefrj-1.5	less-common	editorial-band			cefrj-1.5,oewn-2025		validated
master-acid-noun	acid	noun	B2	source-backed	cefrj-1.5	common	source-backed-rank	ngsl-gr-1.0	2877	bsl-1.2,cefrj-1.5,nawl-1.2,ngsl-gr-1.0,oewn-2025		validated
v1	acquire	verb	B2	editorial-estimate		common	source-backed-rank	ngsl-gr-1.0	1514	cefrj-1.5,ngsl-gr-1.0,oewn-2025,vocabulary-core-2026-08		validated
master-acquisition-noun	acquisition	noun	B2	source-backed	cefrj-1.5	common	source-backed-rank	ngsl-gr-1.0	2060	cefrj-1.5,ngsl-gr-1.0,oewn-2025		validated
master-actively-adverb	actively	adverb	B2	source-backed	cefrj-1.5	less-common	source-backed-rank	ngsl-gr-1.0	3687	bsl-1.2,cefrj-1.5,nawl-1.2,ngsl-gr-1.0,oewn-2025		validated
master-actual-adjective	actual	adjective	B2	source-backed	cefrj-1.5	very-common	source-backed-rank	ngsl-gr-1.0	1385	cefrj-1.5,ngsl-gr-1.0,oewn-2025		validated
master-acute-adjective	acute	adjective	B2	source-backed	cefrj-1.5	less-common	source-backed-rank	ngsl-gr-1.0	3866	cefrj-1.5,nawl-1.2,ngsl-gr-1.0,oewn-2025		validated
master-adaptable-adjective	adaptable	adjective	B2	source-backed	cefrj-1.5	less-common	editorial-band			cefrj-1.5,oewn-2025		validated
master-addict-noun	addict	noun	B2	source-backed	cefrj-1.5	less-common	source-backed-rank	ngsl-gr-1.0	4484	cefrj-1.5,ngsl-gr-1.0,oewn-2025		validated
master-addicted-adjective	addicted	adjective	B2	source-backed	cefrj-1.5	less-common	editorial-band			cefrj-1.5,oewn-2025		validated
master-addiction-noun	addiction	noun	B2	source-backed	cefrj-1.5	less-common	source-backed-rank	ngsl-gr-1.0	5000	cefrj-1.5,ngsl-gr-1.0,oewn-2025		validated
master-additionally-adverb	additionally	adverb	B2	source-backed	cefrj-1.5	less-common	source-backed-rank	ngsl-gr-1.0	4425	cefrj-1.5,ngsl-gr-1.0,oewn-2025		validated
master-adequate-adjective	adequate	adjective	B2	source-backed	cefrj-1.5	common	source-backed-rank	ngsl-gr-1.0	2408	cefrj-1.5,ngsl-gr-1.0,oewn-2025		validated
master-adequately-adverb	adequately	adverb	B2	source-backed	cefrj-1.5	less-common	source-backed-rank	ngsl-gr-1.0	4771	bsl-1.2,cefrj-1.5,ngsl-gr-1.0,oewn-2025		validated
master-adjustment-noun	adjustment	noun	B2	source-backed	cefrj-1.5	common	source-backed-rank	ngsl-gr-1.0	2767	cefrj-1.5,ngsl-gr-1.0,oewn-2025		validated
master-administrative-adjective	administrative	adjective	B2	source-backed	cefrj-1.5	common	source-backed-rank	ngsl-gr-1.0	2987	bsl-1.2,cefrj-1.5,ngsl-gr-1.0,oewn-2025		validated
master-admirable-adjective	admirable	adjective	B2	source-backed	cefrj-1.5	less-common	editorial-band			cefrj-1.5,oewn-2025		validated
master-admiringly-adverb	admiringly	adverb	B2	source-backed	cefrj-1.5	less-common	editorial-band			cefrj-1.5,oewn-2025		validated
master-admittedly-adverb	admittedly	adverb	B2	source-backed	cefrj-1.5	less-common	editorial-band			cefrj-1.5,oewn-2025		validated
master-adopted-adjective	adopted	adjective	B2	source-backed	cefrj-1.5	less-common	editorial-band			cefrj-1.5,oewn-2025		validated
master-adoption-noun	adoption	noun	B2	source-backed	cefrj-1.5	less-common	source-backed-rank	ngsl-gr-1.0	3584	bsl-1.2,cefrj-1.5,ngsl-gr-1.0,oewn-2025		validated
master-adore-verb	adore	verb	B2	source-backed	cefrj-1.5	less-common	editorial-band			cefrj-1.5,oewn-2025		validated
master-adorn-verb	adorn	verb	B2	source-backed	cefrj-1.5	less-common	editorial-band			cefrj-1.5,oewn-2025		validated
master-advance-noun	advance	noun	B2	source-backed	cefrj-1.5	very-common	source-backed-rank	ngsl-gr-1.0	894	cefrj-1.5,ngsl-gr-1.0,oewn-2025		validated
master-advancement-noun	advancement	noun	B2	source-backed	cefrj-1.5	less-common	editorial-band			cefrj-1.5,oewn-2025		validated
master-advent-noun	advent	noun	B2	source-backed	cefrj-1.5	less-common	editorial-band			cefrj-1.5,oewn-2025		validated
master-adventurous-adjective	adventurous	adjective	B2	source-backed	cefrj-1.5	less-common	editorial-band			cefrj-1.5,oewn-2025		validated
master-adverse-adjective	adverse	adjective	B2	source-backed	cefrj-1.5	less-common	source-backed-rank	ngsl-gr-1.0	4206	bsl-1.2,cefrj-1.5,nawl-1.2,ngsl-gr-1.0,oewn-2025		validated
master-adversely-adverb	adversely	adverb	B2	source-backed	cefrj-1.5	less-common	editorial-band			cefrj-1.5,oewn-2025		validated
master-adversity-noun	adversity	noun	B2	source-backed	cefrj-1.5	less-common	editorial-band			cefrj-1.5,oewn-2025		validated
master-affectionate-adjective	affectionate	adjective	B2	source-backed	cefrj-1.5	less-common	editorial-band			cefrj-1.5,oewn-2025		validated
master-affectionately-adverb	affectionately	adverb	B2	source-backed	cefrj-1.5	less-common	editorial-band			cefrj-1.5,oewn-2025		validated
master-affordable-adjective	affordable	adjective	B2	source-backed	cefrj-1.5	less-common	source-backed-rank	ngsl-gr-1.0	4845	bsl-1.2,cefrj-1.5,ngsl-gr-1.0,oewn-2025		validated
master-ageless-adjective	ageless	adjective	B2	source-backed	cefrj-1.5	less-common	editorial-band			cefrj-1.5,oewn-2025		validated
master-aggressively-adverb	aggressively	adverb	B2	source-backed	cefrj-1.5	less-common	editorial-band			cefrj-1.5,oewn-2025		validated
master-agony-noun	agony	noun	B2	source-backed	cefrj-1.5	less-common	editorial-band			cefrj-1.5,oewn-2025		validated
master-aim-verb	aim	verb	B2	source-backed	cefrj-1.5	very-common	source-backed-rank	ngsl-gr-1.0	844	cefrj-1.5,ngsl-gr-1.0,oewn-2025		validated
master-aircraft-noun	aircraft	noun	B2	source-backed	cefrj-1.5	common	source-backed-rank	ngsl-gr-1.0	1882	cefrj-1.5,ngsl-gr-1.0,oewn-2025		validated
master-aircrew-noun	aircrew	noun	B2	source-backed	cefrj-1.5	less-common	editorial-band			cefrj-1.5,oewn-2025		validated
master-alcoholic-noun	alcoholic	noun	B2	source-backed	cefrj-1.5	less-common	editorial-band			cefrj-1.5,oewn-2025		validated
master-alcoholism-noun	alcoholism	noun	B2	source-backed	cefrj-1.5	less-common	editorial-band			cefrj-1.5,oewn-2025		validated
master-alert-verb	alert	verb	B2	source-backed	cefrj-1.5	common	source-backed-rank	ngsl-gr-1.0	3176	bsl-1.2,cefrj-1.5,ngsl-gr-1.0,oewn-2025		validated
master-allegation-noun	allegation	noun	B2	source-backed	cefrj-1.5	common	source-backed-rank	ngsl-gr-1.0	3313	bsl-1.2,cefrj-1.5,ngsl-gr-1.0,oewn-2025		validated
master-alliance-noun	alliance	noun	B2	source-backed	cefrj-1.5	common	source-backed-rank	ngsl-gr-1.0	3055	bsl-1.2,cefrj-1.5,nawl-1.2,ngsl-gr-1.0,oewn-2025		validated
master-ally-noun	ally	noun	B2	source-backed	cefrj-1.5	common	source-backed-rank	ngsl-gr-1.0	2316	cefrj-1.5,ngsl-gr-1.0,oewn-2025		validated
master-alongside-preposition	alongside	preposition	B2	source-backed	cefrj-1.5	common	source-backed-rank	ngsl-gr-1.0	2816	cefrj-1.5,ngsl-gr-1.0		validated
master-alphabetical-adjective	alphabetical	adjective	B2	source-backed	cefrj-1.5	less-common	editorial-band			cefrj-1.5,oewn-2025		validated
master-altar-noun	altar	noun	B2	source-backed	cefrj-1.5	less-common	editorial-band			cefrj-1.5,oewn-2025		validated
master-alter-verb	alter	verb	B2	source-backed	cefrj-1.5	common	source-backed-rank	ngsl-gr-1.0	2152	cefrj-1.5,ngsl-gr-1.0,oewn-2025		validated
master-alternate-verb	alternate	verb	B2	source-backed	cefrj-1.5	less-common	source-backed-rank	ngsl-gr-1.0	4458	cefrj-1.5,ngsl-gr-1.0,oewn-2025		validated
master-alternatively-adverb	alternatively	adverb	B2	source-backed	cefrj-1.5	less-common	source-backed-rank	ngsl-gr-1.0	4519	cefrj-1.5,ngsl-gr-1.0,oewn-2025		validated
master-altitude-noun	altitude	noun	B2	source-backed	cefrj-1.5	less-common	editorial-band			cefrj-1.5,nawl-1.2,oewn-2025		validated
master-amaze-verb	amaze	verb	B2	source-backed	cefrj-1.5	common	source-backed-rank	ngsl-gr-1.0	1574	cefrj-1.5,ngsl-gr-1.0,oewn-2025		validated
master-amazement-noun	amazement	noun	B2	source-backed	cefrj-1.5	less-common	editorial-band			cefrj-1.5,oewn-2025		validated
master-amazingly-adverb	amazingly	adverb	B2	source-backed	cefrj-1.5	less-common	editorial-band			cefrj-1.5,oewn-2025		validated
master-ambassador-noun	ambassador	noun	B2	source-backed	cefrj-1.5	less-common	source-backed-rank	ngsl-gr-1.0	3786	bsl-1.2,cefrj-1.5,ngsl-gr-1.0,oewn-2025		validated
master-ambiguity-noun	ambiguity	noun	B2	source-backed	cefrj-1.5	less-common	editorial-band			cefrj-1.5,oewn-2025		validated
master-ammonia-noun	ammonia	noun	B2	source-backed	cefrj-1.5	less-common	editorial-band			cefrj-1.5,oewn-2025		validated
master-amongst-preposition	amongst	preposition	B2	source-backed	cefrj-1.5	common	source-backed-rank	ngsl-gr-1.0	2898	bsl-1.2,cefrj-1.5,nawl-1.2,ngsl-gr-1.0		validated
master-ample-adjective	ample	adjective	B2	source-backed	cefrj-1.5	less-common	editorial-band			cefrj-1.5,oewn-2025		validated
master-amplifier-noun	amplifier	noun	B2	source-backed	cefrj-1.5	less-common	editorial-band			cefrj-1.5,oewn-2025		validated
master-amplify-verb	amplify	verb	B2	source-backed	cefrj-1.5	less-common	editorial-band			cefrj-1.5,oewn-2025		validated
master-amuse-verb	amuse	verb	B2	source-backed	cefrj-1.5	common	source-backed-rank	ngsl-gr-1.0	3319	cefrj-1.5,ngsl-gr-1.0,oewn-2025		validated
master-analogy-noun	analogy	noun	B2	source-backed	cefrj-1.5	less-common	source-backed-rank	ngsl-gr-1.0	4772	cefrj-1.5,nawl-1.2,ngsl-gr-1.0,oewn-2025		validated
master-analyst-noun	analyst	noun	B2	source-backed	cefrj-1.5	common	source-backed-rank	ngsl-gr-1.0	2220	cefrj-1.5,ngsl-gr-1.0,oewn-2025		validated
v3	analyze	verb	B2	editorial-estimate		common	source-backed-rank	ngsl-gr-1.0	1691	ngsl-gr-1.0,vocabulary-core-2026-08		validated
master-anchor-noun	anchor	noun	B2	source-backed	cefrj-1.5	less-common	source-backed-rank	ngsl-gr-1.0	4170	cefrj-1.5,ngsl-gr-1.0,oewn-2025		validated
master-anchorage-noun	anchorage	noun	B2	source-backed	cefrj-1.5	less-common	editorial-band			cefrj-1.5,oewn-2025		validated
master-anchorman-noun	anchorman	noun	B2	source-backed	cefrj-1.5	less-common	editorial-band			cefrj-1.5,oewn-2025		validated
master-anchorperson-noun	anchorperson	noun	B2	source-backed	cefrj-1.5	less-common	editorial-band			cefrj-1.5,oewn-2025		validated
master-anguish-noun	anguish	noun	B2	source-backed	cefrj-1.5	less-common	editorial-band			cefrj-1.5,oewn-2025		validated
master-animate-verb	animate	verb	B2	source-backed	cefrj-1.5	less-common	source-backed-rank	ngsl-gr-1.0	4727	cefrj-1.5,ngsl-gr-1.0,oewn-2025		validated
master-anonymous-adjective	anonymous	adjective	B2	source-backed	cefrj-1.5	less-common	source-backed-rank	ngsl-gr-1.0	4166	cefrj-1.5,ngsl-gr-1.0,oewn-2025		validated
master-antiaircraft-adjective	antiaircraft	adjective	B2	source-backed	cefrj-1.5	less-common	editorial-band			cefrj-1.5,oewn-2025		validated
master-antibacterial-adjective	antibacterial	adjective	B2	source-backed	cefrj-1.5	less-common	editorial-band			cefrj-1.5,oewn-2025		validated
master-anticipate-verb	anticipate	verb	B2	source-backed	cefrj-1.5	common	source-backed-rank	ngsl-gr-1.0	2385	cefrj-1.5,ngsl-gr-1.0,oewn-2025		validated
master-anticipation-noun	anticipation	noun	B2	source-backed	cefrj-1.5	less-common	source-backed-rank	ngsl-gr-1.0	5021	cefrj-1.5,ngsl-gr-1.0,oewn-2025		validated
master-antique-adjective	antique	adjective	B2	source-backed	cefrj-1.5	less-common	source-backed-rank	ngsl-gr-1.0	4495	cefrj-1.5,ngsl-gr-1.0,oewn-2025		validated
master-apostrophe-noun	apostrophe	noun	B2	source-backed	cefrj-1.5	less-common	editorial-band			cefrj-1.5,oewn-2025		validated
master-appeal-verb	appeal	verb	B2	source-backed	cefrj-1.5	very-common	source-backed-rank	ngsl-gr-1.0	1123	cefrj-1.5,ngsl-gr-1.0,oewn-2025		validated
master-applicant-noun	applicant	noun	B2	source-backed	cefrj-1.5	less-common	source-backed-rank	ngsl-gr-1.0	4142	bsl-1.2,cefrj-1.5,ngsl-gr-1.0,oewn-2025		validated
master-appreciative-adjective	appreciative	adjective	B2	source-backed	cefrj-1.5	less-common	editorial-band			cefrj-1.5,oewn-2025		validated
master-approach-verb	approach	verb	B2	source-backed	cefrj-1.5	very-common	source-backed-rank	ngsl-gr-1.0	545	cefrj-1.5,ngsl-gr-1.0,oewn-2025		validated
v109	appropriate	adjective	B2	editorial-estimate		very-common	source-backed-rank	ngsl-gr-1.0	1069	cefrj-1.5,ngsl-gr-1.0,oewn-2025,vocabulary-core-2026-08		validated
master-appropriately-adverb	appropriately	adverb	B2	source-backed	cefrj-1.5	less-common	source-backed-rank	ngsl-gr-1.0	4849	bsl-1.2,cefrj-1.5,ngsl-gr-1.0,oewn-2025		validated
master-approximate-adjective	approximate	adjective	B2	source-backed	cefrj-1.5	less-common	editorial-band			bsl-1.2,cefrj-1.5,nawl-1.2,oewn-2025		validated
master-arch-noun	arch	noun	B2	source-backed	cefrj-1.5	less-common	source-backed-rank	ngsl-gr-1.0	4069	cefrj-1.5,ngsl-gr-1.0,oewn-2025		validated
master-arctic-adjective	arctic	adjective	B2	source-backed	cefrj-1.5	less-common	editorial-band			cefrj-1.5,oewn-2025		validated
master-arena-noun	arena	noun	B2	source-backed	cefrj-1.5	less-common	source-backed-rank	ngsl-gr-1.0	4130	cefrj-1.5,ngsl-gr-1.0,oewn-2025		validated
master-aristocracy-noun	aristocracy	noun	B2	source-backed	cefrj-1.5	less-common	editorial-band			cefrj-1.5,oewn-2025		validated
master-armful-noun	armful	noun	B2	source-backed	cefrj-1.5	less-common	editorial-band			cefrj-1.5,oewn-2025		validated
master-arouse-verb	arouse	verb	B2	source-backed	cefrj-1.5	less-common	source-backed-rank	ngsl-gr-1.0	5033	cefrj-1.5,ngsl-gr-1.0,oewn-2025		validated
master-arrogant-adjective	arrogant	adjective	B2	source-backed	cefrj-1.5	less-common	editorial-band			cefrj-1.5,oewn-2025		validated
master-artery-noun	artery	noun	B2	source-backed	cefrj-1.5	less-common	source-backed-rank	ngsl-gr-1.0	5006	cefrj-1.5,ngsl-gr-1.0,oewn-2025		validated
master-articulate-verb	articulate	verb	B2	source-backed	cefrj-1.5	less-common	source-backed-rank	ngsl-gr-1.0	3831	cefrj-1.5,nawl-1.2,ngsl-gr-1.0,oewn-2025		validated
master-artificially-adverb	artificially	adverb	B2	source-backed	cefrj-1.5	less-common	editorial-band			cefrj-1.5,oewn-2025		validated
master-artistry-noun	artistry	noun	B2	source-backed	cefrj-1.5	less-common	editorial-band			cefrj-1.5,oewn-2025		validated
master-ash-noun	ash	noun	B2	source-backed	cefrj-1.5	less-common	source-backed-rank	ngsl-gr-1.0	4399	cefrj-1.5,ngsl-gr-1.0,oewn-2025		validated
master-aspiration-noun	aspiration	noun	B2	source-backed	cefrj-1.5	less-common	source-backed-rank	ngsl-gr-1.0	4588	cefrj-1.5,ngsl-gr-1.0,oewn-2025		validated
master-aspire-verb	aspire	verb	B2	source-backed	cefrj-1.5	less-common	editorial-band			cefrj-1.5,oewn-2025		validated
master-assault-noun	assault	noun	B2	source-backed	cefrj-1.5	common	source-backed-rank	ngsl-gr-1.0	2938	bsl-1.2,cefrj-1.5,ngsl-gr-1.0,oewn-2025		validated
master-assemble-verb	assemble	verb	B2	source-backed	cefrj-1.5	common	source-backed-rank	ngsl-gr-1.0	3329	bsl-1.2,cefrj-1.5,ngsl-gr-1.0,oewn-2025		validated
master-assembly-noun	assembly	noun	B2	source-backed	cefrj-1.5	common	source-backed-rank	ngsl-gr-1.0	2935	bsl-1.2,cefrj-1.5,nawl-1.2,ngsl-gr-1.0,oewn-2025		validated
master-assert-verb	assert	verb	B2	source-backed	cefrj-1.5	common	source-backed-rank	ngsl-gr-1.0	3296	bsl-1.2,cefrj-1.5,nawl-1.2,ngsl-gr-1.0,oewn-2025		validated
master-assess-verb	assess	verb	B2	source-backed	cefrj-1.5	common	source-backed-rank	ngsl-gr-1.0	1549	cefrj-1.5,ngsl-gr-1.0,oewn-2025		validated
master-assessment-noun	assessment	noun	B2	source-backed	cefrj-1.5	common	source-backed-rank	ngsl-gr-1.0	1525	cefrj-1.5,ngsl-gr-1.0,oewn-2025		validated
v76	assume	verb	B2	editorial-estimate		very-common	source-backed-rank	ngsl-gr-1.0	920	cefrj-1.5,ngsl-gr-1.0,oewn-2025,vocabulary-core-2026-08		validated
master-assumption-noun	assumption	noun	B2	source-backed	cefrj-1.5	common	source-backed-rank	ngsl-gr-1.0	1905	cefrj-1.5,ngsl-gr-1.0,oewn-2025		validated
master-assurance-noun	assurance	noun	B2	source-backed	cefrj-1.5	less-common	source-backed-rank	ngsl-gr-1.0	3865	bsl-1.2,cefrj-1.5,ngsl-gr-1.0,oewn-2025		validated
master-assure-verb	assure	verb	B2	source-backed	cefrj-1.5	common	source-backed-rank	ngsl-gr-1.0	2114	cefrj-1.5,ngsl-gr-1.0,oewn-2025		validated
master-astonish-verb	astonish	verb	B2	source-backed	cefrj-1.5	less-common	source-backed-rank	ngsl-gr-1.0	3567	cefrj-1.5,ngsl-gr-1.0,oewn-2025		validated
master-astonished-adjective	astonished	adjective	B2	source-backed	cefrj-1.5	less-common	editorial-band			cefrj-1.5,oewn-2025		validated
master-astonishing-adjective	astonishing	adjective	B2	source-backed	cefrj-1.5	less-common	editorial-band			cefrj-1.5,oewn-2025		validated
master-astonishment-noun	astonishment	noun	B2	source-backed	cefrj-1.5	less-common	editorial-band			cefrj-1.5,oewn-2025		validated
master-astronomy-noun	astronomy	noun	B2	source-backed	cefrj-1.5	less-common	editorial-band			cefrj-1.5,oewn-2025		validated
master-athletics-noun	athletics	noun	B2	source-backed	cefrj-1.5	less-common	editorial-band			cefrj-1.5,oewn-2025		validated
master-attached-adjective	attached	adjective	B2	source-backed	cefrj-1.5	less-common	editorial-band			cefrj-1.5,oewn-2025		validated
master-attainable-adjective	attainable	adjective	B2	source-backed	cefrj-1.5	less-common	editorial-band			cefrj-1.5,oewn-2025		validated
master-attainment-noun	attainment	noun	B2	source-backed	cefrj-1.5	less-common	editorial-band			cefrj-1.5,oewn-2025		validated
master-attendance-noun	attendance	noun	B2	source-backed	cefrj-1.5	common	source-backed-rank	ngsl-gr-1.0	2801	cefrj-1.5,ngsl-gr-1.0,oewn-2025		validated
master-attentive-adjective	attentive	adjective	B2	source-backed	cefrj-1.5	less-common	editorial-band			cefrj-1.5,oewn-2025		validated
master-attentively-adverb	attentively	adverb	B2	source-backed	cefrj-1.5	less-common	editorial-band			cefrj-1.5,oewn-2025		validated
master-attractiveness-noun	attractiveness	noun	B2	source-backed	cefrj-1.5	less-common	editorial-band			cefrj-1.5,oewn-2025		validated
master-attribute-noun	attribute	noun	B2	source-backed	cefrj-1.5	common	source-backed-rank	ngsl-gr-1.0	2350	cefrj-1.5,ngsl-gr-1.0,oewn-2025		validated
master-attribute-verb	attribute	verb	B2	source-backed	cefrj-1.5	common	source-backed-rank	ngsl-gr-1.0	2350	cefrj-1.5,ngsl-gr-1.0,oewn-2025		validated
master-atypical-adjective	atypical	adjective	B2	source-backed	cefrj-1.5	less-common	editorial-band			cefrj-1.5,oewn-2025		validated
master-aubergine-noun	aubergine	noun	B2	source-backed	cefrj-1.5	less-common	editorial-band			cefrj-1.5,oewn-2025		validated
master-audit-noun	audit	noun	B2	source-backed	cefrj-1.5	common	source-backed-rank	ngsl-gr-1.0	3102	bsl-1.2,cefrj-1.5,nawl-1.2,ngsl-gr-1.0,oewn-2025		validated
master-audition-noun	audition	noun	B2	source-backed	cefrj-1.5	less-common	editorial-band			cefrj-1.5,oewn-2025		validated
master-authoritative-adjective	authoritative	adjective	B2	source-backed	cefrj-1.5	less-common	editorial-band			cefrj-1.5,oewn-2025		validated
master-availability-noun	availability	noun	B2	source-backed	cefrj-1.5	common	source-backed-rank	ngsl-gr-1.0	3330	bsl-1.2,cefrj-1.5,nawl-1.2,ngsl-gr-1.0,oewn-2025		validated
master-await-verb	await	verb	B2	source-backed	cefrj-1.5	common	source-backed-rank	ngsl-gr-1.0	3443	bsl-1.2,cefrj-1.5,ngsl-gr-1.0,oewn-2025		validated
master-awe-noun	awe	noun	B2	source-backed	cefrj-1.5	less-common	editorial-band			cefrj-1.5,oewn-2025		validated
master-axis-noun	axis	noun	B2	source-backed	cefrj-1.5	less-common	source-backed-rank	ngsl-gr-1.0	4634	bsl-1.2,cefrj-1.5,nawl-1.2,ngsl-gr-1.0,oewn-2025		validated
master-backup-noun	backup	noun	B2	source-backed	cefrj-1.5	less-common	editorial-band			cefrj-1.5,oewn-2025		validated
master-backyard-noun	backyard	noun	B2	source-backed	cefrj-1.5	less-common	editorial-band			cefrj-1.5,oewn-2025		validated
master-bad-tempered-adjective	bad-tempered	adjective	B2	source-backed	cefrj-1.5	less-common	editorial-band			cefrj-1.5,oewn-2025		validated
master-badge-noun	badge	noun	B2	source-backed	cefrj-1.5	less-common	editorial-band			cefrj-1.5,oewn-2025		validated
master-balance-verb	balance	verb	B2	source-backed	cefrj-1.5	very-common	source-backed-rank	ngsl-gr-1.0	957	cefrj-1.5,ngsl-gr-1.0,oewn-2025		validated
master-balanced-adjective	balanced	adjective	B2	source-backed	cefrj-1.5	less-common	editorial-band			cefrj-1.5,oewn-2025		validated
master-balky-adjective	balky	adjective	B2	source-backed	cefrj-1.5	less-common	editorial-band			cefrj-1.5,oewn-2025		validated
master-ballad-noun	ballad	noun	B2	source-backed	cefrj-1.5	less-common	editorial-band			cefrj-1.5,oewn-2025		validated
master-ballet-noun	ballet	noun	B2	source-backed	cefrj-1.5	less-common	source-backed-rank	ngsl-gr-1.0	4724	cefrj-1.5,ngsl-gr-1.0,oewn-2025		validated
master-ballot-noun	ballot	noun	B2	source-backed	cefrj-1.5	common	source-backed-rank	ngsl-gr-1.0	3366	bsl-1.2,cefrj-1.5,ngsl-gr-1.0,oewn-2025		validated
master-ban-noun	ban	noun	B2	source-backed	cefrj-1.5	common	source-backed-rank	ngsl-gr-1.0	1756	cefrj-1.5,ngsl-gr-1.0,oewn-2025		validated
master-ban-verb	ban	verb	B2	source-backed	cefrj-1.5	common	source-backed-rank	ngsl-gr-1.0	1756	cefrj-1.5,ngsl-gr-1.0,oewn-2025		validated
master-banker-noun	banker	noun	B2	source-backed	cefrj-1.5	less-common	source-backed-rank	ngsl-gr-1.0	4333	bsl-1.2,cefrj-1.5,ngsl-gr-1.0,oewn-2025		validated
master-bankrupt-verb	bankrupt	verb	B2	source-backed	cefrj-1.5	less-common	editorial-band			bsl-1.2,cefrj-1.5,oewn-2025		validated
master-bankruptcy-noun	bankruptcy	noun	B2	source-backed	cefrj-1.5	less-common	source-backed-rank	ngsl-gr-1.0	4440	bsl-1.2,cefrj-1.5,ngsl-gr-1.0,oewn-2025		validated
master-barbershop-noun	barbershop	noun	B2	source-backed	cefrj-1.5	less-common	editorial-band			cefrj-1.5,oewn-2025		validated
master-bare-verb	bare	verb	B2	source-backed	cefrj-1.5	common	source-backed-rank	ngsl-gr-1.0	3238	cefrj-1.5,ngsl-gr-1.0,oewn-2025		validated
master-bargain-verb	bargain	verb	B2	source-backed	cefrj-1.5	common	source-backed-rank	ngsl-gr-1.0	2966	bsl-1.2,cefrj-1.5,nawl-1.2,ngsl-gr-1.0,oewn-2025		validated
master-bark-verb	bark	verb	B2	source-backed	cefrj-1.5	less-common	source-backed-rank	ngsl-gr-1.0	4202	cefrj-1.5,ngsl-gr-1.0,oewn-2025		validated
master-barley-noun	barley	noun	B2	source-backed	cefrj-1.5	less-common	editorial-band			cefrj-1.5,oewn-2025		validated
master-barn-noun	barn	noun	B2	source-backed	cefrj-1.5	less-common	source-backed-rank	ngsl-gr-1.0	4611	cefrj-1.5,ngsl-gr-1.0,oewn-2025		validated
master-barometer-noun	barometer	noun	B2	source-backed	cefrj-1.5	less-common	editorial-band			cefrj-1.5,oewn-2025		validated
master-barren-adjective	barren	adjective	B2	source-backed	cefrj-1.5	less-common	editorial-band			cefrj-1.5,oewn-2025		validated
master-barrier-noun	barrier	noun	B2	source-backed	cefrj-1.5	common	source-backed-rank	ngsl-gr-1.0	2452	cefrj-1.5,ngsl-gr-1.0,oewn-2025		validated
master-bartender-noun	bartender	noun	B2	source-backed	cefrj-1.5	less-common	editorial-band			cefrj-1.5,oewn-2025		validated
master-bathhouse-noun	bathhouse	noun	B2	source-backed	cefrj-1.5	less-common	editorial-band			cefrj-1.5,oewn-2025		validated
master-battlefield-noun	battlefield	noun	B2	source-backed	cefrj-1.5	less-common	editorial-band			cefrj-1.5,oewn-2025		validated
master-beagle-noun	beagle	noun	B2	source-backed	cefrj-1.5	less-common	editorial-band			cefrj-1.5,oewn-2025		validated
master-beak-noun	beak	noun	B2	source-backed	cefrj-1.5	less-common	editorial-band			cefrj-1.5,oewn-2025		validated
master-beam-noun	beam	noun	B2	source-backed	cefrj-1.5	common	source-backed-rank	ngsl-gr-1.0	3080	bsl-1.2,cefrj-1.5,nawl-1.2,ngsl-gr-1.0,oewn-2025		validated
master-bearing-noun	bearing	noun	B2	source-backed	cefrj-1.5	less-common	editorial-band			cefrj-1.5,oewn-2025		validated
master-beat-noun	beat	noun	B2	source-backed	cefrj-1.5	very-common	source-backed-rank	ngsl-gr-1.0	1085	cefrj-1.5,ngsl-gr-1.0,oewn-2025		validated
master-beautify-verb	beautify	verb	B2	source-backed	cefrj-1.5	less-common	editorial-band			cefrj-1.5,oewn-2025		validated
master-bellow-verb	bellow	verb	B2	source-backed	cefrj-1.5	less-common	editorial-band			cefrj-1.5,oewn-2025		validated
master-belongings-noun	belongings	noun	B2	source-backed	cefrj-1.5	less-common	editorial-band			cefrj-1.5,oewn-2025		validated
master-bend-noun	bend	noun	B2	source-backed	cefrj-1.5	common	source-backed-rank	ngsl-gr-1.0	2318	cefrj-1.5,ngsl-gr-1.0,oewn-2025		validated
master-beneficial-adjective	beneficial	adjective	B2	source-backed	cefrj-1.5	common	source-backed-rank	ngsl-gr-1.0	3209	bsl-1.2,cefrj-1.5,ngsl-gr-1.0,oewn-2025		validated
master-benefit-verb	benefit	verb	B2	source-backed	cefrj-1.5	very-common	source-backed-rank	ngsl-gr-1.0	593	cefrj-1.5,ngsl-gr-1.0,oewn-2025		validated
master-benevolence-noun	benevolence	noun	B2	source-backed	cefrj-1.5	less-common	editorial-band			cefrj-1.5,oewn-2025		validated
master-benevolent-adjective	benevolent	adjective	B2	source-backed	cefrj-1.5	less-common	editorial-band			cefrj-1.5,oewn-2025		validated
master-berry-noun	berry	noun	B2	source-backed	cefrj-1.5	less-common	editorial-band			cefrj-1.5,oewn-2025		validated
master-bestow-verb	bestow	verb	B2	source-backed	cefrj-1.5	less-common	editorial-band			cefrj-1.5,oewn-2025		validated
master-bestseller-noun	bestseller	noun	B2	source-backed	cefrj-1.5	less-common	editorial-band			cefrj-1.5,oewn-2025		validated
master-betray-verb	betray	verb	B2	source-backed	cefrj-1.5	less-common	source-backed-rank	ngsl-gr-1.0	4369	cefrj-1.5,ngsl-gr-1.0,oewn-2025		validated
master-bewilder-verb	bewilder	verb	B2	source-backed	cefrj-1.5	less-common	editorial-band			cefrj-1.5,oewn-2025		validated
master-bewilderment-noun	bewilderment	noun	B2	source-backed	cefrj-1.5	less-common	editorial-band			cefrj-1.5,oewn-2025		validated
master-bid-verb	bid	verb	B2	source-backed	cefrj-1.5	common	source-backed-rank	ngsl-gr-1.0	2247	cefrj-1.5,ngsl-gr-1.0,oewn-2025		validated
master-bidding-noun	bidding	noun	B2	source-backed	cefrj-1.5	less-common	editorial-band			cefrj-1.5,oewn-2025		validated
master-bikini-noun	bikini	noun	B2	source-backed	cefrj-1.5	less-common	editorial-band			cefrj-1.5,oewn-2025		validated
master-billion-noun	billion	noun	B2	source-backed	cefrj-1.5	very-common	source-backed-rank	ngsl-gr-1.0	48	cefrj-1.5,ngsl-gr-1.0,oewn-2025		validated
master-bind-verb	bind	verb	B2	source-backed	cefrj-1.5	very-common	source-backed-rank	ngsl-gr-1.0	1461	cefrj-1.5,ngsl-gr-1.0,oewn-2025		validated
master-biological-adjective	biological	adjective	B2	source-backed	cefrj-1.5	common	source-backed-rank	ngsl-gr-1.0	2708	cefrj-1.5,ngsl-gr-1.0,oewn-2025		validated
master-biotechnology-noun	biotechnology	noun	B2	source-backed	cefrj-1.5	less-common	editorial-band			cefrj-1.5,oewn-2025		validated
master-birdcage-noun	birdcage	noun	B2	source-backed	cefrj-1.5	less-common	editorial-band			cefrj-1.5,oewn-2025		validated
master-birthplace-noun	birthplace	noun	B2	source-backed	cefrj-1.5	less-common	editorial-band			cefrj-1.5,oewn-2025		validated
master-bitterly-adverb	bitterly	adverb	B2	source-backed	cefrj-1.5	less-common	editorial-band			cefrj-1.5,oewn-2025		validated
master-bizarre-adjective	bizarre	adjective	B2	source-backed	cefrj-1.5	less-common	source-backed-rank	ngsl-gr-1.0	4335	cefrj-1.5,nawl-1.2,ngsl-gr-1.0,oewn-2025		validated
master-blade-noun	blade	noun	B2	source-backed	cefrj-1.5	less-common	source-backed-rank	ngsl-gr-1.0	4025	cefrj-1.5,ngsl-gr-1.0,oewn-2025		validated
master-blast-noun	blast	noun	B2	source-backed	cefrj-1.5	common	source-backed-rank	ngsl-gr-1.0	3345	bsl-1.2,cefrj-1.5,ngsl-gr-1.0,oewn-2025		validated
master-blast-verb	blast	verb	B2	source-backed	cefrj-1.5	common	source-backed-rank	ngsl-gr-1.0	3345	bsl-1.2,cefrj-1.5,ngsl-gr-1.0,oewn-2025		validated
master-blaze-noun	blaze	noun	B2	source-backed	cefrj-1.5	less-common	source-backed-rank	ngsl-gr-1.0	4821	cefrj-1.5,ngsl-gr-1.0,oewn-2025		validated
master-blaze-verb	blaze	verb	B2	source-backed	cefrj-1.5	less-common	source-backed-rank	ngsl-gr-1.0	4821	cefrj-1.5,ngsl-gr-1.0,oewn-2025		validated
master-blend-noun	blend	noun	B2	source-backed	cefrj-1.5	less-common	source-backed-rank	ngsl-gr-1.0	3693	bsl-1.2,cefrj-1.5,ngsl-gr-1.0,oewn-2025		validated
master-blindly-adverb	blindly	adverb	B2	source-backed	cefrj-1.5	less-common	editorial-band			cefrj-1.5,oewn-2025		validated
master-blindness-noun	blindness	noun	B2	source-backed	cefrj-1.5	less-common	editorial-band			cefrj-1.5,oewn-2025		validated
master-blink-verb	blink	verb	B2	source-backed	cefrj-1.5	less-common	editorial-band			cefrj-1.5,oewn-2025		validated
master-bloodstream-noun	bloodstream	noun	B2	source-backed	cefrj-1.5	less-common	editorial-band			cefrj-1.5,oewn-2025		validated
master-bloody-adjective	bloody	adjective	B2	source-backed	cefrj-1.5	common	source-backed-rank	ngsl-gr-1.0	2315	cefrj-1.5,ngsl-gr-1.0,oewn-2025		validated
master-bloody-adverb	bloody	adverb	B2	source-backed	cefrj-1.5	common	source-backed-rank	ngsl-gr-1.0	2315	cefrj-1.5,ngsl-gr-1.0,oewn-2025		validated
master-blooming-adjective	blooming	adjective	B2	source-backed	cefrj-1.5	less-common	editorial-band			cefrj-1.5,oewn-2025		validated
master-blossom-noun	blossom	noun	B2	source-backed	cefrj-1.5	less-common	editorial-band			cefrj-1.5,oewn-2025		validated
master-blur-verb	blur	verb	B2	source-backed	cefrj-1.5	less-common	source-backed-rank	ngsl-gr-1.0	4846	cefrj-1.5,ngsl-gr-1.0,oewn-2025		validated
master-blush-verb	blush	verb	B2	source-backed	cefrj-1.5	less-common	editorial-band			cefrj-1.5,oewn-2025		validated
master-bold-noun	bold	noun	B2	source-backed	cefrj-1.5	less-common	source-backed-rank	ngsl-gr-1.0	3709	bsl-1.2,cefrj-1.5,ngsl-gr-1.0,oewn-2025		validated
master-bolt-noun	bolt	noun	B2	source-backed	cefrj-1.5	less-common	source-backed-rank	ngsl-gr-1.0	4328	cefrj-1.5,ngsl-gr-1.0,oewn-2025		validated
master-bolt-verb	bolt	verb	B2	source-backed	cefrj-1.5	less-common	source-backed-rank	ngsl-gr-1.0	4328	cefrj-1.5,ngsl-gr-1.0,oewn-2025		validated
master-bombard-noun	bombard	noun	B2	source-backed	cefrj-1.5	less-common	editorial-band			cefrj-1.5,oewn-2025		validated
master-bomber-noun	bomber	noun	B2	source-backed	cefrj-1.5	less-common	source-backed-rank	ngsl-gr-1.0	4545	bsl-1.2,cefrj-1.5,ngsl-gr-1.0,oewn-2025		validated
master-bombing-noun	bombing	noun	B2	source-backed	cefrj-1.5	less-common	editorial-band			cefrj-1.5,oewn-2025		validated
master-bony-adjective	bony	adjective	B2	source-backed	cefrj-1.5	less-common	editorial-band			cefrj-1.5,oewn-2025		validated
master-bookish-adjective	bookish	adjective	B2	source-backed	cefrj-1.5	less-common	editorial-band			cefrj-1.5,oewn-2025		validated
master-booklet-noun	booklet	noun	B2	source-backed	cefrj-1.5	less-common	editorial-band			cefrj-1.5,oewn-2025		validated
master-bookmark-noun	bookmark	noun	B2	source-backed	cefrj-1.5	less-common	editorial-band			cefrj-1.5,oewn-2025		validated
master-boost-noun	boost	noun	B2	source-backed	cefrj-1.5	common	source-backed-rank	ngsl-gr-1.0	2589	cefrj-1.5,ngsl-gr-1.0,oewn-2025		validated
master-boost-verb	boost	verb	B2	source-backed	cefrj-1.5	common	source-backed-rank	ngsl-gr-1.0	2589	cefrj-1.5,ngsl-gr-1.0,oewn-2025		validated
master-booth-noun	booth	noun	B2	source-backed	cefrj-1.5	less-common	editorial-band			cefrj-1.5,oewn-2025		validated
master-bossy-adjective	bossy	adjective	B2	source-backed	cefrj-1.5	less-common	editorial-band			cefrj-1.5,oewn-2025		validated
master-botany-noun	botany	noun	B2	source-backed	cefrj-1.5	less-common	editorial-band			cefrj-1.5,oewn-2025		validated
master-bothered-adjective	bothered	adjective	B2	source-backed	cefrj-1.5	less-common	editorial-band			cefrj-1.5,oewn-2025		validated
master-bothersome-adjective	bothersome	adjective	B2	source-backed	cefrj-1.5	less-common	editorial-band			cefrj-1.5,oewn-2025		validated
master-bottle-verb	bottle	verb	B2	source-backed	cefrj-1.5	common	source-backed-rank	ngsl-gr-1.0	1664	cefrj-1.5,ngsl-gr-1.0,oewn-2025		validated
master-bounce-noun	bounce	noun	B2	source-backed	cefrj-1.5	less-common	source-backed-rank	ngsl-gr-1.0	3657	bsl-1.2,cefrj-1.5,ngsl-gr-1.0,oewn-2025		validated
master-bourbon-noun	bourbon	noun	B2	source-backed	cefrj-1.5	less-common	editorial-band			cefrj-1.5,oewn-2025		validated
master-bow-verb	bow	verb	B2	source-backed	cefrj-1.5	common	source-backed-rank	ngsl-gr-1.0	3231	cefrj-1.5,ngsl-gr-1.0,oewn-2025		validated
master-boxer-noun	boxer	noun	B2	source-backed	cefrj-1.5	less-common	editorial-band			cefrj-1.5,oewn-2025		validated
master-bracket-noun	bracket	noun	B2	source-backed	cefrj-1.5	less-common	source-backed-rank	ngsl-gr-1.0	4657	bsl-1.2,cefrj-1.5,nawl-1.2,ngsl-gr-1.0,oewn-2025		validated
master-brag-noun	brag	noun	B2	source-backed	cefrj-1.5	less-common	editorial-band			cefrj-1.5,oewn-2025		validated
master-brake-verb	brake	verb	B2	source-backed	cefrj-1.5	less-common	source-backed-rank	ngsl-gr-1.0	4014	cefrj-1.5,ngsl-gr-1.0,oewn-2025		validated
master-bravery-noun	bravery	noun	B2	source-backed	cefrj-1.5	less-common	editorial-band			cefrj-1.5,oewn-2025		validated
master-breakable-adjective	breakable	adjective	B2	source-backed	cefrj-1.5	less-common	editorial-band			cefrj-1.5,oewn-2025		validated
master-breakdown-noun	breakdown	noun	B2	source-backed	cefrj-1.5	less-common	source-backed-rank	ngsl-gr-1.0	3554	bsl-1.2,cefrj-1.5,nawl-1.2,ngsl-gr-1.0,oewn-2025		validated
master-breakup-noun	breakup	noun	B2	source-backed	cefrj-1.5	less-common	editorial-band			cefrj-1.5,oewn-2025		validated
master-breathtaking-adjective	breathtaking	adjective	B2	source-backed	cefrj-1.5	less-common	editorial-band			cefrj-1.5,oewn-2025		validated
master-breed-noun	breed	noun	B2	source-backed	cefrj-1.5	common	source-backed-rank	ngsl-gr-1.0	2248	cefrj-1.5,ngsl-gr-1.0,oewn-2025		validated
master-breezy-adjective	breezy	adjective	B2	source-backed	cefrj-1.5	less-common	editorial-band			cefrj-1.5,oewn-2025		validated
master-brewery-noun	brewery	noun	B2	source-backed	cefrj-1.5	less-common	editorial-band			cefrj-1.5,oewn-2025		validated
master-brilliantly-adverb	brilliantly	adverb	B2	source-backed	cefrj-1.5	less-common	editorial-band			cefrj-1.5,oewn-2025		validated
master-broadcast-verb	broadcast	verb	B2	source-backed	cefrj-1.5	common	source-backed-rank	ngsl-gr-1.0	2310	cefrj-1.5,ngsl-gr-1.0,oewn-2025		validated
master-broadcaster-noun	broadcaster	noun	B2	source-backed	cefrj-1.5	less-common	editorial-band			cefrj-1.5,oewn-2025		validated
master-broaden-verb	broaden	verb	B2	source-backed	cefrj-1.5	less-common	source-backed-rank	ngsl-gr-1.0	3765	bsl-1.2,cefrj-1.5,ngsl-gr-1.0,oewn-2025		validated
master-broadly-adverb	broadly	adverb	B2	source-backed	cefrj-1.5	less-common	source-backed-rank	ngsl-gr-1.0	4049	bsl-1.2,cefrj-1.5,nawl-1.2,ngsl-gr-1.0,oewn-2025		validated
master-brochure-noun	brochure	noun	B2	source-backed	cefrj-1.5	less-common	source-backed-rank	ngsl-gr-1.0	3991	bsl-1.2,cefrj-1.5,ngsl-gr-1.0,oewn-2025		validated
master-brother-in-law-noun	brother-in-law	noun	B2	source-backed	cefrj-1.5	less-common	editorial-band			cefrj-1.5,oewn-2025		validated
master-browse-verb	browse	verb	B2	source-backed	cefrj-1.5	less-common	editorial-band			cefrj-1.5,oewn-2025		validated
master-browser-noun	browser	noun	B2	source-backed	cefrj-1.5	less-common	editorial-band			bsl-1.2,cefrj-1.5,oewn-2025		validated
master-bruise-noun	bruise	noun	B2	source-backed	cefrj-1.5	less-common	source-backed-rank	ngsl-gr-1.0	4960	cefrj-1.5,ngsl-gr-1.0,oewn-2025		validated
master-bud-noun	bud	noun	B2	source-backed	cefrj-1.5	less-common	editorial-band			cefrj-1.5,oewn-2025		validated
master-bulimia-noun	bulimia	noun	B2	source-backed	cefrj-1.5	less-common	editorial-band			cefrj-1.5,oewn-2025		validated
master-bully-verb	bully	verb	B2	source-backed	cefrj-1.5	less-common	source-backed-rank	ngsl-gr-1.0	4799	bsl-1.2,cefrj-1.5,ngsl-gr-1.0,oewn-2025		validated
master-bum-noun	bum	noun	B2	source-backed	cefrj-1.5	less-common	editorial-band			cefrj-1.5,oewn-2025		validated
master-bumper-noun	bumper	noun	B2	source-backed	cefrj-1.5	less-common	editorial-band			cefrj-1.5,oewn-2025		validated
master-bun-noun	bun	noun	B2	source-backed	cefrj-1.5	less-common	editorial-band			cefrj-1.5,oewn-2025		validated
master-burden-verb	burden	verb	B2	source-backed	cefrj-1.5	common	source-backed-rank	ngsl-gr-1.0	2336	cefrj-1.5,ngsl-gr-1.0,oewn-2025		validated
master-burdensome-adjective	burdensome	adjective	B2	source-backed	cefrj-1.5	less-common	editorial-band			cefrj-1.5,oewn-2025		validated
master-bureaucracy-noun	bureaucracy	noun	B2	source-backed	cefrj-1.5	less-common	source-backed-rank	ngsl-gr-1.0	4671	bsl-1.2,cefrj-1.5,ngsl-gr-1.0,oewn-2025		validated
master-burglary-noun	burglary	noun	B2	source-backed	cefrj-1.5	less-common	editorial-band			cefrj-1.5,oewn-2025		validated
master-burgle-verb	burgle	verb	B2	source-backed	cefrj-1.5	less-common	editorial-band			cefrj-1.5,oewn-2025		validated
master-burial-noun	burial	noun	B2	source-backed	cefrj-1.5	less-common	source-backed-rank	ngsl-gr-1.0	4810	cefrj-1.5,ngsl-gr-1.0,oewn-2025		validated
master-bustle-verb	bustle	verb	B2	source-backed	cefrj-1.5	less-common	editorial-band			cefrj-1.5,oewn-2025		validated
master-bustling-adjective	bustling	adjective	B2	source-backed	cefrj-1.5	less-common	editorial-band			cefrj-1.5,oewn-2025		validated
master-butcher-verb	butcher	verb	B2	source-backed	cefrj-1.5	less-common	editorial-band			cefrj-1.5,oewn-2025		validated
master-buzz-noun	buzz	noun	B2	source-backed	cefrj-1.5	less-common	source-backed-rank	ngsl-gr-1.0	4388	cefrj-1.5,ngsl-gr-1.0,oewn-2025		validated
master-buzz-verb	buzz	verb	B2	source-backed	cefrj-1.5	less-common	source-backed-rank	ngsl-gr-1.0	4388	cefrj-1.5,ngsl-gr-1.0,oewn-2025		validated
master-cabinet-noun	cabinet	noun	B2	source-backed	cefrj-1.5	common	source-backed-rank	ngsl-gr-1.0	3155	bsl-1.2,cefrj-1.5,ngsl-gr-1.0,oewn-2025		validated
master-cable-noun	cable	noun	B2	source-backed	cefrj-1.5	common	source-backed-rank	ngsl-gr-1.0	2126	cefrj-1.5,ngsl-gr-1.0,oewn-2025		validated
master-calmly-adverb	calmly	adverb	B2	source-backed	cefrj-1.5	less-common	editorial-band			cefrj-1.5,oewn-2025		validated
master-campaign-noun	campaign	noun	B2	source-backed	cefrj-1.5	very-common	source-backed-rank	ngsl-gr-1.0	697	cefrj-1.5,ngsl-gr-1.0,oewn-2025		validated
master-candidate-noun	candidate	noun	B2	source-backed	cefrj-1.5	very-common	source-backed-rank	ngsl-gr-1.0	1027	cefrj-1.5,ngsl-gr-1.0,oewn-2025		validated
master-cane-noun	cane	noun	B2	source-backed	cefrj-1.5	less-common	editorial-band			cefrj-1.5,oewn-2025		validated
master-cannonball-noun	cannonball	noun	B2	source-backed	cefrj-1.5	less-common	editorial-band			cefrj-1.5,oewn-2025		validated
master-canon-noun	canon	noun	B2	source-backed	cefrj-1.5	less-common	editorial-band			cefrj-1.5,oewn-2025		validated
master-capability-noun	capability	noun	B2	source-backed	cefrj-1.5	common	source-backed-rank	ngsl-gr-1.0	2447	cefrj-1.5,ngsl-gr-1.0,oewn-2025		validated
master-caption-noun	caption	noun	B2	source-backed	cefrj-1.5	less-common	source-backed-rank	ngsl-gr-1.0	3968	cefrj-1.5,ngsl-gr-1.0,oewn-2025		validated
master-captive-noun	captive	noun	B2	source-backed	cefrj-1.5	less-common	editorial-band			cefrj-1.5,oewn-2025		validated
master-caravan-noun	caravan	noun	B2	source-backed	cefrj-1.5	less-common	editorial-band			cefrj-1.5,oewn-2025		validated
master-carbon-noun	carbon	noun	B2	source-backed	cefrj-1.5	common	source-backed-rank	ngsl-gr-1.0	2633	cefrj-1.5,ngsl-gr-1.0,oewn-2025		validated
master-cardboard-noun	cardboard	noun	B2	source-backed	cefrj-1.5	less-common	editorial-band			cefrj-1.5,oewn-2025		validated
master-cardigan-noun	cardigan	noun	B2	source-backed	cefrj-1.5	less-common	editorial-band			cefrj-1.5,oewn-2025		validated
master-carefree-adjective	carefree	adjective	B2	source-backed	cefrj-1.5	less-common	editorial-band			cefrj-1.5,oewn-2025		validated
master-caring-adjective	caring	adjective	B2	source-backed	cefrj-1.5	less-common	editorial-band			cefrj-1.5,oewn-2025		validated
master-carnival-noun	carnival	noun	B2	source-backed	cefrj-1.5	less-common	editorial-band			cefrj-1.5,oewn-2025		validated
master-carve-verb	carve	verb	B2	source-backed	cefrj-1.5	common	source-backed-rank	ngsl-gr-1.0	3184	cefrj-1.5,ngsl-gr-1.0,oewn-2025		validated
master-cascade-noun	cascade	noun	B2	source-backed	cefrj-1.5	less-common	editorial-band			cefrj-1.5,oewn-2025		validated
master-cast-noun	cast	noun	B2	source-backed	cefrj-1.5	common	source-backed-rank	ngsl-gr-1.0	1668	cefrj-1.5,ngsl-gr-1.0,oewn-2025		validated
master-cast-verb	cast	verb	B2	source-backed	cefrj-1.5	common	source-backed-rank	ngsl-gr-1.0	1668	cefrj-1.5,ngsl-gr-1.0,oewn-2025		validated
master-casually-adverb	casually	adverb	B2	source-backed	cefrj-1.5	less-common	editorial-band			cefrj-1.5,oewn-2025		validated
master-catalyst-noun	catalyst	noun	B2	source-backed	cefrj-1.5	less-common	editorial-band			cefrj-1.5,oewn-2025		validated
master-catastrophe-noun	catastrophe	noun	B2	source-backed	cefrj-1.5	less-common	editorial-band			bsl-1.2,cefrj-1.5,oewn-2025		validated
master-catastrophic-adjective	catastrophic	adjective	B2	source-backed	cefrj-1.5	less-common	editorial-band			cefrj-1.5,oewn-2025		validated
master-catchy-adjective	catchy	adjective	B2	source-backed	cefrj-1.5	less-common	editorial-band			cefrj-1.5,oewn-2025		validated
master-catering-noun	catering	noun	B2	source-backed	cefrj-1.5	less-common	editorial-band			cefrj-1.5,oewn-2025		validated
master-cathedral-noun	cathedral	noun	B2	source-backed	cefrj-1.5	less-common	source-backed-rank	ngsl-gr-1.0	3726	cefrj-1.5,ngsl-gr-1.0,oewn-2025		validated
master-cease-verb	cease	verb	B2	source-backed	cefrj-1.5	common	source-backed-rank	ngsl-gr-1.0	3208	bsl-1.2,cefrj-1.5,ngsl-gr-1.0,oewn-2025		validated
master-ceiling-noun	ceiling	noun	B2	source-backed	cefrj-1.5	common	source-backed-rank	ngsl-gr-1.0	3010	bsl-1.2,cefrj-1.5,ngsl-gr-1.0,oewn-2025		validated
master-cellar-noun	cellar	noun	B2	source-backed	cefrj-1.5	less-common	editorial-band			cefrj-1.5,oewn-2025		validated
master-cellist-noun	cellist	noun	B2	source-backed	cefrj-1.5	less-common	editorial-band			cefrj-1.5,oewn-2025		validated
master-certificate-noun	certificate	noun	B2	source-backed	cefrj-1.5	common	source-backed-rank	ngsl-gr-1.0	2964	bsl-1.2,cefrj-1.5,ngsl-gr-1.0,oewn-2025		validated
master-certification-noun	certification	noun	B2	source-backed	cefrj-1.5	less-common	editorial-band			bsl-1.2,cefrj-1.5,oewn-2025		validated
master-certify-verb	certify	verb	B2	source-backed	cefrj-1.5	less-common	editorial-band			bsl-1.2,cefrj-1.5,oewn-2025		validated
master-challenge-verb	challenge	verb	B2	source-backed	cefrj-1.5	very-common	source-backed-rank	ngsl-gr-1.0	816	cefrj-1.5,ngsl-gr-1.0,oewn-2025		validated
master-chancellor-noun	chancellor	noun	B2	source-backed	cefrj-1.5	less-common	editorial-band			bsl-1.2,cefrj-1.5,oewn-2025		validated
master-characteristic-adjective	characteristic	adjective	B2	source-backed	cefrj-1.5	common	source-backed-rank	ngsl-gr-1.0	1632	cefrj-1.5,ngsl-gr-1.0,oewn-2025		validated
master-chase-verb	chase	verb	B2	source-backed	cefrj-1.5	common	source-backed-rank	ngsl-gr-1.0	2756	cefrj-1.5,ngsl-gr-1.0,oewn-2025		validated
master-cheat-verb	cheat	verb	B2	source-backed	cefrj-1.5	less-common	source-backed-rank	ngsl-gr-1.0	4004	bsl-1.2,cefrj-1.5,nawl-1.2,ngsl-gr-1.0,oewn-2025		validated
master-chemotherapy-noun	chemotherapy	noun	B2	source-backed	cefrj-1.5	less-common	editorial-band			cefrj-1.5,nawl-1.2,oewn-2025		validated
master-chew-verb	chew	verb	B2	source-backed	cefrj-1.5	less-common	source-backed-rank	ngsl-gr-1.0	4633	cefrj-1.5,ngsl-gr-1.0,oewn-2025		validated
master-chief-noun	chief	noun	B2	source-backed	cefrj-1.5	very-common	source-backed-rank	ngsl-gr-1.0	1205	cefrj-1.5,ngsl-gr-1.0,oewn-2025		validated
master-chip-noun	chip	noun	B2	source-backed	cefrj-1.5	common	source-backed-rank	ngsl-gr-1.0	1960	cefrj-1.5,ngsl-gr-1.0,oewn-2025		validated
master-chop-verb	chop	verb	B2	source-backed	cefrj-1.5	less-common	source-backed-rank	ngsl-gr-1.0	3673	cefrj-1.5,ngsl-gr-1.0,oewn-2025		validated
master-chunk-noun	chunk	noun	B2	source-backed	cefrj-1.5	less-common	source-backed-rank	ngsl-gr-1.0	4982	bsl-1.2,cefrj-1.5,nawl-1.2,ngsl-gr-1.0,oewn-2025		validated
master-circuit-noun	circuit	noun	B2	source-backed	cefrj-1.5	common	source-backed-rank	ngsl-gr-1.0	3020	bsl-1.2,cefrj-1.5,ngsl-gr-1.0,oewn-2025		validated
master-circumstance-noun	circumstance	noun	B2	source-backed	cefrj-1.5	very-common	source-backed-rank	ngsl-gr-1.0	1279	cefrj-1.5,ngsl-gr-1.0,oewn-2025		validated
v8	clarify	verb	B2	source-backed	cefrj-1.5	common	source-backed-rank	ngsl-gr-1.0	3338	bsl-1.2,cefrj-1.5,nawl-1.2,ngsl-gr-1.0,oewn-2025,vocabulary-core-2026-08		validated
master-classic-noun	classic	noun	B2	source-backed	cefrj-1.5	common	source-backed-rank	ngsl-gr-1.0	1925	cefrj-1.5,ngsl-gr-1.0,oewn-2025		validated
master-classification-noun	classification	noun	B2	source-backed	cefrj-1.5	less-common	source-backed-rank	ngsl-gr-1.0	4068	bsl-1.2,cefrj-1.5,nawl-1.2,ngsl-gr-1.0,oewn-2025		validated
master-clause-noun	clause	noun	B2	source-backed	cefrj-1.5	common	source-backed-rank	ngsl-gr-1.0	2579	cefrj-1.5,ngsl-gr-1.0,oewn-2025		validated
master-client-noun	client	noun	B2	source-backed	cefrj-1.5	common	source-backed-rank	ngsl-gr-1.0	2863	bsl-1.2,cefrj-1.5,nawl-1.2,ngsl-gr-1.0,oewn-2025		validated
master-closure-noun	closure	noun	B2	source-backed	cefrj-1.5	less-common	source-backed-rank	ngsl-gr-1.0	3946	bsl-1.2,cefrj-1.5,nawl-1.2,ngsl-gr-1.0,oewn-2025		validated
master-clothing-noun	clothing	noun	B2	source-backed	cefrj-1.5	common	source-backed-rank	ngsl-gr-1.0	2585	cefrj-1.5,ngsl-gr-1.0,oewn-2025		validated
master-coach-verb	coach	verb	B2	source-backed	cefrj-1.5	very-common	source-backed-rank	ngsl-gr-1.0	1392	cefrj-1.5,ngsl-gr-1.0,oewn-2025		validated
master-coalition-noun	coalition	noun	B2	source-backed	cefrj-1.5	common	source-backed-rank	ngsl-gr-1.0	3203	bsl-1.2,cefrj-1.5,ngsl-gr-1.0,oewn-2025		validated
master-cocktail-noun	cocktail	noun	B2	source-backed	cefrj-1.5	less-common	source-backed-rank	ngsl-gr-1.0	4907	cefrj-1.5,ngsl-gr-1.0,oewn-2025		validated
master-coincide-verb	coincide	verb	B2	source-backed	cefrj-1.5	less-common	source-backed-rank	ngsl-gr-1.0	4492	bsl-1.2,cefrj-1.5,ngsl-gr-1.0,oewn-2025		validated
master-coincidence-noun	coincidence	noun	B2	source-backed	cefrj-1.5	less-common	source-backed-rank	ngsl-gr-1.0	4923	cefrj-1.5,ngsl-gr-1.0,oewn-2025		validated
master-collapse-verb	collapse	verb	B2	source-backed	cefrj-1.5	common	source-backed-rank	ngsl-gr-1.0	1929	cefrj-1.5,ngsl-gr-1.0,oewn-2025		validated
master-collector-noun	collector	noun	B2	source-backed	cefrj-1.5	less-common	source-backed-rank	ngsl-gr-1.0	4183	cefrj-1.5,ngsl-gr-1.0,oewn-2025		validated
master-colonial-adjective	colonial	adjective	B2	source-backed	cefrj-1.5	less-common	source-backed-rank	ngsl-gr-1.0	3950	bsl-1.2,cefrj-1.5,nawl-1.2,ngsl-gr-1.0,oewn-2025		validated
master-commander-noun	commander	noun	B2	source-backed	cefrj-1.5	common	source-backed-rank	ngsl-gr-1.0	3081	bsl-1.2,cefrj-1.5,ngsl-gr-1.0,oewn-2025		validated
master-comment-verb	comment	verb	B2	source-backed	cefrj-1.5	very-common	source-backed-rank	ngsl-gr-1.0	766	cefrj-1.5,ngsl-gr-1.0,oewn-2025		validated
master-commerce-noun	commerce	noun	B2	source-backed	cefrj-1.5	less-common	source-backed-rank	ngsl-gr-1.0	4321	bsl-1.2,cefrj-1.5,ngsl-gr-1.0,oewn-2025		validated
master-commercial-noun	commercial	noun	B2	source-backed	cefrj-1.5	very-common	source-backed-rank	ngsl-gr-1.0	1310	cefrj-1.5,ngsl-gr-1.0,oewn-2025		validated
master-commission-noun	commission	noun	B2	source-backed	cefrj-1.5	common	source-backed-rank	ngsl-gr-1.0	1643	cefrj-1.5,ngsl-gr-1.0,oewn-2025		validated
master-communicative-adjective	communicative	adjective	B2	source-backed	cefrj-1.5	less-common	editorial-band			cefrj-1.5,nawl-1.2,oewn-2025		validated
master-community-noun	community	noun	B2	source-backed	cefrj-1.5	very-common	source-backed-rank	ngsl-gr-1.0	515	cefrj-1.5,ngsl-gr-1.0,oewn-2025		validated
master-compatible-adjective	compatible	adjective	B2	source-backed	cefrj-1.5	less-common	source-backed-rank	ngsl-gr-1.0	4711	bsl-1.2,cefrj-1.5,ngsl-gr-1.0,oewn-2025		validated
master-compensate-verb	compensate	verb	B2	source-backed	cefrj-1.5	less-common	source-backed-rank	ngsl-gr-1.0	3763	bsl-1.2,cefrj-1.5,nawl-1.2,ngsl-gr-1.0,oewn-2025		validated
master-compensation-noun	compensation	noun	B2	source-backed	cefrj-1.5	common	source-backed-rank	ngsl-gr-1.0	2529	cefrj-1.5,ngsl-gr-1.0,oewn-2025		validated
master-competence-noun	competence	noun	B2	source-backed	cefrj-1.5	less-common	source-backed-rank	ngsl-gr-1.0	3618	bsl-1.2,cefrj-1.5,nawl-1.2,ngsl-gr-1.0,oewn-2025		validated
master-competent-adjective	competent	adjective	B2	source-backed	cefrj-1.5	less-common	source-backed-rank	ngsl-gr-1.0	4253	bsl-1.2,cefrj-1.5,nawl-1.2,ngsl-gr-1.0,oewn-2025		validated
master-compile-verb	compile	verb	B2	source-backed	cefrj-1.5	less-common	source-backed-rank	ngsl-gr-1.0	4273	bsl-1.2,cefrj-1.5,ngsl-gr-1.0,oewn-2025		validated
master-completion-noun	completion	noun	B2	source-backed	cefrj-1.5	less-common	source-backed-rank	ngsl-gr-1.0	3737	bsl-1.2,cefrj-1.5,ngsl-gr-1.0,oewn-2025		validated
v28	complex	adjective	B2	editorial-estimate		very-common	source-backed-rank	ngsl-gr-1.0	1097	cefrj-1.5,ngsl-gr-1.0,oewn-2025,vocabulary-core-2026-08		validated
master-complexity-noun	complexity	noun	B2	source-backed	cefrj-1.5	common	source-backed-rank	ngsl-gr-1.0	2694	cefrj-1.5,ngsl-gr-1.0,oewn-2025		validated
master-component-noun	component	noun	B2	source-backed	cefrj-1.5	common	source-backed-rank	ngsl-gr-1.0	1537	cefrj-1.5,ngsl-gr-1.0,oewn-2025		validated
master-comprehension-noun	comprehension	noun	B2	source-backed	cefrj-1.5	less-common	source-backed-rank	ngsl-gr-1.0	4728	cefrj-1.5,nawl-1.2,ngsl-gr-1.0,oewn-2025		validated
master-comprehensive-adjective	comprehensive	adjective	B2	source-backed	cefrj-1.5	common	source-backed-rank	ngsl-gr-1.0	2434	cefrj-1.5,ngsl-gr-1.0,oewn-2025		validated
master-compromise-verb	compromise	verb	B2	source-backed	cefrj-1.5	common	source-backed-rank	ngsl-gr-1.0	2505	cefrj-1.5,ngsl-gr-1.0,oewn-2025		validated
master-compulsory-adjective	compulsory	adjective	B2	source-backed	cefrj-1.5	less-common	editorial-band			bsl-1.2,cefrj-1.5,oewn-2025		validated
master-compute-verb	compute	verb	B2	source-backed	cefrj-1.5	common	source-backed-rank	ngsl-gr-1.0	2819	cefrj-1.5,ngsl-gr-1.0,oewn-2025		validated
master-conceal-verb	conceal	verb	B2	source-backed	cefrj-1.5	less-common	source-backed-rank	ngsl-gr-1.0	3912	bsl-1.2,cefrj-1.5,ngsl-gr-1.0,oewn-2025		validated
master-concede-verb	concede	verb	B2	source-backed	cefrj-1.5	less-common	source-backed-rank	ngsl-gr-1.0	3967	bsl-1.2,cefrj-1.5,ngsl-gr-1.0,oewn-2025		validated
master-conceive-verb	conceive	verb	B2	source-backed	cefrj-1.5	less-common	source-backed-rank	ngsl-gr-1.0	3815	cefrj-1.5,nawl-1.2,ngsl-gr-1.0,oewn-2025		validated
master-conception-noun	conception	noun	B2	source-backed	cefrj-1.5	less-common	source-backed-rank	ngsl-gr-1.0	3925	cefrj-1.5,nawl-1.2,ngsl-gr-1.0,oewn-2025		validated
master-concern-verb	concern	verb	B2	source-backed	cefrj-1.5	very-common	source-backed-rank	ngsl-gr-1.0	353	cefrj-1.5,ngsl-gr-1.0,oewn-2025		validated
master-concession-noun	concession	noun	B2	source-backed	cefrj-1.5	less-common	source-backed-rank	ngsl-gr-1.0	4097	bsl-1.2,cefrj-1.5,ngsl-gr-1.0,oewn-2025		validated
master-concrete-adjective	concrete	adjective	B2	source-backed	cefrj-1.5	common	source-backed-rank	ngsl-gr-1.0	2619	cefrj-1.5,ngsl-gr-1.0,oewn-2025		validated
master-concrete-noun	concrete	noun	B2	source-backed	cefrj-1.5	common	source-backed-rank	ngsl-gr-1.0	2619	cefrj-1.5,ngsl-gr-1.0,oewn-2025		validated
master-condemn-verb	condemn	verb	B2	source-backed	cefrj-1.5	common	source-backed-rank	ngsl-gr-1.0	3261	bsl-1.2,cefrj-1.5,ngsl-gr-1.0,oewn-2025		validated
master-conduct-verb	conduct	verb	B2	source-backed	cefrj-1.5	very-common	source-backed-rank	ngsl-gr-1.0	1104	cefrj-1.5,ngsl-gr-1.0,oewn-2025		validated
master-cone-noun	cone	noun	B2	source-backed	cefrj-1.5	less-common	editorial-band			cefrj-1.5,nawl-1.2,oewn-2025		validated
master-conference-noun	conference	noun	B2	source-backed	cefrj-1.5	very-common	source-backed-rank	ngsl-gr-1.0	862	cefrj-1.5,ngsl-gr-1.0,oewn-2025		validated
master-confess-verb	confess	verb	B2	source-backed	cefrj-1.5	less-common	source-backed-rank	ngsl-gr-1.0	3513	cefrj-1.5,ngsl-gr-1.0,oewn-2025		validated
master-confession-noun	confession	noun	B2	source-backed	cefrj-1.5	less-common	source-backed-rank	ngsl-gr-1.0	4972	cefrj-1.5,ngsl-gr-1.0,oewn-2025		validated
master-confine-verb	confine	verb	B2	source-backed	cefrj-1.5	common	source-backed-rank	ngsl-gr-1.0	3190	bsl-1.2,cefrj-1.5,nawl-1.2,ngsl-gr-1.0,oewn-2025		validated
master-confront-verb	confront	verb	B2	source-backed	cefrj-1.5	common	source-backed-rank	ngsl-gr-1.0	2903	bsl-1.2,cefrj-1.5,ngsl-gr-1.0,oewn-2025		validated
master-conjunction-noun	conjunction	noun	B2	source-backed	cefrj-1.5	less-common	source-backed-rank	ngsl-gr-1.0	4451	bsl-1.2,cefrj-1.5,ngsl-gr-1.0,oewn-2025		validated
master-conscience-noun	conscience	noun	B2	source-backed	cefrj-1.5	less-common	source-backed-rank	ngsl-gr-1.0	4088	cefrj-1.5,ngsl-gr-1.0,oewn-2025		validated
master-consciousness-noun	consciousness	noun	B2	source-backed	cefrj-1.5	less-common	source-backed-rank	ngsl-gr-1.0	3555	cefrj-1.5,nawl-1.2,ngsl-gr-1.0,oewn-2025		validated
master-consensus-noun	consensus	noun	B2	source-backed	cefrj-1.5	common	source-backed-rank	ngsl-gr-1.0	3109	bsl-1.2,cefrj-1.5,nawl-1.2,ngsl-gr-1.0,oewn-2025		validated
master-consent-noun	consent	noun	B2	source-backed	cefrj-1.5	common	source-backed-rank	ngsl-gr-1.0	2985	bsl-1.2,cefrj-1.5,nawl-1.2,ngsl-gr-1.0,oewn-2025		validated
master-considerably-adverb	considerably	adverb	B2	source-backed	cefrj-1.5	common	source-backed-rank	ngsl-gr-1.0	2954	bsl-1.2,cefrj-1.5,ngsl-gr-1.0,oewn-2025		validated
v9	consistent	adjective	B2	source-backed	cefrj-1.5	common	source-backed-rank	ngsl-gr-1.0	1992	cefrj-1.5,ngsl-gr-1.0,oewn-2025,vocabulary-core-2026-08		validated
master-constant-adjective	constant	adjective	B2	source-backed	cefrj-1.5	common	source-backed-rank	ngsl-gr-1.0	1718	cefrj-1.5,ngsl-gr-1.0,oewn-2025		validated
master-consult-verb	consult	verb	B2	source-backed	cefrj-1.5	common	source-backed-rank	ngsl-gr-1.0	2287	cefrj-1.5,ngsl-gr-1.0,oewn-2025		validated
master-consultant-noun	consultant	noun	B2	source-backed	cefrj-1.5	common	source-backed-rank	ngsl-gr-1.0	2409	cefrj-1.5,ngsl-gr-1.0,oewn-2025		validated
master-contemporary-adjective	contemporary	adjective	B2	source-backed	cefrj-1.5	common	source-backed-rank	ngsl-gr-1.0	2109	cefrj-1.5,ngsl-gr-1.0,oewn-2025		validated
master-contempt-noun	contempt	noun	B2	source-backed	cefrj-1.5	less-common	source-backed-rank	ngsl-gr-1.0	5031	cefrj-1.5,ngsl-gr-1.0,oewn-2025		validated
master-content-adjective	content	adjective	B2	source-backed	cefrj-1.5	very-common	source-backed-rank	ngsl-gr-1.0	1075	cefrj-1.5,ngsl-gr-1.0,oewn-2025		validated
master-contract-noun	contract	noun	B2	source-backed	cefrj-1.5	very-common	source-backed-rank	ngsl-gr-1.0	764	cefrj-1.5,ngsl-gr-1.0,oewn-2025		validated
v110	contract	verb	B2	editorial-estimate		very-common	source-backed-rank	ngsl-gr-1.0	764	ngsl-gr-1.0,octanove-c1c2-1.0,oewn-2025,vocabulary-core-2026-08		validated
master-contradict-verb	contradict	verb	B2	source-backed	cefrj-1.5	less-common	editorial-band			cefrj-1.5,nawl-1.2,oewn-2025		validated
master-contradiction-noun	contradiction	noun	B2	source-backed	cefrj-1.5	less-common	source-backed-rank	ngsl-gr-1.0	4436	cefrj-1.5,nawl-1.2,ngsl-gr-1.0,oewn-2025		validated
master-contradictory-adjective	contradictory	adjective	B2	source-backed	cefrj-1.5	less-common	editorial-band			cefrj-1.5,nawl-1.2,oewn-2025		validated
master-controversy-noun	controversy	noun	B2	source-backed	cefrj-1.5	common	source-backed-rank	ngsl-gr-1.0	3001	bsl-1.2,cefrj-1.5,nawl-1.2,ngsl-gr-1.0,oewn-2025		validated
master-convention-noun	convention	noun	B2	source-backed	cefrj-1.5	common	source-backed-rank	ngsl-gr-1.0	2007	cefrj-1.5,ngsl-gr-1.0,oewn-2025		validated
master-conventional-adjective	conventional	adjective	B2	source-backed	cefrj-1.5	common	source-backed-rank	ngsl-gr-1.0	2358	cefrj-1.5,ngsl-gr-1.0,oewn-2025		validated
master-conversion-noun	conversion	noun	B2	source-backed	cefrj-1.5	common	source-backed-rank	ngsl-gr-1.0	3476	bsl-1.2,cefrj-1.5,ngsl-gr-1.0,oewn-2025		validated
master-convert-verb	convert	verb	B2	source-backed	cefrj-1.5	common	source-backed-rank	ngsl-gr-1.0	2160	cefrj-1.5,ngsl-gr-1.0,oewn-2025		validated
master-cool-verb	cool	verb	B2	source-backed	cefrj-1.5	very-common	source-backed-rank	ngsl-gr-1.0	1206	cefrj-1.5,ngsl-gr-1.0,oewn-2025		validated
master-cooperate-verb	cooperate	verb	B2	source-backed	cefrj-1.5	less-common	source-backed-rank	ngsl-gr-1.0	3980	cefrj-1.5,ngsl-gr-1.0,oewn-2025		validated
master-cooperation-noun	cooperation	noun	B2	source-backed	cefrj-1.5	common	source-backed-rank	ngsl-gr-1.0	2656	cefrj-1.5,ngsl-gr-1.0,oewn-2025		validated
master-cooperative-adjective	cooperative	adjective	B2	source-backed	cefrj-1.5	less-common	source-backed-rank	ngsl-gr-1.0	4689	bsl-1.2,cefrj-1.5,ngsl-gr-1.0,oewn-2025		validated
master-cope-verb	cope	verb	B2	source-backed	cefrj-1.5	common	source-backed-rank	ngsl-gr-1.0	1951	cefrj-1.5,ngsl-gr-1.0,oewn-2025		validated
master-copper-noun	copper	noun	B2	source-backed	cefrj-1.5	less-common	source-backed-rank	ngsl-gr-1.0	4015	bsl-1.2,cefrj-1.5,ngsl-gr-1.0,oewn-2025		validated
master-core-noun	core	noun	B2	source-backed	cefrj-1.5	common	source-backed-rank	ngsl-gr-1.0	1880	cefrj-1.5,ngsl-gr-1.0,oewn-2025		validated
master-corporate-adjective	corporate	adjective	B2	source-backed	cefrj-1.5	common	source-backed-rank	ngsl-gr-1.0	1515	cefrj-1.5,ngsl-gr-1.0,oewn-2025		validated
master-corporation-noun	corporation	noun	B2	source-backed	cefrj-1.5	common	source-backed-rank	ngsl-gr-1.0	1959	cefrj-1.5,ngsl-gr-1.0,oewn-2025		validated
master-correct-verb	correct	verb	B2	source-backed	cefrj-1.5	very-common	source-backed-rank	ngsl-gr-1.0	1082	cefrj-1.5,ngsl-gr-1.0,oewn-2025		validated
master-correspond-verb	correspond	verb	B2	source-backed	cefrj-1.5	common	source-backed-rank	ngsl-gr-1.0	2449	cefrj-1.5,ngsl-gr-1.0,oewn-2025		validated
master-correspondence-noun	correspondence	noun	B2	source-backed	cefrj-1.5	common	source-backed-rank	ngsl-gr-1.0	3348	cefrj-1.5,nawl-1.2,ngsl-gr-1.0,oewn-2025		validated
master-correspondent-noun	correspondent	noun	B2	source-backed	cefrj-1.5	common	source-backed-rank	ngsl-gr-1.0	3473	bsl-1.2,cefrj-1.5,ngsl-gr-1.0,oewn-2025		validated
master-corridor-noun	corridor	noun	B2	source-backed	cefrj-1.5	common	source-backed-rank	ngsl-gr-1.0	3426	cefrj-1.5,ngsl-gr-1.0,oewn-2025		validated
master-corrupt-adjective	corrupt	adjective	B2	source-backed	cefrj-1.5	less-common	source-backed-rank	ngsl-gr-1.0	4402	bsl-1.2,cefrj-1.5,ngsl-gr-1.0,oewn-2025		validated
master-corruption-noun	corruption	noun	B2	source-backed	cefrj-1.5	common	source-backed-rank	ngsl-gr-1.0	3412	bsl-1.2,cefrj-1.5,nawl-1.2,ngsl-gr-1.0,oewn-2025		validated
master-costly-adjective	costly	adjective	B2	source-backed	cefrj-1.5	less-common	source-backed-rank	ngsl-gr-1.0	4158	bsl-1.2,cefrj-1.5,ngsl-gr-1.0,oewn-2025		validated
master-costume-noun	costume	noun	B2	source-backed	cefrj-1.5	less-common	source-backed-rank	ngsl-gr-1.0	3516	cefrj-1.5,ngsl-gr-1.0,oewn-2025		validated
master-cottage-noun	cottage	noun	B2	source-backed	cefrj-1.5	common	source-backed-rank	ngsl-gr-1.0	3192	cefrj-1.5,ngsl-gr-1.0,oewn-2025		validated
master-cough-noun	cough	noun	B2	source-backed	cefrj-1.5	common	source-backed-rank	ngsl-gr-1.0	2824	cefrj-1.5,ngsl-gr-1.0,oewn-2025		validated
master-counter-noun	counter	noun	B2	source-backed	cefrj-1.5	common	source-backed-rank	ngsl-gr-1.0	2462	cefrj-1.5,ngsl-gr-1.0,oewn-2025		validated
master-courtesy-noun	courtesy	noun	B2	source-backed	cefrj-1.5	less-common	source-backed-rank	ngsl-gr-1.0	4138	cefrj-1.5,ngsl-gr-1.0,oewn-2025		validated
master-crack-noun	crack	noun	B2	source-backed	cefrj-1.5	common	source-backed-rank	ngsl-gr-1.0	2118	cefrj-1.5,ngsl-gr-1.0,oewn-2025		validated
master-crack-verb	crack	verb	B2	source-backed	cefrj-1.5	common	source-backed-rank	ngsl-gr-1.0	2118	cefrj-1.5,ngsl-gr-1.0,oewn-2025		validated
master-crawl-verb	crawl	verb	B2	source-backed	cefrj-1.5	less-common	source-backed-rank	ngsl-gr-1.0	4421	cefrj-1.5,ngsl-gr-1.0,oewn-2025		validated
master-creation-noun	creation	noun	B2	source-backed	cefrj-1.5	common	source-backed-rank	ngsl-gr-1.0	1979	cefrj-1.5,ngsl-gr-1.0,oewn-2025		validated
master-crew-noun	crew	noun	B2	source-backed	cefrj-1.5	common	source-backed-rank	ngsl-gr-1.0	2145	cefrj-1.5,ngsl-gr-1.0,oewn-2025		validated
master-criminal-adjective	criminal	adjective	B2	source-backed	cefrj-1.5	common	source-backed-rank	ngsl-gr-1.0	1774	cefrj-1.5,ngsl-gr-1.0,oewn-2025		validated
master-critically-adverb	critically	adverb	B2	source-backed	cefrj-1.5	less-common	editorial-band			cefrj-1.5,nawl-1.2,oewn-2025		validated
master-criticism-noun	criticism	noun	B2	source-backed	cefrj-1.5	common	source-backed-rank	ngsl-gr-1.0	2006	cefrj-1.5,ngsl-gr-1.0,oewn-2025		validated
master-crucial-adjective	crucial	adjective	B2	source-backed	cefrj-1.5	common	source-backed-rank	ngsl-gr-1.0	2033	cefrj-1.5,ngsl-gr-1.0,oewn-2025		validated
master-cruise-verb	cruise	verb	B2	source-backed	cefrj-1.5	common	source-backed-rank	ngsl-gr-1.0	3447	bsl-1.2,cefrj-1.5,ngsl-gr-1.0,oewn-2025		validated
master-cure-verb	cure	verb	B2	source-backed	cefrj-1.5	common	source-backed-rank	ngsl-gr-1.0	2974	bsl-1.2,cefrj-1.5,nawl-1.2,ngsl-gr-1.0,oewn-2025		validated
master-curl-noun	curl	noun	B2	source-backed	cefrj-1.5	less-common	source-backed-rank	ngsl-gr-1.0	4191	cefrj-1.5,ngsl-gr-1.0,oewn-2025		validated
master-damn-adjective	damn	adjective	B2	source-backed	cefrj-1.5	common	source-backed-rank	ngsl-gr-1.0	2621	cefrj-1.5,ngsl-gr-1.0,oewn-2025		validated
master-damn-adverb	damn	adverb	B2	source-backed	cefrj-1.5	common	source-backed-rank	ngsl-gr-1.0	2621	cefrj-1.5,ngsl-gr-1.0,oewn-2025		validated
master-damn-interjection	damn	interjection	B2	source-backed	cefrj-1.5	common	source-backed-rank	ngsl-gr-1.0	2621	cefrj-1.5,ngsl-gr-1.0		validated
master-darling-adjective	darling	adjective	B2	source-backed	cefrj-1.5	less-common	source-backed-rank	ngsl-gr-1.0	4127	cefrj-1.5,ngsl-gr-1.0,oewn-2025		validated
master-darling-noun	darling	noun	B2	source-backed	cefrj-1.5	less-common	source-backed-rank	ngsl-gr-1.0	4127	cefrj-1.5,ngsl-gr-1.0,oewn-2025		validated
master-dash-noun	dash	noun	B2	source-backed	cefrj-1.5	less-common	source-backed-rank	ngsl-gr-1.0	3834	bsl-1.2,cefrj-1.5,ngsl-gr-1.0,oewn-2025		validated
master-dash-verb	dash	verb	B2	source-backed	cefrj-1.5	less-common	source-backed-rank	ngsl-gr-1.0	3834	bsl-1.2,cefrj-1.5,ngsl-gr-1.0,oewn-2025		validated
master-data-noun	data	noun	B2	source-backed	cefrj-1.5	very-common	source-backed-rank	ngsl-gr-1.0	606	cefrj-1.5,ngsl-gr-1.0,oewn-2025		validated
master-database-noun	database	noun	B2	source-backed	cefrj-1.5	common	source-backed-rank	ngsl-gr-1.0	2195	cefrj-1.5,ngsl-gr-1.0,oewn-2025		validated
master-dawn-noun	dawn	noun	B2	source-backed	cefrj-1.5	common	source-backed-rank	ngsl-gr-1.0	3423	cefrj-1.5,ngsl-gr-1.0,oewn-2025		validated
master-dear-noun	dear	noun	B2	source-backed	cefrj-1.5	very-common	source-backed-rank	ngsl-gr-1.0	1451	cefrj-1.5,ngsl-gr-1.0,oewn-2025		validated
master-debit-noun	debit	noun	B2	source-backed	cefrj-1.5	less-common	editorial-band			bsl-1.2,cefrj-1.5,oewn-2025		validated
master-debit-verb	debit	verb	B2	source-backed	cefrj-1.5	less-common	editorial-band			bsl-1.2,cefrj-1.5,oewn-2025		validated
master-decade-noun	decade	noun	B2	source-backed	cefrj-1.5	very-common	source-backed-rank	ngsl-gr-1.0	1180	cefrj-1.5,ngsl-gr-1.0,oewn-2025		validated
master-decay-verb	decay	verb	B2	source-backed	cefrj-1.5	less-common	source-backed-rank	ngsl-gr-1.0	4541	cefrj-1.5,nawl-1.2,ngsl-gr-1.0,oewn-2025		validated
master-deceive-verb	deceive	verb	B2	source-backed	cefrj-1.5	less-common	editorial-band			cefrj-1.5,nawl-1.2,oewn-2025		validated
master-decent-adjective	decent	adjective	B2	source-backed	cefrj-1.5	common	source-backed-rank	ngsl-gr-1.0	3012	bsl-1.2,cefrj-1.5,ngsl-gr-1.0,oewn-2025		validated
master-decisive-adjective	decisive	adjective	B2	source-backed	cefrj-1.5	less-common	source-backed-rank	ngsl-gr-1.0	4936	cefrj-1.5,ngsl-gr-1.0,oewn-2025		validated
master-deck-noun	deck	noun	B2	source-backed	cefrj-1.5	less-common	source-backed-rank	ngsl-gr-1.0	3525	cefrj-1.5,ngsl-gr-1.0,oewn-2025		validated
master-decline-verb	decline	verb	B2	source-backed	cefrj-1.5	very-common	source-backed-rank	ngsl-gr-1.0	1179	cefrj-1.5,ngsl-gr-1.0,oewn-2025		validated
master-decorate-verb	decorate	verb	B2	source-backed	cefrj-1.5	common	source-backed-rank	ngsl-gr-1.0	3180	cefrj-1.5,ngsl-gr-1.0,oewn-2025		validated
master-decoration-noun	decoration	noun	B2	source-backed	cefrj-1.5	less-common	source-backed-rank	ngsl-gr-1.0	4397	cefrj-1.5,ngsl-gr-1.0,oewn-2025		validated
master-deduction-noun	deduction	noun	B2	source-backed	cefrj-1.5	less-common	editorial-band			bsl-1.2,cefrj-1.5,oewn-2025		validated
master-deem-verb	deem	verb	B2	source-backed	cefrj-1.5	less-common	source-backed-rank	ngsl-gr-1.0	3630	bsl-1.2,cefrj-1.5,ngsl-gr-1.0,oewn-2025		validated
master-deep-adjective	deep	adjective	B2	source-backed	cefrj-1.5	very-common	source-backed-rank	ngsl-gr-1.0	890	cefrj-1.5,ngsl-gr-1.0,oewn-2025		validated
master-defeat-noun	defeat	noun	B2	source-backed	cefrj-1.5	common	source-backed-rank	ngsl-gr-1.0	1936	cefrj-1.5,ngsl-gr-1.0,oewn-2025		validated
master-deficit-noun	deficit	noun	B2	source-backed	cefrj-1.5	common	source-backed-rank	ngsl-gr-1.0	2533	cefrj-1.5,ngsl-gr-1.0,oewn-2025		validated
master-defy-verb	defy	verb	B2	source-backed	cefrj-1.5	less-common	editorial-band			bsl-1.2,cefrj-1.5,oewn-2025		validated
master-delegate-noun	delegate	noun	B2	source-backed	cefrj-1.5	common	source-backed-rank	ngsl-gr-1.0	2947	bsl-1.2,cefrj-1.5,ngsl-gr-1.0,oewn-2025		validated
master-deliberate-adjective	deliberate	adjective	B2	source-backed	cefrj-1.5	less-common	source-backed-rank	ngsl-gr-1.0	4326	bsl-1.2,cefrj-1.5,ngsl-gr-1.0,oewn-2025		validated
master-deliberately-adverb	deliberately	adverb	B2	source-backed	cefrj-1.5	common	source-backed-rank	ngsl-gr-1.0	3406	bsl-1.2,cefrj-1.5,nawl-1.2,ngsl-gr-1.0,oewn-2025		validated
master-delight-verb	delight	verb	B2	source-backed	cefrj-1.5	common	source-backed-rank	ngsl-gr-1.0	2021	cefrj-1.5,ngsl-gr-1.0,oewn-2025		validated
master-dense-adjective	dense	adjective	B2	source-backed	cefrj-1.5	less-common	source-backed-rank	ngsl-gr-1.0	4195	cefrj-1.5,nawl-1.2,ngsl-gr-1.0,oewn-2025		validated
master-deposit-verb	deposit	verb	B2	source-backed	cefrj-1.5	common	source-backed-rank	ngsl-gr-1.0	2363	cefrj-1.5,ngsl-gr-1.0,oewn-2025		validated
master-deputy-noun	deputy	noun	B2	source-backed	cefrj-1.5	common	source-backed-rank	ngsl-gr-1.0	3075	bsl-1.2,cefrj-1.5,ngsl-gr-1.0,oewn-2025		validated
v111	derive	verb	B2	editorial-estimate		common	source-backed-rank	ngsl-gr-1.0	2032	cefrj-1.5,ngsl-gr-1.0,oewn-2025,vocabulary-core-2026-08		validated
master-descend-verb	descend	verb	B2	source-backed	cefrj-1.5	common	source-backed-rank	ngsl-gr-1.0	3485	cefrj-1.5,ngsl-gr-1.0,oewn-2025		validated
master-desirable-adjective	desirable	adjective	B2	source-backed	cefrj-1.5	less-common	source-backed-rank	ngsl-gr-1.0	3775	bsl-1.2,cefrj-1.5,ngsl-gr-1.0,oewn-2025		validated
master-desire-verb	desire	verb	B2	source-backed	cefrj-1.5	very-common	source-backed-rank	ngsl-gr-1.0	1341	cefrj-1.5,ngsl-gr-1.0,oewn-2025		validated
master-desktop-noun	desktop	noun	B2	source-backed	cefrj-1.5	less-common	source-backed-rank	ngsl-gr-1.0	4140	bsl-1.2,cefrj-1.5,ngsl-gr-1.0,oewn-2025		validated
master-desperately-adverb	desperately	adverb	B2	source-backed	cefrj-1.5	less-common	source-backed-rank	ngsl-gr-1.0	3708	cefrj-1.5,ngsl-gr-1.0,oewn-2025		validated
master-detect-verb	detect	verb	B2	source-backed	cefrj-1.5	common	source-backed-rank	ngsl-gr-1.0	2395	cefrj-1.5,ngsl-gr-1.0,oewn-2025		validated
master-devil-noun	devil	noun	B2	source-backed	cefrj-1.5	less-common	source-backed-rank	ngsl-gr-1.0	4135	cefrj-1.5,ngsl-gr-1.0,oewn-2025		validated
master-devote-verb	devote	verb	B2	source-backed	cefrj-1.5	common	source-backed-rank	ngsl-gr-1.0	2170	cefrj-1.5,ngsl-gr-1.0,oewn-2025		validated
master-dictator-noun	dictator	noun	B2	source-backed	cefrj-1.5	less-common	editorial-band			bsl-1.2,cefrj-1.5,oewn-2025		validated
master-dignity-noun	dignity	noun	B2	source-backed	cefrj-1.5	less-common	source-backed-rank	ngsl-gr-1.0	3988	cefrj-1.5,ngsl-gr-1.0,oewn-2025		validated
master-dilemma-noun	dilemma	noun	B2	source-backed	cefrj-1.5	less-common	source-backed-rank	ngsl-gr-1.0	3949	bsl-1.2,cefrj-1.5,nawl-1.2,ngsl-gr-1.0,oewn-2025		validated
master-dim-adjective	dim	adjective	B2	source-backed	cefrj-1.5	less-common	source-backed-rank	ngsl-gr-1.0	4943	cefrj-1.5,ngsl-gr-1.0,oewn-2025		validated
master-dimension-noun	dimension	noun	B2	source-backed	cefrj-1.5	common	source-backed-rank	ngsl-gr-1.0	2300	cefrj-1.5,ngsl-gr-1.0,oewn-2025		validated
master-dip-verb	dip	verb	B2	source-backed	cefrj-1.5	less-common	source-backed-rank	ngsl-gr-1.0	3587	bsl-1.2,cefrj-1.5,ngsl-gr-1.0,oewn-2025		validated
master-diplomat-noun	diplomat	noun	B2	source-backed	cefrj-1.5	less-common	source-backed-rank	ngsl-gr-1.0	4614	bsl-1.2,cefrj-1.5,ngsl-gr-1.0,oewn-2025		validated
master-discharge-noun	discharge	noun	B2	source-backed	cefrj-1.5	common	source-backed-rank	ngsl-gr-1.0	3489	bsl-1.2,cefrj-1.5,nawl-1.2,ngsl-gr-1.0,oewn-2025		validated
master-discipline-noun	discipline	noun	B2	source-backed	cefrj-1.5	common	source-backed-rank	ngsl-gr-1.0	1902	cefrj-1.5,ngsl-gr-1.0,oewn-2025		validated
master-discriminate-verb	discriminate	verb	B2	source-backed	cefrj-1.5	less-common	source-backed-rank	ngsl-gr-1.0	5041	bsl-1.2,cefrj-1.5,ngsl-gr-1.0,oewn-2025		validated
master-disguise-noun	disguise	noun	B2	source-backed	cefrj-1.5	less-common	source-backed-rank	ngsl-gr-1.0	4590	bsl-1.2,cefrj-1.5,ngsl-gr-1.0,oewn-2025		validated
master-disguise-verb	disguise	verb	B2	source-backed	cefrj-1.5	less-common	source-backed-rank	ngsl-gr-1.0	4590	bsl-1.2,cefrj-1.5,ngsl-gr-1.0,oewn-2025		validated
master-dismiss-verb	dismiss	verb	B2	source-backed	cefrj-1.5	common	source-backed-rank	ngsl-gr-1.0	2442	cefrj-1.5,ngsl-gr-1.0,oewn-2025		validated
master-disorder-noun	disorder	noun	B2	source-backed	cefrj-1.5	common	source-backed-rank	ngsl-gr-1.0	2215	cefrj-1.5,ngsl-gr-1.0,oewn-2025		validated
master-displace-verb	displace	verb	B2	source-backed	cefrj-1.5	less-common	editorial-band			bsl-1.2,cefrj-1.5,oewn-2025		validated
master-disposal-noun	disposal	noun	B2	source-backed	cefrj-1.5	less-common	source-backed-rank	ngsl-gr-1.0	4070	bsl-1.2,cefrj-1.5,ngsl-gr-1.0,oewn-2025		validated
master-disposition-noun	disposition	noun	B2	source-backed	cefrj-1.5	less-common	editorial-band			bsl-1.2,cefrj-1.5,oewn-2025		validated
master-dispute-noun	dispute	noun	B2	source-backed	cefrj-1.5	common	source-backed-rank	ngsl-gr-1.0	2079	cefrj-1.5,ngsl-gr-1.0,oewn-2025		validated
master-disrupt-verb	disrupt	verb	B2	source-backed	cefrj-1.5	less-common	source-backed-rank	ngsl-gr-1.0	4512	bsl-1.2,cefrj-1.5,ngsl-gr-1.0,oewn-2025		validated
master-dissident-noun	dissident	noun	B2	source-backed	cefrj-1.5	less-common	editorial-band			bsl-1.2,cefrj-1.5,oewn-2025		validated
v77	distinguish	verb	B2	editorial-estimate		common	source-backed-rank	ngsl-gr-1.0	1943	cefrj-1.5,ngsl-gr-1.0,oewn-2025,vocabulary-core-2026-08		validated
master-distortion-noun	distortion	noun	B2	source-backed	cefrj-1.5	less-common	editorial-band			bsl-1.2,cefrj-1.5,oewn-2025		validated
master-distract-verb	distract	verb	B2	source-backed	cefrj-1.5	less-common	source-backed-rank	ngsl-gr-1.0	4278	cefrj-1.5,ngsl-gr-1.0,oewn-2025		validated
master-distributor-noun	distributor	noun	B2	source-backed	cefrj-1.5	less-common	source-backed-rank	ngsl-gr-1.0	4738	bsl-1.2,cefrj-1.5,ngsl-gr-1.0,oewn-2025		validated
master-divert-verb	divert	verb	B2	source-backed	cefrj-1.5	less-common	source-backed-rank	ngsl-gr-1.0	4584	bsl-1.2,cefrj-1.5,ngsl-gr-1.0,oewn-2025		validated
master-division-noun	division	noun	B2	source-backed	cefrj-1.5	common	source-backed-rank	ngsl-gr-1.0	1572	cefrj-1.5,ngsl-gr-1.0,oewn-2025		validated
master-divorce-noun	divorce	noun	B2	source-backed	cefrj-1.5	common	source-backed-rank	ngsl-gr-1.0	2454	cefrj-1.5,ngsl-gr-1.0,oewn-2025		validated
master-divorce-verb	divorce	verb	B2	source-backed	cefrj-1.5	common	source-backed-rank	ngsl-gr-1.0	2454	cefrj-1.5,ngsl-gr-1.0,oewn-2025		validated
master-dock-noun	dock	noun	B2	source-backed	cefrj-1.5	less-common	source-backed-rank	ngsl-gr-1.0	4110	cefrj-1.5,ngsl-gr-1.0,oewn-2025		validated
master-domestic-adjective	domestic	adjective	B2	source-backed	cefrj-1.5	common	source-backed-rank	ngsl-gr-1.0	1504	cefrj-1.5,ngsl-gr-1.0,oewn-2025		validated
master-dominate-verb	dominate	verb	B2	source-backed	cefrj-1.5	common	source-backed-rank	ngsl-gr-1.0	2053	cefrj-1.5,ngsl-gr-1.0,oewn-2025		validated
master-donate-verb	donate	verb	B2	source-backed	cefrj-1.5	less-common	source-backed-rank	ngsl-gr-1.0	3862	cefrj-1.5,ngsl-gr-1.0,oewn-2025		validated
master-donation-noun	donation	noun	B2	source-backed	cefrj-1.5	less-common	source-backed-rank	ngsl-gr-1.0	4058	bsl-1.2,cefrj-1.5,ngsl-gr-1.0,oewn-2025		validated
master-doom-noun	doom	noun	B2	source-backed	cefrj-1.5	less-common	source-backed-rank	ngsl-gr-1.0	4836	bsl-1.2,cefrj-1.5,ngsl-gr-1.0,oewn-2025		validated
master-doorway-noun	doorway	noun	B2	source-backed	cefrj-1.5	less-common	source-backed-rank	ngsl-gr-1.0	4966	cefrj-1.5,ngsl-gr-1.0,oewn-2025		validated
master-dose-noun	dose	noun	B2	source-backed	cefrj-1.5	common	source-backed-rank	ngsl-gr-1.0	2978	bsl-1.2,cefrj-1.5,nawl-1.2,ngsl-gr-1.0,oewn-2025		validated
master-double-noun	double	noun	B2	source-backed	cefrj-1.5	very-common	source-backed-rank	ngsl-gr-1.0	1146	cefrj-1.5,ngsl-gr-1.0,oewn-2025		validated
master-double-verb	double	verb	B2	source-backed	cefrj-1.5	very-common	source-backed-rank	ngsl-gr-1.0	1146	cefrj-1.5,ngsl-gr-1.0,oewn-2025		validated
master-doubt-verb	doubt	verb	B2	source-backed	cefrj-1.5	very-common	source-backed-rank	ngsl-gr-1.0	924	cefrj-1.5,ngsl-gr-1.0,oewn-2025		validated
master-doubtful-adjective	doubtful	adjective	B2	source-backed	cefrj-1.5	less-common	editorial-band			bsl-1.2,cefrj-1.5,oewn-2025		validated
master-down-adjective	down	adjective	B2	source-backed	cefrj-1.5	very-common	source-backed-rank	ngsl-gr-1.0	159	cefrj-1.5,ngsl-gr-1.0,oewn-2025		validated
master-drain-noun	drain	noun	B2	source-backed	cefrj-1.5	common	source-backed-rank	ngsl-gr-1.0	3101	bsl-1.2,cefrj-1.5,nawl-1.2,ngsl-gr-1.0,oewn-2025		validated
master-drain-verb	drain	verb	B2	source-backed	cefrj-1.5	common	source-backed-rank	ngsl-gr-1.0	3101	bsl-1.2,cefrj-1.5,nawl-1.2,ngsl-gr-1.0,oewn-2025		validated
master-dramatically-adverb	dramatically	adverb	B2	source-backed	cefrj-1.5	common	source-backed-rank	ngsl-gr-1.0	2574	cefrj-1.5,ngsl-gr-1.0,oewn-2025		validated
master-dread-verb	dread	verb	B2	source-backed	cefrj-1.5	less-common	source-backed-rank	ngsl-gr-1.0	4785	cefrj-1.5,ngsl-gr-1.0,oewn-2025		validated
master-dreadful-adjective	dreadful	adjective	B2	source-backed	cefrj-1.5	less-common	source-backed-rank	ngsl-gr-1.0	4720	cefrj-1.5,ngsl-gr-1.0,oewn-2025		validated
master-drought-noun	drought	noun	B2	source-backed	cefrj-1.5	less-common	source-backed-rank	ngsl-gr-1.0	4938	cefrj-1.5,ngsl-gr-1.0,oewn-2025		validated
master-dumb-adjective	dumb	adjective	B2	source-backed	cefrj-1.5	less-common	source-backed-rank	ngsl-gr-1.0	4912	cefrj-1.5,ngsl-gr-1.0,oewn-2025		validated
master-duplicate-noun	duplicate	noun	B2	source-backed	cefrj-1.5	less-common	editorial-band			bsl-1.2,cefrj-1.5,oewn-2025		validated
master-dye-noun	dye	noun	B2	source-backed	cefrj-1.5	less-common	editorial-band			cefrj-1.5,nawl-1.2,oewn-2025		validated
master-dynamic-adjective	dynamic	adjective	B2	source-backed	cefrj-1.5	common	source-backed-rank	ngsl-gr-1.0	2880	bsl-1.2,cefrj-1.5,nawl-1.2,ngsl-gr-1.0,oewn-2025		validated
master-ease-noun	ease	noun	B2	source-backed	cefrj-1.5	common	source-backed-rank	ngsl-gr-1.0	2111	cefrj-1.5,ngsl-gr-1.0,oewn-2025		validated
master-ease-verb	ease	verb	B2	source-backed	cefrj-1.5	common	source-backed-rank	ngsl-gr-1.0	2111	cefrj-1.5,ngsl-gr-1.0,oewn-2025		validated
master-economist-noun	economist	noun	B2	source-backed	cefrj-1.5	common	source-backed-rank	ngsl-gr-1.0	3030	bsl-1.2,cefrj-1.5,nawl-1.2,ngsl-gr-1.0,oewn-2025		validated
master-edit-verb	edit	verb	B2	source-backed	cefrj-1.5	common	source-backed-rank	ngsl-gr-1.0	2361	cefrj-1.5,ngsl-gr-1.0,oewn-2025		validated
master-editorial-noun	editorial	noun	B2	source-backed	cefrj-1.5	common	source-backed-rank	ngsl-gr-1.0	3183	bsl-1.2,cefrj-1.5,ngsl-gr-1.0,oewn-2025		validated
master-educator-noun	educator	noun	B2	source-backed	cefrj-1.5	less-common	source-backed-rank	ngsl-gr-1.0	4784	cefrj-1.5,ngsl-gr-1.0,oewn-2025		validated
master-effectively-adverb	effectively	adverb	B2	source-backed	cefrj-1.5	common	source-backed-rank	ngsl-gr-1.0	1892	cefrj-1.5,ngsl-gr-1.0,oewn-2025		validated
master-effectiveness-noun	effectiveness	noun	B2	source-backed	cefrj-1.5	common	source-backed-rank	ngsl-gr-1.0	3322	bsl-1.2,cefrj-1.5,nawl-1.2,ngsl-gr-1.0,oewn-2025		validated
master-elect-verb	elect	verb	B2	source-backed	cefrj-1.5	common	source-backed-rank	ngsl-gr-1.0	1628	cefrj-1.5,ngsl-gr-1.0,oewn-2025		validated
master-elegant-adjective	elegant	adjective	B2	source-backed	cefrj-1.5	common	source-backed-rank	ngsl-gr-1.0	3397	cefrj-1.5,ngsl-gr-1.0,oewn-2025		validated
master-eligible-adjective	eligible	adjective	B2	source-backed	cefrj-1.5	less-common	source-backed-rank	ngsl-gr-1.0	3626	bsl-1.2,cefrj-1.5,ngsl-gr-1.0,oewn-2025		validated
master-elite-noun	elite	noun	B2	source-backed	cefrj-1.5	common	source-backed-rank	ngsl-gr-1.0	3186	bsl-1.2,cefrj-1.5,nawl-1.2,ngsl-gr-1.0,oewn-2025		validated
master-embassy-noun	embassy	noun	B2	source-backed	cefrj-1.5	less-common	source-backed-rank	ngsl-gr-1.0	4576	cefrj-1.5,ngsl-gr-1.0,oewn-2025		validated
master-embrace-noun	embrace	noun	B2	source-backed	cefrj-1.5	common	source-backed-rank	ngsl-gr-1.0	2522	cefrj-1.5,ngsl-gr-1.0,oewn-2025		validated
master-emergence-noun	emergence	noun	B2	source-backed	cefrj-1.5	less-common	source-backed-rank	ngsl-gr-1.0	4240	bsl-1.2,cefrj-1.5,nawl-1.2,ngsl-gr-1.0,oewn-2025		validated
master-employ-verb	employ	verb	B2	source-backed	cefrj-1.5	very-common	source-backed-rank	ngsl-gr-1.0	1344	cefrj-1.5,ngsl-gr-1.0,oewn-2025		validated
master-employee-noun	employee	noun	B2	source-backed	cefrj-1.5	very-common	source-backed-rank	ngsl-gr-1.0	674	cefrj-1.5,ngsl-gr-1.0,oewn-2025		validated
master-employer-noun	employer	noun	B2	source-backed	cefrj-1.5	common	source-backed-rank	ngsl-gr-1.0	1752	cefrj-1.5,ngsl-gr-1.0,oewn-2025		validated
master-encounter-verb	encounter	verb	B2	source-backed	cefrj-1.5	common	source-backed-rank	ngsl-gr-1.0	1962	cefrj-1.5,ngsl-gr-1.0,oewn-2025		validated
master-endorse-verb	endorse	verb	B2	source-backed	cefrj-1.5	common	source-backed-rank	ngsl-gr-1.0	3364	bsl-1.2,cefrj-1.5,ngsl-gr-1.0,oewn-2025		validated
master-energy-noun	energy	noun	B2	source-backed	cefrj-1.5	very-common	source-backed-rank	ngsl-gr-1.0	881	cefrj-1.5,ngsl-gr-1.0,oewn-2025		validated
master-enforce-verb	enforce	verb	B2	source-backed	cefrj-1.5	common	source-backed-rank	ngsl-gr-1.0	3131	bsl-1.2,cefrj-1.5,ngsl-gr-1.0,oewn-2025		validated
master-engagement-noun	engagement	noun	B2	source-backed	cefrj-1.5	common	source-backed-rank	ngsl-gr-1.0	3247	bsl-1.2,cefrj-1.5,ngsl-gr-1.0,oewn-2025		validated
v78	enhance	verb	B2	source-backed	cefrj-1.5	common	source-backed-rank	ngsl-gr-1.0	1939	cefrj-1.5,ngsl-gr-1.0,oewn-2025,vocabulary-core-2026-08		validated
master-enterprise-noun	enterprise	noun	B2	source-backed	cefrj-1.5	common	source-backed-rank	ngsl-gr-1.0	2101	cefrj-1.5,ngsl-gr-1.0,oewn-2025		validated
master-entitle-verb	entitle	verb	B2	source-backed	cefrj-1.5	common	source-backed-rank	ngsl-gr-1.0	2354	cefrj-1.5,ngsl-gr-1.0,oewn-2025		validated
master-entrepreneur-noun	entrepreneur	noun	B2	source-backed	cefrj-1.5	less-common	source-backed-rank	ngsl-gr-1.0	3685	bsl-1.2,cefrj-1.5,ngsl-gr-1.0,oewn-2025		validated
master-envy-verb	envy	verb	B2	source-backed	cefrj-1.5	less-common	source-backed-rank	ngsl-gr-1.0	4981	cefrj-1.5,ngsl-gr-1.0,oewn-2025		validated
master-equal-noun	equal	noun	B2	source-backed	cefrj-1.5	very-common	source-backed-rank	ngsl-gr-1.0	1304	cefrj-1.5,ngsl-gr-1.0,oewn-2025		validated
master-equal-verb	equal	verb	B2	source-backed	cefrj-1.5	very-common	source-backed-rank	ngsl-gr-1.0	1304	cefrj-1.5,ngsl-gr-1.0,oewn-2025		validated
master-equation-noun	equation	noun	B2	source-backed	cefrj-1.5	common	source-backed-rank	ngsl-gr-1.0	2539	cefrj-1.5,ngsl-gr-1.0,oewn-2025		validated
master-equip-verb	equip	verb	B2	source-backed	cefrj-1.5	common	source-backed-rank	ngsl-gr-1.0	3170	bsl-1.2,cefrj-1.5,ngsl-gr-1.0,oewn-2025		validated
master-equity-noun	equity	noun	B2	source-backed	cefrj-1.5	common	source-backed-rank	ngsl-gr-1.0	3013	bsl-1.2,cefrj-1.5,ngsl-gr-1.0,oewn-2025		validated
master-erect-adjective	erect	adjective	B2	source-backed	cefrj-1.5	less-common	source-backed-rank	ngsl-gr-1.0	4430	cefrj-1.5,ngsl-gr-1.0,oewn-2025		validated
master-essentially-adverb	essentially	adverb	B2	source-backed	cefrj-1.5	common	source-backed-rank	ngsl-gr-1.0	2871	bsl-1.2,cefrj-1.5,nawl-1.2,ngsl-gr-1.0,oewn-2025		validated
v79	establish	verb	B2	editorial-estimate		very-common	source-backed-rank	ngsl-gr-1.0	746	cefrj-1.5,ngsl-gr-1.0,oewn-2025,vocabulary-core-2026-08		validated
master-estate-noun	estate	noun	B2	source-backed	cefrj-1.5	common	source-backed-rank	ngsl-gr-1.0	1821	cefrj-1.5,ngsl-gr-1.0,oewn-2025		validated
master-estimate-noun	estimate	noun	B2	source-backed	cefrj-1.5	very-common	source-backed-rank	ngsl-gr-1.0	1049	cefrj-1.5,ngsl-gr-1.0,oewn-2025		validated
master-ethnic-adjective	ethnic	adjective	B2	source-backed	cefrj-1.5	common	source-backed-rank	ngsl-gr-1.0	2415	cefrj-1.5,ngsl-gr-1.0,oewn-2025		validated
v15	evaluate	verb	B2	source-backed	cefrj-1.5	common	source-backed-rank	ngsl-gr-1.0	2189	cefrj-1.5,ngsl-gr-1.0,oewn-2025,vocabulary-core-2026-08		validated
master-evaluation-noun	evaluation	noun	B2	source-backed	cefrj-1.5	common	source-backed-rank	ngsl-gr-1.0	2504	cefrj-1.5,ngsl-gr-1.0,oewn-2025		validated
master-evidently-adverb	evidently	adverb	B2	source-backed	cefrj-1.5	less-common	source-backed-rank	ngsl-gr-1.0	4466	cefrj-1.5,ngsl-gr-1.0,oewn-2025		validated
master-evil-adjective	evil	adjective	B2	source-backed	cefrj-1.5	common	source-backed-rank	ngsl-gr-1.0	2240	cefrj-1.5,ngsl-gr-1.0,oewn-2025		validated
master-evil-noun	evil	noun	B2	source-backed	cefrj-1.5	common	source-backed-rank	ngsl-gr-1.0	2240	cefrj-1.5,ngsl-gr-1.0,oewn-2025		validated
master-evolution-noun	evolution	noun	B2	source-backed	cefrj-1.5	common	source-backed-rank	ngsl-gr-1.0	2472	cefrj-1.5,ngsl-gr-1.0,oewn-2025		validated
master-evolve-verb	evolve	verb	B2	source-backed	cefrj-1.5	common	source-backed-rank	ngsl-gr-1.0	2586	cefrj-1.5,ngsl-gr-1.0,oewn-2025		validated
master-exceed-verb	exceed	verb	B2	source-backed	cefrj-1.5	common	source-backed-rank	ngsl-gr-1.0	2558	cefrj-1.5,ngsl-gr-1.0,oewn-2025		validated
master-exception-noun	exception	noun	B2	source-backed	cefrj-1.5	common	source-backed-rank	ngsl-gr-1.0	1958	cefrj-1.5,ngsl-gr-1.0,oewn-2025		validated
master-exceptional-adjective	exceptional	adjective	B2	source-backed	cefrj-1.5	less-common	source-backed-rank	ngsl-gr-1.0	4216	bsl-1.2,cefrj-1.5,ngsl-gr-1.0,oewn-2025		validated
master-excessive-adjective	excessive	adjective	B2	source-backed	cefrj-1.5	less-common	source-backed-rank	ngsl-gr-1.0	3854	bsl-1.2,cefrj-1.5,ngsl-gr-1.0,oewn-2025		validated
master-exclude-verb	exclude	verb	B2	source-backed	cefrj-1.5	common	source-backed-rank	ngsl-gr-1.0	2138	cefrj-1.5,ngsl-gr-1.0,oewn-2025		validated
master-exclusion-noun	exclusion	noun	B2	source-backed	cefrj-1.5	less-common	source-backed-rank	ngsl-gr-1.0	4660	bsl-1.2,cefrj-1.5,ngsl-gr-1.0,oewn-2025		validated
master-exclusively-adverb	exclusively	adverb	B2	source-backed	cefrj-1.5	less-common	source-backed-rank	ngsl-gr-1.0	3628	bsl-1.2,cefrj-1.5,ngsl-gr-1.0,oewn-2025		validated
master-execute-verb	execute	verb	B2	source-backed	cefrj-1.5	common	source-backed-rank	ngsl-gr-1.0	2979	bsl-1.2,cefrj-1.5,nawl-1.2,ngsl-gr-1.0,oewn-2025		validated
master-execution-noun	execution	noun	B2	source-backed	cefrj-1.5	common	source-backed-rank	ngsl-gr-1.0	3301	bsl-1.2,cefrj-1.5,nawl-1.2,ngsl-gr-1.0,oewn-2025		validated
master-executive-adjective	executive	adjective	B2	source-backed	cefrj-1.5	very-common	source-backed-rank	ngsl-gr-1.0	1109	cefrj-1.5,ngsl-gr-1.0,oewn-2025		validated
master-executive-noun	executive	noun	B2	source-backed	cefrj-1.5	very-common	source-backed-rank	ngsl-gr-1.0	1109	cefrj-1.5,ngsl-gr-1.0,oewn-2025		validated
master-exhaust-noun	exhaust	noun	B2	source-backed	cefrj-1.5	common	source-backed-rank	ngsl-gr-1.0	2719	cefrj-1.5,ngsl-gr-1.0,oewn-2025		validated
master-exhibit-verb	exhibit	verb	B2	source-backed	cefrj-1.5	common	source-backed-rank	ngsl-gr-1.0	2046	cefrj-1.5,ngsl-gr-1.0,oewn-2025		validated
master-exile-noun	exile	noun	B2	source-backed	cefrj-1.5	less-common	source-backed-rank	ngsl-gr-1.0	4043	bsl-1.2,cefrj-1.5,ngsl-gr-1.0,oewn-2025		validated
master-exotic-adjective	exotic	adjective	B2	source-backed	cefrj-1.5	less-common	source-backed-rank	ngsl-gr-1.0	3877	cefrj-1.5,ngsl-gr-1.0,oewn-2025		validated
master-expansion-noun	expansion	noun	B2	source-backed	cefrj-1.5	common	source-backed-rank	ngsl-gr-1.0	2203	cefrj-1.5,ngsl-gr-1.0,oewn-2025		validated
master-expedition-noun	expedition	noun	B2	source-backed	cefrj-1.5	less-common	source-backed-rank	ngsl-gr-1.0	3942	cefrj-1.5,ngsl-gr-1.0,oewn-2025		validated
master-experiment-verb	experiment	verb	B2	source-backed	cefrj-1.5	very-common	source-backed-rank	ngsl-gr-1.0	1393	cefrj-1.5,ngsl-gr-1.0,oewn-2025		validated
master-expert-adjective	expert	adjective	B2	source-backed	cefrj-1.5	very-common	source-backed-rank	ngsl-gr-1.0	1207	cefrj-1.5,ngsl-gr-1.0,oewn-2025		validated
v112	explicit	adjective	B2	editorial-estimate		less-common	source-backed-rank	ngsl-gr-1.0	3532	bsl-1.2,nawl-1.2,ngsl-gr-1.0,vocabulary-core-2026-08		validated
master-explode-verb	explode	verb	B2	source-backed	cefrj-1.5	common	source-backed-rank	ngsl-gr-1.0	3499	bsl-1.2,cefrj-1.5,ngsl-gr-1.0,oewn-2025		validated
master-exploit-verb	exploit	verb	B2	source-backed	cefrj-1.5	common	source-backed-rank	ngsl-gr-1.0	2951	bsl-1.2,cefrj-1.5,nawl-1.2,ngsl-gr-1.0,oewn-2025		validated
master-explosive-adjective	explosive	adjective	B2	source-backed	cefrj-1.5	less-common	source-backed-rank	ngsl-gr-1.0	4185	bsl-1.2,cefrj-1.5,ngsl-gr-1.0,oewn-2025		validated
master-explosive-noun	explosive	noun	B2	source-backed	cefrj-1.5	less-common	source-backed-rank	ngsl-gr-1.0	4185	bsl-1.2,cefrj-1.5,ngsl-gr-1.0,oewn-2025		validated
master-export-noun	export	noun	B2	source-backed	cefrj-1.5	common	source-backed-rank	ngsl-gr-1.0	1593	cefrj-1.5,ngsl-gr-1.0,oewn-2025		validated
master-export-verb	export	verb	B2	source-backed	cefrj-1.5	common	source-backed-rank	ngsl-gr-1.0	1593	cefrj-1.5,ngsl-gr-1.0,oewn-2025		validated
master-extension-noun	extension	noun	B2	source-backed	cefrj-1.5	common	source-backed-rank	ngsl-gr-1.0	2236	cefrj-1.5,ngsl-gr-1.0,oewn-2025		validated
master-extensive-adjective	extensive	adjective	B2	source-backed	cefrj-1.5	common	source-backed-rank	ngsl-gr-1.0	2281	cefrj-1.5,ngsl-gr-1.0,oewn-2025		validated
master-external-adjective	external	adjective	B2	source-backed	cefrj-1.5	common	source-backed-rank	ngsl-gr-1.0	2175	cefrj-1.5,ngsl-gr-1.0,oewn-2025		validated
master-extract-noun	extract	noun	B2	source-backed	cefrj-1.5	common	source-backed-rank	ngsl-gr-1.0	2697	cefrj-1.5,ngsl-gr-1.0,oewn-2025		validated
master-extract-verb	extract	verb	B2	source-backed	cefrj-1.5	common	source-backed-rank	ngsl-gr-1.0	2697	cefrj-1.5,ngsl-gr-1.0,oewn-2025		validated
master-fabric-noun	fabric	noun	B2	source-backed	cefrj-1.5	common	source-backed-rank	ngsl-gr-1.0	3237	cefrj-1.5,nawl-1.2,ngsl-gr-1.0,oewn-2025		validated
master-fabulous-adjective	fabulous	adjective	B2	source-backed	cefrj-1.5	less-common	source-backed-rank	ngsl-gr-1.0	4635	cefrj-1.5,ngsl-gr-1.0,oewn-2025		validated
master-facilitate-verb	facilitate	verb	B2	source-backed	cefrj-1.5	common	source-backed-rank	ngsl-gr-1.0	3078	bsl-1.2,cefrj-1.5,nawl-1.2,ngsl-gr-1.0,oewn-2025		validated
master-factor-noun	factor	noun	B2	source-backed	cefrj-1.5	very-common	source-backed-rank	ngsl-gr-1.0	686	cefrj-1.5,ngsl-gr-1.0,oewn-2025		validated
master-faculty-noun	faculty	noun	B2	source-backed	cefrj-1.5	common	source-backed-rank	ngsl-gr-1.0	3332	bsl-1.2,cefrj-1.5,nawl-1.2,ngsl-gr-1.0,oewn-2025		validated
master-faint-verb	faint	verb	B2	source-backed	cefrj-1.5	common	source-backed-rank	ngsl-gr-1.0	3380	cefrj-1.5,ngsl-gr-1.0,oewn-2025		validated
master-faith-noun	faith	noun	B2	source-backed	cefrj-1.5	common	source-backed-rank	ngsl-gr-1.0	1736	cefrj-1.5,ngsl-gr-1.0,oewn-2025		validated
master-fame-noun	fame	noun	B2	source-backed	cefrj-1.5	common	source-backed-rank	ngsl-gr-1.0	3258	cefrj-1.5,ngsl-gr-1.0,oewn-2025		validated
master-fat-noun	fat	noun	B2	source-backed	cefrj-1.5	common	source-backed-rank	ngsl-gr-1.0	1704	cefrj-1.5,ngsl-gr-1.0,oewn-2025		validated
master-fatal-adjective	fatal	adjective	B2	source-backed	cefrj-1.5	less-common	source-backed-rank	ngsl-gr-1.0	4244	cefrj-1.5,ngsl-gr-1.0,oewn-2025		validated
master-fate-noun	fate	noun	B2	source-backed	cefrj-1.5	common	source-backed-rank	ngsl-gr-1.0	3050	bsl-1.2,cefrj-1.5,ngsl-gr-1.0,oewn-2025		validated
master-fear-verb	fear	verb	B2	source-backed	cefrj-1.5	very-common	source-backed-rank	ngsl-gr-1.0	843	cefrj-1.5,ngsl-gr-1.0,oewn-2025		validated
master-feature-verb	feature	verb	B2	source-backed	cefrj-1.5	very-common	source-backed-rank	ngsl-gr-1.0	685	cefrj-1.5,ngsl-gr-1.0,oewn-2025		validated
master-federal-adjective	federal	adjective	B2	source-backed	cefrj-1.5	very-common	source-backed-rank	ngsl-gr-1.0	1173	cefrj-1.5,ngsl-gr-1.0,oewn-2025		validated
master-feedback-noun	feedback	noun	B2	source-backed	cefrj-1.5	common	source-backed-rank	ngsl-gr-1.0	3008	bsl-1.2,cefrj-1.5,nawl-1.2,ngsl-gr-1.0,oewn-2025		validated
master-female-noun	female	noun	B2	source-backed	cefrj-1.5	very-common	source-backed-rank	ngsl-gr-1.0	1011	cefrj-1.5,ngsl-gr-1.0,oewn-2025		validated
master-fierce-adjective	fierce	adjective	B2	source-backed	cefrj-1.5	less-common	source-backed-rank	ngsl-gr-1.0	3909	bsl-1.2,cefrj-1.5,ngsl-gr-1.0,oewn-2025		validated
master-file-verb	file	verb	B2	source-backed	cefrj-1.5	very-common	source-backed-rank	ngsl-gr-1.0	885	cefrj-1.5,ngsl-gr-1.0,oewn-2025		validated
master-finance-noun	finance	noun	B2	source-backed	cefrj-1.5	very-common	source-backed-rank	ngsl-gr-1.0	1429	cefrj-1.5,ngsl-gr-1.0,oewn-2025		validated
master-financially-adverb	financially	adverb	B2	source-backed	cefrj-1.5	less-common	source-backed-rank	ngsl-gr-1.0	4429	bsl-1.2,cefrj-1.5,ngsl-gr-1.0,oewn-2025		validated
master-fine-adverb	fine	adverb	B2	source-backed	cefrj-1.5	very-common	source-backed-rank	ngsl-gr-1.0	647	cefrj-1.5,ngsl-gr-1.0,oewn-2025		validated
master-fine-verb	fine	verb	B2	source-backed	cefrj-1.5	very-common	source-backed-rank	ngsl-gr-1.0	647	cefrj-1.5,ngsl-gr-1.0,oewn-2025		validated
master-fire-verb	fire	verb	B2	source-backed	cefrj-1.5	very-common	source-backed-rank	ngsl-gr-1.0	663	cefrj-1.5,ngsl-gr-1.0,oewn-2025		validated
master-firstly-adverb	firstly	adverb	B2	source-backed	cefrj-1.5	common	source-backed-rank	ngsl-gr-1.0	2715	cefrj-1.5,ngsl-gr-1.0,oewn-2025		validated
master-fiscal-adjective	fiscal	adjective	B2	source-backed	cefrj-1.5	common	source-backed-rank	ngsl-gr-1.0	2990	bsl-1.2,cefrj-1.5,ngsl-gr-1.0,oewn-2025		validated
master-fit-noun	fit	noun	B2	source-backed	cefrj-1.5	very-common	source-backed-rank	ngsl-gr-1.0	750	cefrj-1.5,ngsl-gr-1.0,oewn-2025		validated
master-flame-noun	flame	noun	B2	source-backed	cefrj-1.5	common	source-backed-rank	ngsl-gr-1.0	3243	cefrj-1.5,ngsl-gr-1.0,oewn-2025		validated
master-flash-noun	flash	noun	B2	source-backed	cefrj-1.5	common	source-backed-rank	ngsl-gr-1.0	2535	cefrj-1.5,ngsl-gr-1.0,oewn-2025		validated
master-flash-verb	flash	verb	B2	source-backed	cefrj-1.5	common	source-backed-rank	ngsl-gr-1.0	2535	cefrj-1.5,ngsl-gr-1.0,oewn-2025		validated
master-flat-adverb	flat	adverb	B2	source-backed	cefrj-1.5	very-common	source-backed-rank	ngsl-gr-1.0	1127	cefrj-1.5,ngsl-gr-1.0,oewn-2025		validated
master-flaw-noun	flaw	noun	B2	source-backed	cefrj-1.5	less-common	source-backed-rank	ngsl-gr-1.0	4028	bsl-1.2,cefrj-1.5,ngsl-gr-1.0,oewn-2025		validated
master-flee-verb	flee	verb	B2	source-backed	cefrj-1.5	common	source-backed-rank	ngsl-gr-1.0	3058	bsl-1.2,cefrj-1.5,ngsl-gr-1.0,oewn-2025		validated
master-fleet-noun	fleet	noun	B2	source-backed	cefrj-1.5	less-common	source-backed-rank	ngsl-gr-1.0	3801	bsl-1.2,cefrj-1.5,ngsl-gr-1.0,oewn-2025		validated
master-flesh-noun	flesh	noun	B2	source-backed	cefrj-1.5	less-common	source-backed-rank	ngsl-gr-1.0	3653	cefrj-1.5,nawl-1.2,ngsl-gr-1.0,oewn-2025		validated
master-flexibility-noun	flexibility	noun	B2	source-backed	cefrj-1.5	common	source-backed-rank	ngsl-gr-1.0	3240	bsl-1.2,cefrj-1.5,nawl-1.2,ngsl-gr-1.0,oewn-2025		validated
master-flip-verb	flip	verb	B2	source-backed	cefrj-1.5	less-common	source-backed-rank	ngsl-gr-1.0	3857	cefrj-1.5,nawl-1.2,ngsl-gr-1.0,oewn-2025		validated
master-fluid-adjective	fluid	adjective	B2	source-backed	cefrj-1.5	common	source-backed-rank	ngsl-gr-1.0	3230	cefrj-1.5,nawl-1.2,ngsl-gr-1.0,oewn-2025		validated
master-focus-noun	focus	noun	B2	source-backed	cefrj-1.5	very-common	source-backed-rank	ngsl-gr-1.0	600	cefrj-1.5,ngsl-gr-1.0,oewn-2025		validated
master-follower-noun	follower	noun	B2	source-backed	cefrj-1.5	less-common	source-backed-rank	ngsl-gr-1.0	4404	bsl-1.2,cefrj-1.5,ngsl-gr-1.0,oewn-2025		validated
master-footnote-noun	footnote	noun	B2	source-backed	cefrj-1.5	less-common	editorial-band			cefrj-1.5,nawl-1.2,oewn-2025		validated
master-force-verb	force	verb	B2	source-backed	cefrj-1.5	very-common	source-backed-rank	ngsl-gr-1.0	396	cefrj-1.5,ngsl-gr-1.0,oewn-2025		validated
master-formation-noun	formation	noun	B2	source-backed	cefrj-1.5	common	source-backed-rank	ngsl-gr-1.0	2362	cefrj-1.5,ngsl-gr-1.0,oewn-2025		validated
master-formerly-adverb	formerly	adverb	B2	source-backed	cefrj-1.5	less-common	source-backed-rank	ngsl-gr-1.0	3639	bsl-1.2,cefrj-1.5,ngsl-gr-1.0,oewn-2025		validated
master-forthcoming-adjective	forthcoming	adjective	B2	source-backed	cefrj-1.5	less-common	source-backed-rank	ngsl-gr-1.0	4078	bsl-1.2,cefrj-1.5,ngsl-gr-1.0,oewn-2025		validated
master-foul-adjective	foul	adjective	B2	source-backed	cefrj-1.5	less-common	source-backed-rank	ngsl-gr-1.0	4817	cefrj-1.5,ngsl-gr-1.0,oewn-2025		validated
master-fox-noun	fox	noun	B2	source-backed	cefrj-1.5	less-common	source-backed-rank	ngsl-gr-1.0	4567	cefrj-1.5,ngsl-gr-1.0,oewn-2025		validated
master-frame-verb	frame	verb	B2	source-backed	cefrj-1.5	common	source-backed-rank	ngsl-gr-1.0	1561	cefrj-1.5,ngsl-gr-1.0,oewn-2025		validated
master-frankly-adverb	frankly	adverb	B2	source-backed	cefrj-1.5	less-common	source-backed-rank	ngsl-gr-1.0	3537	cefrj-1.5,ngsl-gr-1.0,oewn-2025		validated
master-fraud-noun	fraud	noun	B2	source-backed	cefrj-1.5	less-common	source-backed-rank	ngsl-gr-1.0	3508	bsl-1.2,cefrj-1.5,ngsl-gr-1.0,oewn-2025		validated
master-freak-verb	freak	verb	B2	source-backed	cefrj-1.5	less-common	source-backed-rank	ngsl-gr-1.0	4865	cefrj-1.5,ngsl-gr-1.0,oewn-2025		validated
master-free-verb	free	verb	B2	source-backed	cefrj-1.5	very-common	source-backed-rank	ngsl-gr-1.0	445	cefrj-1.5,ngsl-gr-1.0,oewn-2025		validated
master-friendly-adjective	friendly	adjective	B2	source-backed	cefrj-1.5	common	source-backed-rank	ngsl-gr-1.0	1588	cefrj-1.5,ngsl-gr-1.0,oewn-2025		validated
master-frontier-noun	frontier	noun	B2	source-backed	cefrj-1.5	less-common	source-backed-rank	ngsl-gr-1.0	4531	bsl-1.2,cefrj-1.5,ngsl-gr-1.0,oewn-2025		validated
master-functional-adjective	functional	adjective	B2	source-backed	cefrj-1.5	common	source-backed-rank	ngsl-gr-1.0	2805	cefrj-1.5,ngsl-gr-1.0,oewn-2025		validated
master-fundamental-adjective	fundamental	adjective	B2	source-backed	cefrj-1.5	common	source-backed-rank	ngsl-gr-1.0	1931	cefrj-1.5,ngsl-gr-1.0,oewn-2025		validated
master-furious-adjective	furious	adjective	B2	source-backed	cefrj-1.5	less-common	source-backed-rank	ngsl-gr-1.0	4644	cefrj-1.5,ngsl-gr-1.0,oewn-2025		validated
master-gang-noun	gang	noun	B2	source-backed	cefrj-1.5	common	source-backed-rank	ngsl-gr-1.0	3149	bsl-1.2,cefrj-1.5,ngsl-gr-1.0,oewn-2025		validated
master-gaze-noun	gaze	noun	B2	source-backed	cefrj-1.5	common	source-backed-rank	ngsl-gr-1.0	2822	cefrj-1.5,ngsl-gr-1.0,oewn-2025		validated
master-gear-noun	gear	noun	B2	source-backed	cefrj-1.5	common	source-backed-rank	ngsl-gr-1.0	2563	cefrj-1.5,ngsl-gr-1.0,oewn-2025		validated
master-genius-noun	genius	noun	B2	source-backed	cefrj-1.5	less-common	source-backed-rank	ngsl-gr-1.0	4123	cefrj-1.5,ngsl-gr-1.0,oewn-2025		validated
master-genre-noun	genre	noun	B2	source-backed	cefrj-1.5	less-common	source-backed-rank	ngsl-gr-1.0	3710	cefrj-1.5,ngsl-gr-1.0,oewn-2025		validated
master-gently-adverb	gently	adverb	B2	source-backed	cefrj-1.5	common	source-backed-rank	ngsl-gr-1.0	2818	cefrj-1.5,ngsl-gr-1.0,oewn-2025		validated
master-genuine-adjective	genuine	adjective	B2	source-backed	cefrj-1.5	common	source-backed-rank	ngsl-gr-1.0	2748	cefrj-1.5,ngsl-gr-1.0,oewn-2025		validated
master-genuinely-adverb	genuinely	adverb	B2	source-backed	cefrj-1.5	less-common	source-backed-rank	ngsl-gr-1.0	4551	bsl-1.2,cefrj-1.5,ngsl-gr-1.0,oewn-2025		validated
master-geographic-adjective	geographic	adjective	B2	source-backed	cefrj-1.5	less-common	editorial-band			bsl-1.2,cefrj-1.5,oewn-2025		validated
master-glare-noun	glare	noun	B2	source-backed	cefrj-1.5	less-common	source-backed-rank	ngsl-gr-1.0	4806	cefrj-1.5,ngsl-gr-1.0,oewn-2025		validated
master-globally-adverb	globally	adverb	B2	source-backed	cefrj-1.5	less-common	editorial-band			bsl-1.2,cefrj-1.5,oewn-2025		validated
master-gloomy-adjective	gloomy	adjective	B2	source-backed	cefrj-1.5	less-common	editorial-band			bsl-1.2,cefrj-1.5,oewn-2025		validated
master-glow-noun	glow	noun	B2	source-backed	cefrj-1.5	less-common	source-backed-rank	ngsl-gr-1.0	3789	cefrj-1.5,ngsl-gr-1.0,oewn-2025		validated
master-goat-noun	goat	noun	B2	source-backed	cefrj-1.5	less-common	source-backed-rank	ngsl-gr-1.0	4302	cefrj-1.5,nawl-1.2,ngsl-gr-1.0,oewn-2025		validated
master-god-noun	god	noun	B2	source-backed	cefrj-1.5	common	source-backed-rank	ngsl-gr-1.0	2278	cefrj-1.5,ngsl-gr-1.0,oewn-2025		validated
master-good-noun	good	noun	B2	source-backed	cefrj-1.5	very-common	source-backed-rank	ngsl-gr-1.0	106	cefrj-1.5,ngsl-gr-1.0,oewn-2025		validated
master-goodwill-noun	goodwill	noun	B2	source-backed	cefrj-1.5	less-common	editorial-band			bsl-1.2,cefrj-1.5,oewn-2025		validated
master-gossip-verb	gossip	verb	B2	source-backed	cefrj-1.5	less-common	source-backed-rank	ngsl-gr-1.0	4533	cefrj-1.5,ngsl-gr-1.0,oewn-2025		validated
master-governmental-adjective	governmental	adjective	B2	source-backed	cefrj-1.5	less-common	editorial-band			bsl-1.2,cefrj-1.5,oewn-2025		validated
master-grade-verb	grade	verb	B2	source-backed	cefrj-1.5	common	source-backed-rank	ngsl-gr-1.0	1609	cefrj-1.5,ngsl-gr-1.0,oewn-2025		validated
master-gradual-adjective	gradual	adjective	B2	source-backed	cefrj-1.5	less-common	source-backed-rank	ngsl-gr-1.0	4524	cefrj-1.5,ngsl-gr-1.0,oewn-2025		validated
master-grain-noun	grain	noun	B2	source-backed	cefrj-1.5	common	source-backed-rank	ngsl-gr-1.0	2777	cefrj-1.5,ngsl-gr-1.0,oewn-2025		validated
master-grand-adjective	grand	adjective	B2	source-backed	cefrj-1.5	common	source-backed-rank	ngsl-gr-1.0	2143	cefrj-1.5,ngsl-gr-1.0,oewn-2025		validated
master-grasp-noun	grasp	noun	B2	source-backed	cefrj-1.5	common	source-backed-rank	ngsl-gr-1.0	3257	bsl-1.2,cefrj-1.5,nawl-1.2,ngsl-gr-1.0,oewn-2025		validated
master-grief-noun	grief	noun	B2	source-backed	cefrj-1.5	less-common	source-backed-rank	ngsl-gr-1.0	3997	cefrj-1.5,ngsl-gr-1.0,oewn-2025		validated
master-grim-adjective	grim	adjective	B2	source-backed	cefrj-1.5	less-common	source-backed-rank	ngsl-gr-1.0	4913	bsl-1.2,cefrj-1.5,ngsl-gr-1.0,oewn-2025		validated
master-grin-noun	grin	noun	B2	source-backed	cefrj-1.5	common	source-backed-rank	ngsl-gr-1.0	2847	cefrj-1.5,ngsl-gr-1.0,oewn-2025		validated
master-grip-noun	grip	noun	B2	source-backed	cefrj-1.5	common	source-backed-rank	ngsl-gr-1.0	2963	bsl-1.2,cefrj-1.5,ngsl-gr-1.0,oewn-2025		validated
master-grip-verb	grip	verb	B2	source-backed	cefrj-1.5	common	source-backed-rank	ngsl-gr-1.0	2963	bsl-1.2,cefrj-1.5,ngsl-gr-1.0,oewn-2025		validated
master-gross-adjective	gross	adjective	B2	source-backed	cefrj-1.5	common	source-backed-rank	ngsl-gr-1.0	3115	bsl-1.2,cefrj-1.5,nawl-1.2,ngsl-gr-1.0,oewn-2025		validated
master-guarantee-verb	guarantee	verb	B2	source-backed	cefrj-1.5	common	source-backed-rank	ngsl-gr-1.0	1620	cefrj-1.5,ngsl-gr-1.0,oewn-2025		validated
master-guard-verb	guard	verb	B2	source-backed	cefrj-1.5	common	source-backed-rank	ngsl-gr-1.0	1727	cefrj-1.5,ngsl-gr-1.0,oewn-2025		validated
master-guerrilla-noun	guerrilla	noun	B2	source-backed	cefrj-1.5	less-common	editorial-band			bsl-1.2,cefrj-1.5,oewn-2025		validated
master-guideline-noun	guideline	noun	B2	source-backed	cefrj-1.5	common	source-backed-rank	ngsl-gr-1.0	2705	cefrj-1.5,ngsl-gr-1.0,oewn-2025		validated
master-hail-verb	hail	verb	B2	source-backed	cefrj-1.5	less-common	source-backed-rank	ngsl-gr-1.0	4797	cefrj-1.5,ngsl-gr-1.0,oewn-2025		validated
master-hammer-verb	hammer	verb	B2	source-backed	cefrj-1.5	less-common	source-backed-rank	ngsl-gr-1.0	3810	cefrj-1.5,ngsl-gr-1.0,oewn-2025		validated
master-handicap-noun	handicap	noun	B2	source-backed	cefrj-1.5	less-common	source-backed-rank	ngsl-gr-1.0	4121	cefrj-1.5,ngsl-gr-1.0,oewn-2025		validated
master-handout-noun	handout	noun	B2	source-backed	cefrj-1.5	less-common	editorial-band			cefrj-1.5,nawl-1.2,oewn-2025		validated
master-hang-noun	hang	noun	B2	source-backed	cefrj-1.5	very-common	source-backed-rank	ngsl-gr-1.0	1135	cefrj-1.5,ngsl-gr-1.0,oewn-2025		validated
master-hardware-noun	hardware	noun	B2	source-backed	cefrj-1.5	common	source-backed-rank	ngsl-gr-1.0	3191	bsl-1.2,cefrj-1.5,ngsl-gr-1.0,oewn-2025		validated
master-harm-noun	harm	noun	B2	source-backed	cefrj-1.5	common	source-backed-rank	ngsl-gr-1.0	2286	cefrj-1.5,ngsl-gr-1.0,oewn-2025		validated
master-haunt-verb	haunt	verb	B2	source-backed	cefrj-1.5	less-common	source-backed-rank	ngsl-gr-1.0	3945	cefrj-1.5,ngsl-gr-1.0,oewn-2025		validated
master-heap-noun	heap	noun	B2	source-backed	cefrj-1.5	less-common	source-backed-rank	ngsl-gr-1.0	4734	cefrj-1.5,ngsl-gr-1.0,oewn-2025		validated
master-heap-verb	heap	verb	B2	source-backed	cefrj-1.5	less-common	source-backed-rank	ngsl-gr-1.0	4734	cefrj-1.5,ngsl-gr-1.0,oewn-2025		validated
master-hedge-noun	hedge	noun	B2	source-backed	cefrj-1.5	common	source-backed-rank	ngsl-gr-1.0	3441	bsl-1.2,cefrj-1.5,nawl-1.2,ngsl-gr-1.0,oewn-2025		validated
master-helicopter-noun	helicopter	noun	B2	source-backed	cefrj-1.5	less-common	source-backed-rank	ngsl-gr-1.0	3507	bsl-1.2,cefrj-1.5,ngsl-gr-1.0,oewn-2025		validated
master-hell-noun	hell	noun	B2	source-backed	cefrj-1.5	common	source-backed-rank	ngsl-gr-1.0	1793	cefrj-1.5,ngsl-gr-1.0,oewn-2025		validated
master-herb-noun	herb	noun	B2	source-backed	cefrj-1.5	less-common	source-backed-rank	ngsl-gr-1.0	5017	cefrj-1.5,ngsl-gr-1.0,oewn-2025		validated
master-heritage-noun	heritage	noun	B2	source-backed	cefrj-1.5	less-common	source-backed-rank	ngsl-gr-1.0	3927	cefrj-1.5,ngsl-gr-1.0,oewn-2025		validated
master-highlight-noun	highlight	noun	B2	source-backed	cefrj-1.5	common	source-backed-rank	ngsl-gr-1.0	1954	cefrj-1.5,ngsl-gr-1.0,oewn-2025		validated
master-hint-noun	hint	noun	B2	source-backed	cefrj-1.5	common	source-backed-rank	ngsl-gr-1.0	2739	cefrj-1.5,ngsl-gr-1.0,oewn-2025		validated
master-holder-noun	holder	noun	B2	source-backed	cefrj-1.5	common	source-backed-rank	ngsl-gr-1.0	2845	cefrj-1.5,ngsl-gr-1.0,oewn-2025		validated
master-hook-noun	hook	noun	B2	source-backed	cefrj-1.5	common	source-backed-rank	ngsl-gr-1.0	2740	cefrj-1.5,ngsl-gr-1.0,oewn-2025		validated
master-hook-verb	hook	verb	B2	source-backed	cefrj-1.5	common	source-backed-rank	ngsl-gr-1.0	2740	cefrj-1.5,ngsl-gr-1.0,oewn-2025		validated
master-hospitality-noun	hospitality	noun	B2	source-backed	cefrj-1.5	less-common	source-backed-rank	ngsl-gr-1.0	4882	cefrj-1.5,ngsl-gr-1.0,oewn-2025		validated
master-hug-noun	hug	noun	B2	source-backed	cefrj-1.5	less-common	source-backed-rank	ngsl-gr-1.0	3692	cefrj-1.5,ngsl-gr-1.0,oewn-2025		validated
master-hugely-adverb	hugely	adverb	B2	source-backed	cefrj-1.5	less-common	editorial-band			bsl-1.2,cefrj-1.5,oewn-2025		validated
master-humble-adjective	humble	adjective	B2	source-backed	cefrj-1.5	less-common	source-backed-rank	ngsl-gr-1.0	4535	cefrj-1.5,ngsl-gr-1.0,oewn-2025		validated
master-hybrid-adjective	hybrid	adjective	B2	source-backed	cefrj-1.5	less-common	source-backed-rank	ngsl-gr-1.0	4030	bsl-1.2,cefrj-1.5,ngsl-gr-1.0,oewn-2025		validated
master-icon-noun	icon	noun	B2	source-backed	cefrj-1.5	less-common	source-backed-rank	ngsl-gr-1.0	4173	bsl-1.2,cefrj-1.5,ngsl-gr-1.0,oewn-2025		validated
master-ideally-adverb	ideally	adverb	B2	source-backed	cefrj-1.5	less-common	editorial-band			bsl-1.2,cefrj-1.5,oewn-2025		validated
master-identical-adjective	identical	adjective	B2	source-backed	cefrj-1.5	common	source-backed-rank	ngsl-gr-1.0	3135	bsl-1.2,cefrj-1.5,nawl-1.2,ngsl-gr-1.0,oewn-2025		validated
master-identification-noun	identification	noun	B2	source-backed	cefrj-1.5	common	source-backed-rank	ngsl-gr-1.0	3127	bsl-1.2,cefrj-1.5,nawl-1.2,ngsl-gr-1.0,oewn-2025		validated
master-identify-verb	identify	verb	B2	source-backed	cefrj-1.5	very-common	source-backed-rank	ngsl-gr-1.0	855	cefrj-1.5,ngsl-gr-1.0,oewn-2025		validated
master-ideology-noun	ideology	noun	B2	source-backed	cefrj-1.5	less-common	source-backed-rank	ngsl-gr-1.0	3725	bsl-1.2,cefrj-1.5,nawl-1.2,ngsl-gr-1.0,oewn-2025		validated
master-idle-adjective	idle	adjective	B2	source-backed	cefrj-1.5	less-common	editorial-band			bsl-1.2,cefrj-1.5,oewn-2025		validated
master-ignorance-noun	ignorance	noun	B2	source-backed	cefrj-1.5	less-common	source-backed-rank	ngsl-gr-1.0	4820	cefrj-1.5,ngsl-gr-1.0,oewn-2025		validated
master-illustrate-verb	illustrate	verb	B2	source-backed	cefrj-1.5	common	source-backed-rank	ngsl-gr-1.0	1867	cefrj-1.5,ngsl-gr-1.0,oewn-2025		validated
master-illustration-noun	illustration	noun	B2	source-backed	cefrj-1.5	common	source-backed-rank	ngsl-gr-1.0	2485	cefrj-1.5,ngsl-gr-1.0,oewn-2025		validated
master-immigrant-noun	immigrant	noun	B2	source-backed	cefrj-1.5	common	source-backed-rank	ngsl-gr-1.0	2692	cefrj-1.5,ngsl-gr-1.0,oewn-2025		validated
master-imperative-noun	imperative	noun	B2	source-backed	cefrj-1.5	less-common	source-backed-rank	ngsl-gr-1.0	4818	cefrj-1.5,ngsl-gr-1.0,oewn-2025		validated
master-implement-noun	implement	noun	B2	source-backed	cefrj-1.5	common	source-backed-rank	ngsl-gr-1.0	1790	cefrj-1.5,ngsl-gr-1.0,oewn-2025		validated
master-implement-verb	implement	verb	B2	source-backed	cefrj-1.5	common	source-backed-rank	ngsl-gr-1.0	1790	cefrj-1.5,ngsl-gr-1.0,oewn-2025		validated
master-implication-noun	implication	noun	B2	source-backed	cefrj-1.5	common	source-backed-rank	ngsl-gr-1.0	1921	cefrj-1.5,ngsl-gr-1.0,oewn-2025		validated
v80	imply	verb	B2	source-backed	cefrj-1.5	common	source-backed-rank	ngsl-gr-1.0	1868	cefrj-1.5,ngsl-gr-1.0,oewn-2025,vocabulary-core-2026-08		validated
master-import-verb	import	verb	B2	source-backed	cefrj-1.5	common	source-backed-rank	ngsl-gr-1.0	1663	cefrj-1.5,ngsl-gr-1.0,oewn-2025		validated
master-impose-verb	impose	verb	B2	source-backed	cefrj-1.5	common	source-backed-rank	ngsl-gr-1.0	1773	cefrj-1.5,ngsl-gr-1.0,oewn-2025		validated
master-impulse-noun	impulse	noun	B2	source-backed	cefrj-1.5	less-common	source-backed-rank	ngsl-gr-1.0	4342	cefrj-1.5,nawl-1.2,ngsl-gr-1.0,oewn-2025		validated
master-inadequate-adjective	inadequate	adjective	B2	source-backed	cefrj-1.5	less-common	source-backed-rank	ngsl-gr-1.0	3799	bsl-1.2,cefrj-1.5,ngsl-gr-1.0,oewn-2025		validated
master-incentive-noun	incentive	noun	B2	source-backed	cefrj-1.5	common	source-backed-rank	ngsl-gr-1.0	2435	cefrj-1.5,ngsl-gr-1.0,oewn-2025		validated
master-inch-verb	inch	verb	B2	source-backed	cefrj-1.5	common	source-backed-rank	ngsl-gr-1.0	2098	cefrj-1.5,ngsl-gr-1.0,oewn-2025		validated
master-incur-verb	incur	verb	B2	source-backed	cefrj-1.5	less-common	source-backed-rank	ngsl-gr-1.0	4546	bsl-1.2,cefrj-1.5,ngsl-gr-1.0,oewn-2025		validated
master-independently-adverb	independently	adverb	B2	source-backed	cefrj-1.5	less-common	source-backed-rank	ngsl-gr-1.0	4001	bsl-1.2,cefrj-1.5,nawl-1.2,ngsl-gr-1.0,oewn-2025		validated
master-index-noun	index	noun	B2	source-backed	cefrj-1.5	common	source-backed-rank	ngsl-gr-1.0	1759	cefrj-1.5,ngsl-gr-1.0,oewn-2025		validated
master-individual-noun	individual	noun	B2	source-backed	cefrj-1.5	very-common	source-backed-rank	ngsl-gr-1.0	459	cefrj-1.5,ngsl-gr-1.0,oewn-2025		validated
master-ineffective-adjective	ineffective	adjective	B2	source-backed	cefrj-1.5	less-common	editorial-band			bsl-1.2,cefrj-1.5,oewn-2025		validated
master-infant-noun	infant	noun	B2	source-backed	cefrj-1.5	common	source-backed-rank	ngsl-gr-1.0	2380	cefrj-1.5,ngsl-gr-1.0,oewn-2025		validated
master-infect-verb	infect	verb	B2	source-backed	cefrj-1.5	common	source-backed-rank	ngsl-gr-1.0	3363	bsl-1.2,cefrj-1.5,nawl-1.2,ngsl-gr-1.0,oewn-2025		validated
master-infectious-adjective	infectious	adjective	B2	source-backed	cefrj-1.5	less-common	editorial-band			cefrj-1.5,nawl-1.2,oewn-2025		validated
v113	infer	verb	B2	source-backed	cefrj-1.5	less-common	editorial-band			cefrj-1.5,oewn-2025,vocabulary-core-2026-08		validated
master-inference-noun	inference	noun	B2	source-backed	cefrj-1.5	less-common	editorial-band			bsl-1.2,cefrj-1.5,nawl-1.2,oewn-2025		validated
master-inflate-verb	inflate	verb	B2	source-backed	cefrj-1.5	less-common	editorial-band			bsl-1.2,cefrj-1.5,oewn-2025		validated
master-inflation-noun	inflation	noun	B2	source-backed	cefrj-1.5	common	source-backed-rank	ngsl-gr-1.0	2544	cefrj-1.5,ngsl-gr-1.0,oewn-2025		validated
master-influential-adjective	influential	adjective	B2	source-backed	cefrj-1.5	less-common	source-backed-rank	ngsl-gr-1.0	3556	bsl-1.2,cefrj-1.5,nawl-1.2,ngsl-gr-1.0,oewn-2025		validated
master-informal-adjective	informal	adjective	B2	source-backed	cefrj-1.5	common	source-backed-rank	ngsl-gr-1.0	3369	bsl-1.2,cefrj-1.5,nawl-1.2,ngsl-gr-1.0,oewn-2025		validated
master-inhabit-verb	inhabit	verb	B2	source-backed	cefrj-1.5	less-common	source-backed-rank	ngsl-gr-1.0	4855	cefrj-1.5,ngsl-gr-1.0,oewn-2025		validated
master-inherit-verb	inherit	verb	B2	source-backed	cefrj-1.5	common	source-backed-rank	ngsl-gr-1.0	3490	bsl-1.2,cefrj-1.5,ngsl-gr-1.0,oewn-2025		validated
master-initial-adjective	initial	adjective	B2	source-backed	cefrj-1.5	very-common	source-backed-rank	ngsl-gr-1.0	1332	cefrj-1.5,ngsl-gr-1.0,oewn-2025		validated
master-initiative-noun	initiative	noun	B2	source-backed	cefrj-1.5	common	source-backed-rank	ngsl-gr-1.0	1895	cefrj-1.5,ngsl-gr-1.0,oewn-2025		validated
master-injection-noun	injection	noun	B2	source-backed	cefrj-1.5	less-common	source-backed-rank	ngsl-gr-1.0	3637	bsl-1.2,cefrj-1.5,nawl-1.2,ngsl-gr-1.0,oewn-2025		validated
master-innate-adjective	innate	adjective	B2	source-backed	cefrj-1.5	less-common	editorial-band			cefrj-1.5,nawl-1.2,oewn-2025		validated
master-innovation-noun	innovation	noun	B2	source-backed	cefrj-1.5	common	source-backed-rank	ngsl-gr-1.0	2230	cefrj-1.5,ngsl-gr-1.0,oewn-2025		validated
master-innovative-adjective	innovative	adjective	B2	source-backed	cefrj-1.5	less-common	source-backed-rank	ngsl-gr-1.0	3580	bsl-1.2,cefrj-1.5,ngsl-gr-1.0,oewn-2025		validated
master-input-noun	input	noun	B2	source-backed	cefrj-1.5	common	source-backed-rank	ngsl-gr-1.0	2129	cefrj-1.5,ngsl-gr-1.0,oewn-2025		validated
master-inside-adjective	inside	adjective	B2	source-backed	cefrj-1.5	very-common	source-backed-rank	ngsl-gr-1.0	710	cefrj-1.5,ngsl-gr-1.0,oewn-2025		validated
master-inside-noun	inside	noun	B2	source-backed	cefrj-1.5	very-common	source-backed-rank	ngsl-gr-1.0	710	cefrj-1.5,ngsl-gr-1.0,oewn-2025		validated
master-inspect-verb	inspect	verb	B2	source-backed	cefrj-1.5	less-common	source-backed-rank	ngsl-gr-1.0	4232	bsl-1.2,cefrj-1.5,ngsl-gr-1.0,oewn-2025		validated
master-inspector-noun	inspector	noun	B2	source-backed	cefrj-1.5	common	source-backed-rank	ngsl-gr-1.0	3189	bsl-1.2,cefrj-1.5,ngsl-gr-1.0,oewn-2025		validated
master-instantly-adverb	instantly	adverb	B2	source-backed	cefrj-1.5	less-common	source-backed-rank	ngsl-gr-1.0	3943	cefrj-1.5,ngsl-gr-1.0,oewn-2025		validated
master-instinct-noun	instinct	noun	B2	source-backed	cefrj-1.5	less-common	source-backed-rank	ngsl-gr-1.0	3900	bsl-1.2,cefrj-1.5,nawl-1.2,ngsl-gr-1.0,oewn-2025		validated
master-institution-noun	institution	noun	B2	source-backed	cefrj-1.5	very-common	source-backed-rank	ngsl-gr-1.0	1187	cefrj-1.5,ngsl-gr-1.0,oewn-2025		validated
master-instruct-verb	instruct	verb	B2	source-backed	cefrj-1.5	less-common	source-backed-rank	ngsl-gr-1.0	3778	bsl-1.2,cefrj-1.5,ngsl-gr-1.0,oewn-2025		validated
master-insufficient-adjective	insufficient	adjective	B2	source-backed	cefrj-1.5	less-common	source-backed-rank	ngsl-gr-1.0	4848	bsl-1.2,cefrj-1.5,ngsl-gr-1.0,oewn-2025		validated
master-insult-noun	insult	noun	B2	source-backed	cefrj-1.5	less-common	source-backed-rank	ngsl-gr-1.0	3861	cefrj-1.5,ngsl-gr-1.0,oewn-2025		validated
master-insult-verb	insult	verb	B2	source-backed	cefrj-1.5	less-common	source-backed-rank	ngsl-gr-1.0	3861	cefrj-1.5,ngsl-gr-1.0,oewn-2025		validated
master-integrate-verb	integrate	verb	B2	source-backed	cefrj-1.5	common	source-backed-rank	ngsl-gr-1.0	2005	cefrj-1.5,ngsl-gr-1.0,oewn-2025		validated
master-intellectual-adjective	intellectual	adjective	B2	source-backed	cefrj-1.5	common	source-backed-rank	ngsl-gr-1.0	2031	cefrj-1.5,ngsl-gr-1.0,oewn-2025		validated
master-intellectual-noun	intellectual	noun	B2	source-backed	cefrj-1.5	common	source-backed-rank	ngsl-gr-1.0	2031	cefrj-1.5,ngsl-gr-1.0,oewn-2025		validated
master-intent-adjective	intent	adjective	B2	source-backed	cefrj-1.5	common	source-backed-rank	ngsl-gr-1.0	3172	bsl-1.2,cefrj-1.5,ngsl-gr-1.0,oewn-2025		validated
master-interactive-adjective	interactive	adjective	B2	source-backed	cefrj-1.5	less-common	source-backed-rank	ngsl-gr-1.0	4316	bsl-1.2,cefrj-1.5,ngsl-gr-1.0,oewn-2025		validated
master-interfere-verb	interfere	verb	B2	source-backed	cefrj-1.5	less-common	source-backed-rank	ngsl-gr-1.0	3568	bsl-1.2,cefrj-1.5,nawl-1.2,ngsl-gr-1.0,oewn-2025		validated
master-interior-noun	interior	noun	B2	source-backed	cefrj-1.5	common	source-backed-rank	ngsl-gr-1.0	2686	cefrj-1.5,ngsl-gr-1.0,oewn-2025		validated
master-interpretation-noun	interpretation	noun	B2	source-backed	cefrj-1.5	common	source-backed-rank	ngsl-gr-1.0	2039	cefrj-1.5,ngsl-gr-1.0,oewn-2025		validated
master-interpreter-noun	interpreter	noun	B2	source-backed	cefrj-1.5	less-common	source-backed-rank	ngsl-gr-1.0	4822	cefrj-1.5,ngsl-gr-1.0,oewn-2025		validated
master-intimate-adjective	intimate	adjective	B2	source-backed	cefrj-1.5	less-common	source-backed-rank	ngsl-gr-1.0	3782	cefrj-1.5,ngsl-gr-1.0,oewn-2025		validated
master-invariably-adverb	invariably	adverb	B2	source-backed	cefrj-1.5	less-common	source-backed-rank	ngsl-gr-1.0	4779	cefrj-1.5,ngsl-gr-1.0,oewn-2025		validated
master-investigate-verb	investigate	verb	B2	source-backed	cefrj-1.5	common	source-backed-rank	ngsl-gr-1.0	1583	cefrj-1.5,ngsl-gr-1.0,oewn-2025		validated
master-investigator-noun	investigator	noun	B2	source-backed	cefrj-1.5	common	source-backed-rank	ngsl-gr-1.0	3263	bsl-1.2,cefrj-1.5,ngsl-gr-1.0,oewn-2025		validated
master-investment-noun	investment	noun	B2	source-backed	cefrj-1.5	very-common	source-backed-rank	ngsl-gr-1.0	872	cefrj-1.5,ngsl-gr-1.0,oewn-2025		validated
master-investor-noun	investor	noun	B2	source-backed	cefrj-1.5	common	source-backed-rank	ngsl-gr-1.0	1647	cefrj-1.5,ngsl-gr-1.0,oewn-2025		validated
master-invisible-adjective	invisible	adjective	B2	source-backed	cefrj-1.5	less-common	source-backed-rank	ngsl-gr-1.0	4189	cefrj-1.5,ngsl-gr-1.0,oewn-2025		validated
master-invoke-verb	invoke	verb	B2	source-backed	cefrj-1.5	less-common	source-backed-rank	ngsl-gr-1.0	4702	cefrj-1.5,ngsl-gr-1.0,oewn-2025		validated
master-involvement-noun	involvement	noun	B2	source-backed	cefrj-1.5	common	source-backed-rank	ngsl-gr-1.0	2356	cefrj-1.5,ngsl-gr-1.0,oewn-2025		validated
master-ironically-adverb	ironically	adverb	B2	source-backed	cefrj-1.5	less-common	source-backed-rank	ngsl-gr-1.0	5026	cefrj-1.5,ngsl-gr-1.0,oewn-2025		validated
master-issue-verb	issue	verb	B2	source-backed	cefrj-1.5	very-common	source-backed-rank	ngsl-gr-1.0	268	cefrj-1.5,ngsl-gr-1.0,oewn-2025		validated
master-jam-verb	jam	verb	B2	source-backed	cefrj-1.5	common	source-backed-rank	ngsl-gr-1.0	3194	cefrj-1.5,ngsl-gr-1.0,oewn-2025		validated
master-jaw-noun	jaw	noun	B2	source-backed	cefrj-1.5	less-common	source-backed-rank	ngsl-gr-1.0	4696	cefrj-1.5,ngsl-gr-1.0,oewn-2025		validated
master-joint-noun	joint	noun	B2	source-backed	cefrj-1.5	common	source-backed-rank	ngsl-gr-1.0	1732	cefrj-1.5,ngsl-gr-1.0,oewn-2025		validated
master-journalism-noun	journalism	noun	B2	source-backed	cefrj-1.5	less-common	source-backed-rank	ngsl-gr-1.0	4750	cefrj-1.5,ngsl-gr-1.0,oewn-2025		validated
master-jump-noun	jump	noun	B2	source-backed	cefrj-1.5	very-common	source-backed-rank	ngsl-gr-1.0	1374	cefrj-1.5,ngsl-gr-1.0,oewn-2025		validated
master-jury-noun	jury	noun	B2	source-backed	cefrj-1.5	common	source-backed-rank	ngsl-gr-1.0	2655	cefrj-1.5,ngsl-gr-1.0,oewn-2025		validated
v81	justify	verb	B2	source-backed	cefrj-1.5	common	source-backed-rank	ngsl-gr-1.0	2172	cefrj-1.5,ngsl-gr-1.0,oewn-2025,vocabulary-core-2026-08		validated
master-keen-adjective	keen	adjective	B2	source-backed	cefrj-1.5	common	source-backed-rank	ngsl-gr-1.0	2414	cefrj-1.5,ngsl-gr-1.0,oewn-2025		validated
master-knot-noun	knot	noun	B2	source-backed	cefrj-1.5	less-common	source-backed-rank	ngsl-gr-1.0	4707	cefrj-1.5,ngsl-gr-1.0,oewn-2025		validated
master-label-noun	label	noun	B2	source-backed	cefrj-1.5	common	source-backed-rank	ngsl-gr-1.0	1578	cefrj-1.5,ngsl-gr-1.0,oewn-2025		validated
master-lack-verb	lack	verb	B2	source-backed	cefrj-1.5	very-common	source-backed-rank	ngsl-gr-1.0	779	cefrj-1.5,ngsl-gr-1.0,oewn-2025		validated
master-lap-noun	lap	noun	B2	source-backed	cefrj-1.5	less-common	source-backed-rank	ngsl-gr-1.0	3846	cefrj-1.5,ngsl-gr-1.0,oewn-2025		validated
master-laptop-noun	laptop	noun	B2	source-backed	cefrj-1.5	less-common	source-backed-rank	ngsl-gr-1.0	4697	bsl-1.2,cefrj-1.5,ngsl-gr-1.0,oewn-2025		validated
master-laser-noun	laser	noun	B2	source-backed	cefrj-1.5	common	source-backed-rank	ngsl-gr-1.0	3437	bsl-1.2,cefrj-1.5,ngsl-gr-1.0,oewn-2025		validated
master-latter-adjective	latter	adjective	B2	source-backed	cefrj-1.5	common	source-backed-rank	ngsl-gr-1.0	1754	cefrj-1.5,ngsl-gr-1.0,oewn-2025		validated
master-lawn-noun	lawn	noun	B2	source-backed	cefrj-1.5	less-common	source-backed-rank	ngsl-gr-1.0	3850	cefrj-1.5,ngsl-gr-1.0,oewn-2025		validated
master-lawsuit-noun	lawsuit	noun	B2	source-backed	cefrj-1.5	less-common	source-backed-rank	ngsl-gr-1.0	4161	bsl-1.2,cefrj-1.5,ngsl-gr-1.0,oewn-2025		validated
master-leaflet-noun	leaflet	noun	B2	source-backed	cefrj-1.5	less-common	source-backed-rank	ngsl-gr-1.0	3821	cefrj-1.5,ngsl-gr-1.0,oewn-2025		validated
master-leak-noun	leak	noun	B2	source-backed	cefrj-1.5	less-common	source-backed-rank	ngsl-gr-1.0	3573	bsl-1.2,cefrj-1.5,ngsl-gr-1.0,oewn-2025		validated
master-leak-verb	leak	verb	B2	source-backed	cefrj-1.5	less-common	source-backed-rank	ngsl-gr-1.0	3573	bsl-1.2,cefrj-1.5,ngsl-gr-1.0,oewn-2025		validated
master-lean-verb	lean	verb	B2	source-backed	cefrj-1.5	common	source-backed-rank	ngsl-gr-1.0	2024	cefrj-1.5,ngsl-gr-1.0,oewn-2025		validated
master-leap-noun	leap	noun	B2	source-backed	cefrj-1.5	common	source-backed-rank	ngsl-gr-1.0	2780	cefrj-1.5,ngsl-gr-1.0,oewn-2025		validated
master-lease-noun	lease	noun	B2	source-backed	cefrj-1.5	common	source-backed-rank	ngsl-gr-1.0	3090	bsl-1.2,cefrj-1.5,ngsl-gr-1.0,oewn-2025		validated
master-least-pronoun	least	pronoun	B2	source-backed	cefrj-1.5	very-common	source-backed-rank	ngsl-gr-1.0	331	cefrj-1.5,ngsl-gr-1.0		validated
master-lecturer-noun	lecturer	noun	B2	source-backed	cefrj-1.5	less-common	editorial-band			cefrj-1.5,nawl-1.2,oewn-2025		validated
master-legend-noun	legend	noun	B2	source-backed	cefrj-1.5	common	source-backed-rank	ngsl-gr-1.0	3433	cefrj-1.5,nawl-1.2,ngsl-gr-1.0,oewn-2025		validated
master-legendary-adjective	legendary	adjective	B2	source-backed	cefrj-1.5	less-common	source-backed-rank	ngsl-gr-1.0	4896	cefrj-1.5,ngsl-gr-1.0,oewn-2025		validated
master-legislation-noun	legislation	noun	B2	source-backed	cefrj-1.5	common	source-backed-rank	ngsl-gr-1.0	1785	cefrj-1.5,ngsl-gr-1.0,oewn-2025		validated
master-legislative-adjective	legislative	adjective	B2	source-backed	cefrj-1.5	less-common	source-backed-rank	ngsl-gr-1.0	3712	bsl-1.2,cefrj-1.5,ngsl-gr-1.0,oewn-2025		validated
master-legislature-noun	legislature	noun	B2	source-backed	cefrj-1.5	less-common	source-backed-rank	ngsl-gr-1.0	4178	bsl-1.2,cefrj-1.5,ngsl-gr-1.0,oewn-2025		validated
master-legitimate-adjective	legitimate	adjective	B2	source-backed	cefrj-1.5	common	source-backed-rank	ngsl-gr-1.0	3386	bsl-1.2,cefrj-1.5,nawl-1.2,ngsl-gr-1.0,oewn-2025		validated
master-lengthy-adjective	lengthy	adjective	B2	source-backed	cefrj-1.5	less-common	source-backed-rank	ngsl-gr-1.0	4850	cefrj-1.5,ngsl-gr-1.0,oewn-2025		validated
master-level-verb	level	verb	B2	source-backed	cefrj-1.5	very-common	source-backed-rank	ngsl-gr-1.0	312	cefrj-1.5,ngsl-gr-1.0,oewn-2025		validated
master-liberal-adjective	liberal	adjective	B2	source-backed	cefrj-1.5	common	source-backed-rank	ngsl-gr-1.0	1871	cefrj-1.5,ngsl-gr-1.0,oewn-2025		validated
master-lid-noun	lid	noun	B2	source-backed	cefrj-1.5	less-common	source-backed-rank	ngsl-gr-1.0	4825	cefrj-1.5,ngsl-gr-1.0,oewn-2025		validated
master-lifetime-noun	lifetime	noun	B2	source-backed	cefrj-1.5	common	source-backed-rank	ngsl-gr-1.0	2942	bsl-1.2,cefrj-1.5,nawl-1.2,ngsl-gr-1.0,oewn-2025		validated
master-likewise-adverb	likewise	adverb	B2	source-backed	cefrj-1.5	less-common	source-backed-rank	ngsl-gr-1.0	3982	bsl-1.2,cefrj-1.5,nawl-1.2,ngsl-gr-1.0,oewn-2025		validated
master-limb-noun	limb	noun	B2	source-backed	cefrj-1.5	less-common	source-backed-rank	ngsl-gr-1.0	4168	cefrj-1.5,nawl-1.2,ngsl-gr-1.0,oewn-2025		validated
master-line-verb	line	verb	B2	source-backed	cefrj-1.5	very-common	source-backed-rank	ngsl-gr-1.0	324	cefrj-1.5,ngsl-gr-1.0,oewn-2025		validated
master-linger-verb	linger	verb	B2	source-backed	cefrj-1.5	less-common	source-backed-rank	ngsl-gr-1.0	4498	cefrj-1.5,ngsl-gr-1.0,oewn-2025		validated
master-list-verb	list	verb	B2	source-backed	cefrj-1.5	very-common	source-backed-rank	ngsl-gr-1.0	573	cefrj-1.5,ngsl-gr-1.0,oewn-2025		validated
master-listener-noun	listener	noun	B2	source-backed	cefrj-1.5	common	source-backed-rank	ngsl-gr-1.0	2835	cefrj-1.5,ngsl-gr-1.0,oewn-2025		validated
master-literally-adverb	literally	adverb	B2	source-backed	cefrj-1.5	common	source-backed-rank	ngsl-gr-1.0	2538	cefrj-1.5,ngsl-gr-1.0,oewn-2025		validated
master-litter-noun	litter	noun	B2	source-backed	cefrj-1.5	less-common	source-backed-rank	ngsl-gr-1.0	4361	cefrj-1.5,ngsl-gr-1.0,oewn-2025		validated
master-load-verb	load	verb	B2	source-backed	cefrj-1.5	common	source-backed-rank	ngsl-gr-1.0	1505	cefrj-1.5,ngsl-gr-1.0,oewn-2025		validated
master-loan-noun	loan	noun	B2	source-backed	cefrj-1.5	common	source-backed-rank	ngsl-gr-1.0	1626	cefrj-1.5,ngsl-gr-1.0,oewn-2025		validated
master-lobby-noun	lobby	noun	B2	source-backed	cefrj-1.5	common	source-backed-rank	ngsl-gr-1.0	3130	bsl-1.2,cefrj-1.5,ngsl-gr-1.0,oewn-2025		validated
master-lucrative-adjective	lucrative	adjective	B2	source-backed	cefrj-1.5	less-common	editorial-band			bsl-1.2,cefrj-1.5,oewn-2025		validated
v19	maintain	verb	B2	editorial-estimate		very-common	source-backed-rank	ngsl-gr-1.0	993	cefrj-1.5,ngsl-gr-1.0,oewn-2025,vocabulary-core-2026-08		validated
master-major-noun	major	noun	B2	source-backed	cefrj-1.5	very-common	source-backed-rank	ngsl-gr-1.0	488	cefrj-1.5,ngsl-gr-1.0,oewn-2025		validated
master-make-noun	make	noun	B2	source-backed	cefrj-1.5	very-common	source-backed-rank	ngsl-gr-1.0	98	cefrj-1.5,ngsl-gr-1.0,oewn-2025		validated
master-manipulate-verb	manipulate	verb	B2	source-backed	cefrj-1.5	less-common	source-backed-rank	ngsl-gr-1.0	3823	bsl-1.2,cefrj-1.5,nawl-1.2,ngsl-gr-1.0,oewn-2025		validated
master-manual-adjective	manual	adjective	B2	source-backed	cefrj-1.5	common	source-backed-rank	ngsl-gr-1.0	3213	bsl-1.2,cefrj-1.5,nawl-1.2,ngsl-gr-1.0,oewn-2025		validated
master-manual-noun	manual	noun	B2	source-backed	cefrj-1.5	common	source-backed-rank	ngsl-gr-1.0	3213	bsl-1.2,cefrj-1.5,nawl-1.2,ngsl-gr-1.0,oewn-2025		validated
master-manufacture-noun	manufacture	noun	B2	source-backed	cefrj-1.5	very-common	source-backed-rank	ngsl-gr-1.0	1442	cefrj-1.5,ngsl-gr-1.0,oewn-2025		validated
master-manufacture-verb	manufacture	verb	B2	source-backed	cefrj-1.5	very-common	source-backed-rank	ngsl-gr-1.0	1442	cefrj-1.5,ngsl-gr-1.0,oewn-2025		validated
master-manufacturer-noun	manufacturer	noun	B2	source-backed	cefrj-1.5	common	source-backed-rank	ngsl-gr-1.0	1946	cefrj-1.5,ngsl-gr-1.0,oewn-2025		validated
master-margin-noun	margin	noun	B2	source-backed	cefrj-1.5	common	source-backed-rank	ngsl-gr-1.0	2443	cefrj-1.5,ngsl-gr-1.0,oewn-2025		validated
master-mask-noun	mask	noun	B2	source-backed	cefrj-1.5	common	source-backed-rank	ngsl-gr-1.0	3017	cefrj-1.5,ngsl-gr-1.0,oewn-2025		validated
master-mass-noun	mass	noun	B2	source-backed	cefrj-1.5	very-common	source-backed-rank	ngsl-gr-1.0	1286	cefrj-1.5,ngsl-gr-1.0,oewn-2025		validated
master-master-noun	master	noun	B2	source-backed	cefrj-1.5	common	source-backed-rank	ngsl-gr-1.0	1606	cefrj-1.5,ngsl-gr-1.0,oewn-2025		validated
master-mate-noun	mate	noun	B2	source-backed	cefrj-1.5	common	source-backed-rank	ngsl-gr-1.0	2338	cefrj-1.5,ngsl-gr-1.0,oewn-2025		validated
master-mathematical-adjective	mathematical	adjective	B2	source-backed	cefrj-1.5	less-common	source-backed-rank	ngsl-gr-1.0	4065	bsl-1.2,cefrj-1.5,nawl-1.2,ngsl-gr-1.0,oewn-2025		validated
master-mature-adjective	mature	adjective	B2	source-backed	cefrj-1.5	common	source-backed-rank	ngsl-gr-1.0	2319	cefrj-1.5,ngsl-gr-1.0,oewn-2025		validated
master-mean-noun	mean	noun	B2	source-backed	cefrj-1.5	very-common	source-backed-rank	ngsl-gr-1.0	145	cefrj-1.5,ngsl-gr-1.0,oewn-2025		validated
master-medication-noun	medication	noun	B2	source-backed	cefrj-1.5	less-common	source-backed-rank	ngsl-gr-1.0	3624	cefrj-1.5,ngsl-gr-1.0,oewn-2025		validated
master-memorial-noun	memorial	noun	B2	source-backed	cefrj-1.5	less-common	source-backed-rank	ngsl-gr-1.0	4445	cefrj-1.5,ngsl-gr-1.0,oewn-2025		validated
master-mentor-noun	mentor	noun	B2	source-backed	cefrj-1.5	less-common	source-backed-rank	ngsl-gr-1.0	4886	bsl-1.2,cefrj-1.5,nawl-1.2,ngsl-gr-1.0,oewn-2025		validated
master-merchandise-noun	merchandise	noun	B2	source-backed	cefrj-1.5	less-common	editorial-band			bsl-1.2,cefrj-1.5,oewn-2025		validated
master-merge-verb	merge	verb	B2	source-backed	cefrj-1.5	common	source-backed-rank	ngsl-gr-1.0	3425	bsl-1.2,cefrj-1.5,nawl-1.2,ngsl-gr-1.0,oewn-2025		validated
master-merger-noun	merger	noun	B2	source-backed	cefrj-1.5	common	source-backed-rank	ngsl-gr-1.0	2946	bsl-1.2,cefrj-1.5,ngsl-gr-1.0,oewn-2025		validated
master-mess-verb	mess	verb	B2	source-backed	cefrj-1.5	common	source-backed-rank	ngsl-gr-1.0	2432	cefrj-1.5,ngsl-gr-1.0,oewn-2025		validated
master-messenger-noun	messenger	noun	B2	source-backed	cefrj-1.5	less-common	editorial-band			cefrj-1.5,nawl-1.2,oewn-2025		validated
master-metaphor-noun	metaphor	noun	B2	source-backed	cefrj-1.5	less-common	source-backed-rank	ngsl-gr-1.0	3935	cefrj-1.5,nawl-1.2,ngsl-gr-1.0,oewn-2025		validated
master-metric-adjective	metric	adjective	B2	source-backed	cefrj-1.5	less-common	editorial-band			bsl-1.2,cefrj-1.5,oewn-2025		validated
master-microphone-noun	microphone	noun	B2	source-backed	cefrj-1.5	less-common	source-backed-rank	ngsl-gr-1.0	4201	cefrj-1.5,ngsl-gr-1.0,oewn-2025		validated
master-midst-noun	midst	noun	B2	source-backed	cefrj-1.5	less-common	source-backed-rank	ngsl-gr-1.0	4741	cefrj-1.5,ngsl-gr-1.0,oewn-2025		validated
master-migration-noun	migration	noun	B2	source-backed	cefrj-1.5	less-common	source-backed-rank	ngsl-gr-1.0	4092	bsl-1.2,cefrj-1.5,nawl-1.2,ngsl-gr-1.0,oewn-2025		validated
master-mill-noun	mill	noun	B2	source-backed	cefrj-1.5	common	source-backed-rank	ngsl-gr-1.0	3200	bsl-1.2,cefrj-1.5,ngsl-gr-1.0,oewn-2025		validated
master-mine-noun	mine	noun	B2	source-backed	cefrj-1.5	very-common	source-backed-rank	ngsl-gr-1.0	987	cefrj-1.5,ngsl-gr-1.0,oewn-2025		validated
master-minister-noun	minister	noun	B2	source-backed	cefrj-1.5	very-common	source-backed-rank	ngsl-gr-1.0	1487	cefrj-1.5,ngsl-gr-1.0,oewn-2025		validated
master-missile-noun	missile	noun	B2	source-backed	cefrj-1.5	common	source-backed-rank	ngsl-gr-1.0	2948	bsl-1.2,cefrj-1.5,nawl-1.2,ngsl-gr-1.0,oewn-2025		validated
master-misunderstand-verb	misunderstand	verb	B2	source-backed	cefrj-1.5	less-common	source-backed-rank	ngsl-gr-1.0	3876	bsl-1.2,cefrj-1.5,ngsl-gr-1.0,oewn-2025		validated
master-mix-noun	mix	noun	B2	source-backed	cefrj-1.5	very-common	source-backed-rank	ngsl-gr-1.0	1079	cefrj-1.5,ngsl-gr-1.0,oewn-2025		validated
master-mixture-noun	mixture	noun	B2	source-backed	cefrj-1.5	common	source-backed-rank	ngsl-gr-1.0	2570	cefrj-1.5,ngsl-gr-1.0,oewn-2025		validated
master-mobility-noun	mobility	noun	B2	source-backed	cefrj-1.5	less-common	source-backed-rank	ngsl-gr-1.0	4949	bsl-1.2,cefrj-1.5,nawl-1.2,ngsl-gr-1.0,oewn-2025		validated
master-mock-adjective	mock	adjective	B2	source-backed	cefrj-1.5	less-common	source-backed-rank	ngsl-gr-1.0	4413	cefrj-1.5,ngsl-gr-1.0,oewn-2025		validated
master-modest-adjective	modest	adjective	B2	source-backed	cefrj-1.5	common	source-backed-rank	ngsl-gr-1.0	3032	bsl-1.2,cefrj-1.5,ngsl-gr-1.0,oewn-2025		validated
master-modification-noun	modification	noun	B2	source-backed	cefrj-1.5	less-common	source-backed-rank	ngsl-gr-1.0	3896	bsl-1.2,cefrj-1.5,nawl-1.2,ngsl-gr-1.0,oewn-2025		validated
master-moral-adjective	moral	adjective	B2	source-backed	cefrj-1.5	common	source-backed-rank	ngsl-gr-1.0	1600	cefrj-1.5,ngsl-gr-1.0,oewn-2025		validated
master-morality-noun	morality	noun	B2	source-backed	cefrj-1.5	less-common	source-backed-rank	ngsl-gr-1.0	4627	cefrj-1.5,nawl-1.2,ngsl-gr-1.0,oewn-2025		validated
master-mortgage-noun	mortgage	noun	B2	source-backed	cefrj-1.5	common	source-backed-rank	ngsl-gr-1.0	2493	cefrj-1.5,ngsl-gr-1.0,oewn-2025		validated
master-motion-noun	motion	noun	B2	source-backed	cefrj-1.5	common	source-backed-rank	ngsl-gr-1.0	1898	cefrj-1.5,ngsl-gr-1.0,oewn-2025		validated
master-mount-verb	mount	verb	B2	source-backed	cefrj-1.5	common	source-backed-rank	ngsl-gr-1.0	2383	cefrj-1.5,ngsl-gr-1.0,oewn-2025		validated
master-multiple-adjective	multiple	adjective	B2	source-backed	cefrj-1.5	common	source-backed-rank	ngsl-gr-1.0	1782	cefrj-1.5,ngsl-gr-1.0,oewn-2025		validated
master-multiply-verb	multiply	verb	B2	source-backed	cefrj-1.5	less-common	source-backed-rank	ngsl-gr-1.0	4480	bsl-1.2,cefrj-1.5,nawl-1.2,ngsl-gr-1.0,oewn-2025		validated
master-musical-noun	musical	noun	B2	source-backed	cefrj-1.5	common	source-backed-rank	ngsl-gr-1.0	1680	cefrj-1.5,ngsl-gr-1.0,oewn-2025		validated
master-nationwide-adjective	nationwide	adjective	B2	source-backed	cefrj-1.5	less-common	source-backed-rank	ngsl-gr-1.0	4522	bsl-1.2,cefrj-1.5,ngsl-gr-1.0,oewn-2025		validated
master-nationwide-adverb	nationwide	adverb	B2	source-backed	cefrj-1.5	less-common	source-backed-rank	ngsl-gr-1.0	4522	bsl-1.2,cefrj-1.5,ngsl-gr-1.0,oewn-2025		validated
master-naval-adjective	naval	adjective	B2	source-backed	cefrj-1.5	less-common	source-backed-rank	ngsl-gr-1.0	4881	cefrj-1.5,ngsl-gr-1.0,oewn-2025		validated
master-navy-noun	navy	noun	B2	source-backed	cefrj-1.5	less-common	source-backed-rank	ngsl-gr-1.0	5011	cefrj-1.5,ngsl-gr-1.0,oewn-2025		validated
master-neat-adjective	neat	adjective	B2	source-backed	cefrj-1.5	common	source-backed-rank	ngsl-gr-1.0	3316	cefrj-1.5,nawl-1.2,ngsl-gr-1.0,oewn-2025		validated
master-necessarily-adverb	necessarily	adverb	B2	source-backed	cefrj-1.5	common	source-backed-rank	ngsl-gr-1.0	1559	cefrj-1.5,ngsl-gr-1.0,oewn-2025		validated
master-necessity-noun	necessity	noun	B2	source-backed	cefrj-1.5	common	source-backed-rank	ngsl-gr-1.0	3099	bsl-1.2,cefrj-1.5,nawl-1.2,ngsl-gr-1.0,oewn-2025		validated
master-need-noun	need	noun	B2	source-backed	cefrj-1.5	very-common	source-backed-rank	ngsl-gr-1.0	140	cefrj-1.5,ngsl-gr-1.0,oewn-2025		validated
master-neglect-noun	neglect	noun	B2	source-backed	cefrj-1.5	common	source-backed-rank	ngsl-gr-1.0	2628	cefrj-1.5,ngsl-gr-1.0,oewn-2025		validated
master-neither-conjunction	neither	conjunction	B2	source-backed	cefrj-1.5	very-common	source-backed-rank	ngsl-gr-1.0	1266	cefrj-1.5,ngsl-gr-1.0		validated
master-neither-determiner	neither	determiner	B2	source-backed	cefrj-1.5	very-common	source-backed-rank	ngsl-gr-1.0	1266	cefrj-1.5,ngsl-gr-1.0		validated
master-neither-pronoun	neither	pronoun	B2	source-backed	cefrj-1.5	very-common	source-backed-rank	ngsl-gr-1.0	1266	cefrj-1.5,ngsl-gr-1.0		validated
master-nerve-noun	nerve	noun	B2	source-backed	cefrj-1.5	common	source-backed-rank	ngsl-gr-1.0	2726	cefrj-1.5,ngsl-gr-1.0,oewn-2025		validated
master-next-pronoun	next	pronoun	B2	source-backed	cefrj-1.5	very-common	source-backed-rank	ngsl-gr-1.0	201	cefrj-1.5,ngsl-gr-1.0		validated
master-nicely-adverb	nicely	adverb	B2	source-backed	cefrj-1.5	less-common	source-backed-rank	ngsl-gr-1.0	4544	cefrj-1.5,nawl-1.2,ngsl-gr-1.0,oewn-2025		validated
master-nightmare-noun	nightmare	noun	B2	source-backed	cefrj-1.5	common	source-backed-rank	ngsl-gr-1.0	3336	cefrj-1.5,ngsl-gr-1.0,oewn-2025		validated
master-noble-adjective	noble	adjective	B2	source-backed	cefrj-1.5	less-common	source-backed-rank	ngsl-gr-1.0	4150	cefrj-1.5,nawl-1.2,ngsl-gr-1.0,oewn-2025		validated
master-nod-verb	nod	verb	B2	source-backed	cefrj-1.5	common	source-backed-rank	ngsl-gr-1.0	2926	cefrj-1.5,ngsl-gr-1.0,oewn-2025		validated
master-nomination-noun	nomination	noun	B2	source-backed	cefrj-1.5	common	source-backed-rank	ngsl-gr-1.0	3458	bsl-1.2,cefrj-1.5,ngsl-gr-1.0,oewn-2025		validated
master-nominee-noun	nominee	noun	B2	source-backed	cefrj-1.5	less-common	source-backed-rank	ngsl-gr-1.0	4128	cefrj-1.5,ngsl-gr-1.0,oewn-2025		validated
master-now-conjunction	now	conjunction	B2	source-backed	cefrj-1.5	very-common	source-backed-rank	ngsl-gr-1.0	120	cefrj-1.5,ngsl-gr-1.0		validated
master-numerical-adjective	numerical	adjective	B2	source-backed	cefrj-1.5	less-common	editorial-band			bsl-1.2,cefrj-1.5,nawl-1.2,oewn-2025		validated
master-nursery-noun	nursery	noun	B2	source-backed	cefrj-1.5	less-common	source-backed-rank	ngsl-gr-1.0	4143	cefrj-1.5,ngsl-gr-1.0,oewn-2025		validated
master-nut-noun	nut	noun	B2	source-backed	cefrj-1.5	less-common	source-backed-rank	ngsl-gr-1.0	3614	cefrj-1.5,ngsl-gr-1.0,oewn-2025		validated
master-obey-verb	obey	verb	B2	source-backed	cefrj-1.5	less-common	source-backed-rank	ngsl-gr-1.0	4517	cefrj-1.5,ngsl-gr-1.0,oewn-2025		validated
master-obituary-noun	obituary	noun	B2	source-backed	cefrj-1.5	less-common	editorial-band			bsl-1.2,cefrj-1.5,oewn-2025		validated
master-object-verb	object	verb	B2	source-backed	cefrj-1.5	very-common	source-backed-rank	ngsl-gr-1.0	992	cefrj-1.5,ngsl-gr-1.0,oewn-2025		validated
master-objective-adjective	objective	adjective	B2	source-backed	cefrj-1.5	very-common	source-backed-rank	ngsl-gr-1.0	1452	cefrj-1.5,ngsl-gr-1.0,oewn-2025		validated
master-obligation-noun	obligation	noun	B2	source-backed	cefrj-1.5	common	source-backed-rank	ngsl-gr-1.0	2187	cefrj-1.5,ngsl-gr-1.0,oewn-2025		validated
master-observer-noun	observer	noun	B2	source-backed	cefrj-1.5	common	source-backed-rank	ngsl-gr-1.0	3069	bsl-1.2,cefrj-1.5,nawl-1.2,ngsl-gr-1.0,oewn-2025		validated
master-obsession-noun	obsession	noun	B2	source-backed	cefrj-1.5	less-common	source-backed-rank	ngsl-gr-1.0	5044	cefrj-1.5,ngsl-gr-1.0,oewn-2025		validated
master-odd-adjective	odd	adjective	B2	source-backed	cefrj-1.5	common	source-backed-rank	ngsl-gr-1.0	1624	cefrj-1.5,ngsl-gr-1.0,oewn-2025		validated
master-offend-verb	offend	verb	B2	source-backed	cefrj-1.5	less-common	source-backed-rank	ngsl-gr-1.0	3787	cefrj-1.5,ngsl-gr-1.0,oewn-2025		validated
master-offender-noun	offender	noun	B2	source-backed	cefrj-1.5	less-common	source-backed-rank	ngsl-gr-1.0	4571	cefrj-1.5,ngsl-gr-1.0,oewn-2025		validated
master-official-noun	official	noun	B2	source-backed	cefrj-1.5	very-common	source-backed-rank	ngsl-gr-1.0	693	cefrj-1.5,ngsl-gr-1.0,oewn-2025		validated
master-offshore-adjective	offshore	adjective	B2	source-backed	cefrj-1.5	less-common	editorial-band			bsl-1.2,cefrj-1.5,oewn-2025		validated
master-olive-noun	olive	noun	B2	source-backed	cefrj-1.5	less-common	source-backed-rank	ngsl-gr-1.0	4392	cefrj-1.5,ngsl-gr-1.0,oewn-2025		validated
master-once-conjunction	once	conjunction	B2	source-backed	cefrj-1.5	very-common	source-backed-rank	ngsl-gr-1.0	315	cefrj-1.5,ngsl-gr-1.0		validated
master-openly-adverb	openly	adverb	B2	source-backed	cefrj-1.5	less-common	source-backed-rank	ngsl-gr-1.0	4217	bsl-1.2,cefrj-1.5,ngsl-gr-1.0,oewn-2025		validated
master-operator-noun	operator	noun	B2	source-backed	cefrj-1.5	common	source-backed-rank	ngsl-gr-1.0	2379	cefrj-1.5,ngsl-gr-1.0,oewn-2025		validated
master-opponent-noun	opponent	noun	B2	source-backed	cefrj-1.5	common	source-backed-rank	ngsl-gr-1.0	2445	cefrj-1.5,ngsl-gr-1.0,oewn-2025		validated
master-optimism-noun	optimism	noun	B2	source-backed	cefrj-1.5	less-common	source-backed-rank	ngsl-gr-1.0	4928	bsl-1.2,cefrj-1.5,ngsl-gr-1.0,oewn-2025		validated
master-optimistic-adjective	optimistic	adjective	B2	source-backed	cefrj-1.5	less-common	source-backed-rank	ngsl-gr-1.0	3641	bsl-1.2,cefrj-1.5,ngsl-gr-1.0,oewn-2025		validated
master-oral-adjective	oral	adjective	B2	source-backed	cefrj-1.5	less-common	source-backed-rank	ngsl-gr-1.0	3586	bsl-1.2,cefrj-1.5,nawl-1.2,ngsl-gr-1.0,oewn-2025		validated
master-original-noun	original	noun	B2	source-backed	cefrj-1.5	very-common	source-backed-rank	ngsl-gr-1.0	1013	cefrj-1.5,ngsl-gr-1.0,oewn-2025		validated
master-originally-adverb	originally	adverb	B2	source-backed	cefrj-1.5	common	source-backed-rank	ngsl-gr-1.0	1993	cefrj-1.5,ngsl-gr-1.0,oewn-2025		validated
master-originate-verb	originate	verb	B2	source-backed	cefrj-1.5	less-common	source-backed-rank	ngsl-gr-1.0	3948	bsl-1.2,cefrj-1.5,ngsl-gr-1.0,oewn-2025		validated
master-ounce-noun	ounce	noun	B2	source-backed	cefrj-1.5	less-common	editorial-band			bsl-1.2,cefrj-1.5,oewn-2025		validated
master-outbreak-noun	outbreak	noun	B2	source-backed	cefrj-1.5	less-common	source-backed-rank	ngsl-gr-1.0	4368	bsl-1.2,cefrj-1.5,ngsl-gr-1.0,oewn-2025		validated
master-outfit-noun	outfit	noun	B2	source-backed	cefrj-1.5	less-common	source-backed-rank	ngsl-gr-1.0	3986	bsl-1.2,cefrj-1.5,ngsl-gr-1.0,oewn-2025		validated
master-outlet-noun	outlet	noun	B2	source-backed	cefrj-1.5	common	source-backed-rank	ngsl-gr-1.0	2999	bsl-1.2,cefrj-1.5,nawl-1.2,ngsl-gr-1.0,oewn-2025		validated
master-outline-noun	outline	noun	B2	source-backed	cefrj-1.5	common	source-backed-rank	ngsl-gr-1.0	1981	cefrj-1.5,ngsl-gr-1.0,oewn-2025		validated
master-outlook-noun	outlook	noun	B2	source-backed	cefrj-1.5	less-common	source-backed-rank	ngsl-gr-1.0	4563	bsl-1.2,cefrj-1.5,ngsl-gr-1.0,oewn-2025		validated
master-output-noun	output	noun	B2	source-backed	cefrj-1.5	common	source-backed-rank	ngsl-gr-1.0	1971	cefrj-1.5,ngsl-gr-1.0,oewn-2025		validated
master-outrage-noun	outrage	noun	B2	source-backed	cefrj-1.5	less-common	source-backed-rank	ngsl-gr-1.0	4344	bsl-1.2,cefrj-1.5,ngsl-gr-1.0,oewn-2025		validated
master-outside-adjective	outside	adjective	B2	source-backed	cefrj-1.5	very-common	source-backed-rank	ngsl-gr-1.0	541	cefrj-1.5,ngsl-gr-1.0,oewn-2025		validated
master-outside-noun	outside	noun	B2	source-backed	cefrj-1.5	very-common	source-backed-rank	ngsl-gr-1.0	541	cefrj-1.5,ngsl-gr-1.0,oewn-2025		validated
master-outsider-noun	outsider	noun	B2	source-backed	cefrj-1.5	less-common	source-backed-rank	ngsl-gr-1.0	4300	bsl-1.2,cefrj-1.5,ngsl-gr-1.0,oewn-2025		validated
master-overall-adjective	overall	adjective	B2	source-backed	cefrj-1.5	very-common	source-backed-rank	ngsl-gr-1.0	1163	cefrj-1.5,ngsl-gr-1.0,oewn-2025		validated
master-overlap-noun	overlap	noun	B2	source-backed	cefrj-1.5	less-common	source-backed-rank	ngsl-gr-1.0	3820	bsl-1.2,cefrj-1.5,nawl-1.2,ngsl-gr-1.0,oewn-2025		validated
master-overlook-verb	overlook	verb	B2	source-backed	cefrj-1.5	common	source-backed-rank	ngsl-gr-1.0	3016	bsl-1.2,cefrj-1.5,ngsl-gr-1.0,oewn-2025		validated
master-overseas-adjective	overseas	adjective	B2	source-backed	cefrj-1.5	common	source-backed-rank	ngsl-gr-1.0	2365	cefrj-1.5,ngsl-gr-1.0,oewn-2025		validated
master-overtime-adverb	overtime	adverb	B2	source-backed	cefrj-1.5	less-common	editorial-band			bsl-1.2,cefrj-1.5,oewn-2025		validated
master-overtime-noun	overtime	noun	B2	source-backed	cefrj-1.5	less-common	editorial-band			bsl-1.2,cefrj-1.5,oewn-2025		validated
master-packet-noun	packet	noun	B2	source-backed	cefrj-1.5	less-common	source-backed-rank	ngsl-gr-1.0	4351	bsl-1.2,cefrj-1.5,ngsl-gr-1.0,oewn-2025		validated
master-pad-noun	pad	noun	B2	source-backed	cefrj-1.5	less-common	source-backed-rank	ngsl-gr-1.0	3559	cefrj-1.5,ngsl-gr-1.0,oewn-2025		validated
master-panel-noun	panel	noun	B2	source-backed	cefrj-1.5	common	source-backed-rank	ngsl-gr-1.0	1887	cefrj-1.5,ngsl-gr-1.0,oewn-2025		validated
master-panic-verb	panic	verb	B2	source-backed	cefrj-1.5	common	source-backed-rank	ngsl-gr-1.0	2743	cefrj-1.5,ngsl-gr-1.0,oewn-2025		validated
master-parade-noun	parade	noun	B2	source-backed	cefrj-1.5	less-common	source-backed-rank	ngsl-gr-1.0	3841	cefrj-1.5,ngsl-gr-1.0,oewn-2025		validated
master-paradox-noun	paradox	noun	B2	source-backed	cefrj-1.5	less-common	editorial-band			cefrj-1.5,nawl-1.2,oewn-2025		validated
master-parliament-noun	parliament	noun	B2	source-backed	cefrj-1.5	common	source-backed-rank	ngsl-gr-1.0	3077	bsl-1.2,cefrj-1.5,ngsl-gr-1.0,oewn-2025		validated
master-part-verb	part	verb	B2	source-backed	cefrj-1.5	very-common	source-backed-rank	ngsl-gr-1.0	180	cefrj-1.5,ngsl-gr-1.0,oewn-2025		validated
master-participation-noun	participation	noun	B2	source-backed	cefrj-1.5	common	source-backed-rank	ngsl-gr-1.0	2578	cefrj-1.5,ngsl-gr-1.0,oewn-2025		validated
master-particle-noun	particle	noun	B2	source-backed	cefrj-1.5	common	source-backed-rank	ngsl-gr-1.0	3216	bsl-1.2,cefrj-1.5,nawl-1.2,ngsl-gr-1.0,oewn-2025		validated
master-particular-adjective	particular	adjective	B2	source-backed	cefrj-1.5	very-common	source-backed-rank	ngsl-gr-1.0	517	cefrj-1.5,ngsl-gr-1.0,oewn-2025		validated
master-partisan-noun	partisan	noun	B2	source-backed	cefrj-1.5	less-common	source-backed-rank	ngsl-gr-1.0	4723	cefrj-1.5,ngsl-gr-1.0,oewn-2025		validated
master-partnership-noun	partnership	noun	B2	source-backed	cefrj-1.5	common	source-backed-rank	ngsl-gr-1.0	2577	cefrj-1.5,ngsl-gr-1.0,oewn-2025		validated
master-passionate-adjective	passionate	adjective	B2	source-backed	cefrj-1.5	less-common	source-backed-rank	ngsl-gr-1.0	4557	cefrj-1.5,ngsl-gr-1.0,oewn-2025		validated
master-patch-noun	patch	noun	B2	source-backed	cefrj-1.5	common	source-backed-rank	ngsl-gr-1.0	3083	bsl-1.2,cefrj-1.5,ngsl-gr-1.0,oewn-2025		validated
master-patron-noun	patron	noun	B2	source-backed	cefrj-1.5	less-common	source-backed-rank	ngsl-gr-1.0	4856	cefrj-1.5,ngsl-gr-1.0,oewn-2025		validated
master-pave-verb	pave	verb	B2	source-backed	cefrj-1.5	less-common	source-backed-rank	ngsl-gr-1.0	4922	cefrj-1.5,ngsl-gr-1.0,oewn-2025		validated
master-pavement-noun	pavement	noun	B2	source-backed	cefrj-1.5	less-common	source-backed-rank	ngsl-gr-1.0	4467	cefrj-1.5,ngsl-gr-1.0,oewn-2025		validated
master-payment-noun	payment	noun	B2	source-backed	cefrj-1.5	very-common	source-backed-rank	ngsl-gr-1.0	1318	cefrj-1.5,ngsl-gr-1.0,oewn-2025		validated
master-peak-noun	peak	noun	B2	source-backed	cefrj-1.5	common	source-backed-rank	ngsl-gr-1.0	1711	cefrj-1.5,ngsl-gr-1.0,oewn-2025		validated
master-peer-noun	peer	noun	B2	source-backed	cefrj-1.5	common	source-backed-rank	ngsl-gr-1.0	2057	cefrj-1.5,ngsl-gr-1.0,oewn-2025		validated
master-peg-noun	peg	noun	B2	source-backed	cefrj-1.5	less-common	editorial-band			bsl-1.2,cefrj-1.5,oewn-2025		validated
master-penalty-noun	penalty	noun	B2	source-backed	cefrj-1.5	common	source-backed-rank	ngsl-gr-1.0	2580	cefrj-1.5,ngsl-gr-1.0,oewn-2025		validated
master-penetrate-verb	penetrate	verb	B2	source-backed	cefrj-1.5	less-common	source-backed-rank	ngsl-gr-1.0	3941	cefrj-1.5,ngsl-gr-1.0,oewn-2025		validated
master-pension-noun	pension	noun	B2	source-backed	cefrj-1.5	common	source-backed-rank	ngsl-gr-1.0	2058	cefrj-1.5,ngsl-gr-1.0,oewn-2025		validated
master-perceive-verb	perceive	verb	B2	source-backed	cefrj-1.5	common	source-backed-rank	ngsl-gr-1.0	2153	cefrj-1.5,ngsl-gr-1.0,oewn-2025		validated
master-percentage-noun	percentage	noun	B2	source-backed	cefrj-1.5	very-common	source-backed-rank	ngsl-gr-1.0	1175	cefrj-1.5,ngsl-gr-1.0,oewn-2025		validated
master-perception-noun	perception	noun	B2	source-backed	cefrj-1.5	common	source-backed-rank	ngsl-gr-1.0	2192	cefrj-1.5,ngsl-gr-1.0,oewn-2025		validated
v114	permanent	adjective	B2	editorial-estimate		common	source-backed-rank	ngsl-gr-1.0	1832	cefrj-1.5,ngsl-gr-1.0,oewn-2025,vocabulary-core-2026-08		validated
master-persist-verb	persist	verb	B2	source-backed	cefrj-1.5	less-common	source-backed-rank	ngsl-gr-1.0	3832	bsl-1.2,cefrj-1.5,ngsl-gr-1.0,oewn-2025		validated
master-persistent-adjective	persistent	adjective	B2	source-backed	cefrj-1.5	less-common	source-backed-rank	ngsl-gr-1.0	4507	bsl-1.2,cefrj-1.5,ngsl-gr-1.0,oewn-2025		validated
master-personnel-noun	personnel	noun	B2	source-backed	cefrj-1.5	common	source-backed-rank	ngsl-gr-1.0	2551	cefrj-1.5,ngsl-gr-1.0,oewn-2025		validated
master-perspective-noun	perspective	noun	B2	source-backed	cefrj-1.5	common	source-backed-rank	ngsl-gr-1.0	1546	cefrj-1.5,ngsl-gr-1.0,oewn-2025		validated
master-petty-adjective	petty	adjective	B2	source-backed	cefrj-1.5	less-common	editorial-band			bsl-1.2,cefrj-1.5,oewn-2025		validated
master-phase-noun	phase	noun	B2	source-backed	cefrj-1.5	common	source-backed-rank	ngsl-gr-1.0	1747	cefrj-1.5,ngsl-gr-1.0,oewn-2025		validated
master-philosophical-adjective	philosophical	adjective	B2	source-backed	cefrj-1.5	less-common	source-backed-rank	ngsl-gr-1.0	4298	cefrj-1.5,nawl-1.2,ngsl-gr-1.0,oewn-2025		validated
master-photograph-verb	photograph	verb	B2	source-backed	cefrj-1.5	very-common	source-backed-rank	ngsl-gr-1.0	1232	cefrj-1.5,ngsl-gr-1.0,oewn-2025		validated
master-physician-noun	physician	noun	B2	source-backed	cefrj-1.5	common	source-backed-rank	ngsl-gr-1.0	3198	bsl-1.2,cefrj-1.5,nawl-1.2,ngsl-gr-1.0,oewn-2025		validated
master-pi-noun	pi	noun	B2	source-backed	cefrj-1.5	less-common	editorial-band			cefrj-1.5,nawl-1.2,oewn-2025		validated
master-picture-verb	picture	verb	B2	source-backed	cefrj-1.5	very-common	source-backed-rank	ngsl-gr-1.0	559	cefrj-1.5,ngsl-gr-1.0,oewn-2025		validated
master-pin-noun	pin	noun	B2	source-backed	cefrj-1.5	common	source-backed-rank	ngsl-gr-1.0	3137	bsl-1.2,cefrj-1.5,ngsl-gr-1.0,oewn-2025		validated
master-pine-noun	pine	noun	B2	source-backed	cefrj-1.5	less-common	source-backed-rank	ngsl-gr-1.0	4470	cefrj-1.5,ngsl-gr-1.0,oewn-2025		validated
master-pint-noun	pint	noun	B2	source-backed	cefrj-1.5	less-common	source-backed-rank	ngsl-gr-1.0	4863	cefrj-1.5,ngsl-gr-1.0,oewn-2025		validated
master-pitch-noun	pitch	noun	B2	source-backed	cefrj-1.5	common	source-backed-rank	ngsl-gr-1.0	2107	cefrj-1.5,ngsl-gr-1.0,oewn-2025		validated
master-pitch-verb	pitch	verb	B2	source-backed	cefrj-1.5	common	source-backed-rank	ngsl-gr-1.0	2107	cefrj-1.5,ngsl-gr-1.0,oewn-2025		validated
master-plague-noun	plague	noun	B2	source-backed	cefrj-1.5	less-common	source-backed-rank	ngsl-gr-1.0	4664	bsl-1.2,cefrj-1.5,ngsl-gr-1.0,oewn-2025		validated
master-plead-verb	plead	verb	B2	source-backed	cefrj-1.5	common	source-backed-rank	ngsl-gr-1.0	3414	bsl-1.2,cefrj-1.5,ngsl-gr-1.0,oewn-2025		validated
master-plot-noun	plot	noun	B2	source-backed	cefrj-1.5	common	source-backed-rank	ngsl-gr-1.0	2001	cefrj-1.5,ngsl-gr-1.0,oewn-2025		validated
master-plug-verb	plug	verb	B2	source-backed	cefrj-1.5	common	source-backed-rank	ngsl-gr-1.0	3370	bsl-1.2,cefrj-1.5,nawl-1.2,ngsl-gr-1.0,oewn-2025		validated
master-plus-noun	plus	noun	B2	source-backed	cefrj-1.5	very-common	source-backed-rank	ngsl-gr-1.0	1306	cefrj-1.5,ngsl-gr-1.0,oewn-2025		validated
master-poison-verb	poison	verb	B2	source-backed	cefrj-1.5	common	source-backed-rank	ngsl-gr-1.0	3373	bsl-1.2,cefrj-1.5,ngsl-gr-1.0,oewn-2025		validated
master-polish-noun	polish	noun	B2	source-backed	cefrj-1.5	less-common	source-backed-rank	ngsl-gr-1.0	3722	cefrj-1.5,ngsl-gr-1.0,oewn-2025		validated
master-politically-adverb	politically	adverb	B2	source-backed	cefrj-1.5	common	source-backed-rank	ngsl-gr-1.0	3219	bsl-1.2,cefrj-1.5,nawl-1.2,ngsl-gr-1.0,oewn-2025		validated
master-pop-verb	pop	verb	B2	source-backed	cefrj-1.5	very-common	source-backed-rank	ngsl-gr-1.0	1339	cefrj-1.5,ngsl-gr-1.0,oewn-2025		validated
master-popularity-noun	popularity	noun	B2	source-backed	cefrj-1.5	common	source-backed-rank	ngsl-gr-1.0	3294	bsl-1.2,cefrj-1.5,ngsl-gr-1.0,oewn-2025		validated
master-portion-noun	portion	noun	B2	source-backed	cefrj-1.5	common	source-backed-rank	ngsl-gr-1.0	2279	cefrj-1.5,ngsl-gr-1.0,oewn-2025		validated
master-pose-noun	pose	noun	B2	source-backed	cefrj-1.5	common	source-backed-rank	ngsl-gr-1.0	2257	cefrj-1.5,ngsl-gr-1.0,oewn-2025		validated
master-postpone-verb	postpone	verb	B2	source-backed	cefrj-1.5	less-common	source-backed-rank	ngsl-gr-1.0	3985	bsl-1.2,cefrj-1.5,ngsl-gr-1.0,oewn-2025		validated
master-potential-adjective	potential	adjective	B2	source-backed	cefrj-1.5	very-common	source-backed-rank	ngsl-gr-1.0	880	cefrj-1.5,ngsl-gr-1.0,oewn-2025		validated
master-potentially-adverb	potentially	adverb	B2	source-backed	cefrj-1.5	common	source-backed-rank	ngsl-gr-1.0	2608	cefrj-1.5,ngsl-gr-1.0,oewn-2025		validated
master-pound-verb	pound	verb	B2	source-backed	cefrj-1.5	very-common	source-backed-rank	ngsl-gr-1.0	1034	cefrj-1.5,ngsl-gr-1.0,oewn-2025		validated
master-powder-verb	powder	verb	B2	source-backed	cefrj-1.5	less-common	source-backed-rank	ngsl-gr-1.0	3750	cefrj-1.5,nawl-1.2,ngsl-gr-1.0,oewn-2025		validated
master-practically-adverb	practically	adverb	B2	source-backed	cefrj-1.5	less-common	source-backed-rank	ngsl-gr-1.0	3572	cefrj-1.5,ngsl-gr-1.0,oewn-2025		validated
master-praise-verb	praise	verb	B2	source-backed	cefrj-1.5	common	source-backed-rank	ngsl-gr-1.0	2523	cefrj-1.5,ngsl-gr-1.0,oewn-2025		validated
master-precede-verb	precede	verb	B2	source-backed	cefrj-1.5	common	source-backed-rank	ngsl-gr-1.0	3169	bsl-1.2,cefrj-1.5,nawl-1.2,ngsl-gr-1.0,oewn-2025		validated
v115	precise	adjective	B2	editorial-estimate		common	source-backed-rank	ngsl-gr-1.0	2773	cefrj-1.5,ngsl-gr-1.0,oewn-2025,vocabulary-core-2026-08		validated
master-precisely-adverb	precisely	adverb	B2	source-backed	cefrj-1.5	common	source-backed-rank	ngsl-gr-1.0	2392	cefrj-1.5,ngsl-gr-1.0,oewn-2025		validated
master-predictable-adjective	predictable	adjective	B2	source-backed	cefrj-1.5	less-common	source-backed-rank	ngsl-gr-1.0	4867	bsl-1.2,cefrj-1.5,ngsl-gr-1.0,oewn-2025		validated
master-predictor-noun	predictor	noun	B2	source-backed	cefrj-1.5	less-common	editorial-band			bsl-1.2,cefrj-1.5,oewn-2025		validated
master-preliminary-adjective	preliminary	adjective	B2	source-backed	cefrj-1.5	common	source-backed-rank	ngsl-gr-1.0	3453	bsl-1.2,cefrj-1.5,nawl-1.2,ngsl-gr-1.0,oewn-2025		validated
master-prescribe-verb	prescribe	verb	B2	source-backed	cefrj-1.5	common	source-backed-rank	ngsl-gr-1.0	2983	bsl-1.2,cefrj-1.5,ngsl-gr-1.0,oewn-2025		validated
master-present-verb	present	verb	B2	source-backed	cefrj-1.5	very-common	source-backed-rank	ngsl-gr-1.0	325	cefrj-1.5,ngsl-gr-1.0,oewn-2025		validated
master-presidency-noun	presidency	noun	B2	source-backed	cefrj-1.5	less-common	source-backed-rank	ngsl-gr-1.0	4006	bsl-1.2,cefrj-1.5,ngsl-gr-1.0,oewn-2025		validated
master-presidential-adjective	presidential	adjective	B2	source-backed	cefrj-1.5	common	source-backed-rank	ngsl-gr-1.0	1937	cefrj-1.5,ngsl-gr-1.0,oewn-2025		validated
master-presumably-adverb	presumably	adverb	B2	source-backed	cefrj-1.5	common	source-backed-rank	ngsl-gr-1.0	2650	cefrj-1.5,ngsl-gr-1.0,oewn-2025		validated
master-pretend-adjective	pretend	adjective	B2	source-backed	cefrj-1.5	common	source-backed-rank	ngsl-gr-1.0	2610	cefrj-1.5,ngsl-gr-1.0,oewn-2025		validated
master-prevail-verb	prevail	verb	B2	source-backed	cefrj-1.5	common	source-backed-rank	ngsl-gr-1.0	3171	bsl-1.2,cefrj-1.5,ngsl-gr-1.0,oewn-2025		validated
master-prevention-noun	prevention	noun	B2	source-backed	cefrj-1.5	less-common	source-backed-rank	ngsl-gr-1.0	3585	bsl-1.2,cefrj-1.5,ngsl-gr-1.0,oewn-2025		validated
master-previously-adverb	previously	adverb	B2	source-backed	cefrj-1.5	common	source-backed-rank	ngsl-gr-1.0	1612	cefrj-1.5,ngsl-gr-1.0,oewn-2025		validated
master-price-verb	price	verb	B2	source-backed	cefrj-1.5	very-common	source-backed-rank	ngsl-gr-1.0	346	cefrj-1.5,ngsl-gr-1.0,oewn-2025		validated
master-primary-adjective	primary	adjective	B2	source-backed	cefrj-1.5	very-common	source-backed-rank	ngsl-gr-1.0	1117	cefrj-1.5,ngsl-gr-1.0,oewn-2025		validated
master-prime-adjective	prime	adjective	B2	source-backed	cefrj-1.5	common	source-backed-rank	ngsl-gr-1.0	1888	cefrj-1.5,ngsl-gr-1.0,oewn-2025		validated
master-principal-noun	principal	noun	B2	source-backed	cefrj-1.5	common	source-backed-rank	ngsl-gr-1.0	1605	cefrj-1.5,ngsl-gr-1.0,oewn-2025		validated
master-prior-adjective	prior	adjective	B2	source-backed	cefrj-1.5	common	source-backed-rank	ngsl-gr-1.0	1842	cefrj-1.5,ngsl-gr-1.0,oewn-2025		validated
master-privately-adverb	privately	adverb	B2	source-backed	cefrj-1.5	less-common	source-backed-rank	ngsl-gr-1.0	4257	bsl-1.2,cefrj-1.5,ngsl-gr-1.0,oewn-2025		validated
master-privilege-noun	privilege	noun	B2	source-backed	cefrj-1.5	common	source-backed-rank	ngsl-gr-1.0	2487	cefrj-1.5,ngsl-gr-1.0,oewn-2025		validated
master-probable-adjective	probable	adjective	B2	source-backed	cefrj-1.5	less-common	source-backed-rank	ngsl-gr-1.0	4961	bsl-1.2,cefrj-1.5,ngsl-gr-1.0,oewn-2025		validated
master-probe-noun	probe	noun	B2	source-backed	cefrj-1.5	common	source-backed-rank	ngsl-gr-1.0	3415	bsl-1.2,cefrj-1.5,nawl-1.2,ngsl-gr-1.0,oewn-2025		validated
master-procedure-noun	procedure	noun	B2	source-backed	cefrj-1.5	very-common	source-backed-rank	ngsl-gr-1.0	1218	cefrj-1.5,ngsl-gr-1.0,oewn-2025		validated
master-process-verb	process	verb	B2	source-backed	cefrj-1.5	very-common	source-backed-rank	ngsl-gr-1.0	336	cefrj-1.5,ngsl-gr-1.0,oewn-2025		validated
master-professional-noun	professional	noun	B2	source-backed	cefrj-1.5	very-common	source-backed-rank	ngsl-gr-1.0	986	cefrj-1.5,ngsl-gr-1.0,oewn-2025		validated
master-profile-noun	profile	noun	B2	source-backed	cefrj-1.5	common	source-backed-rank	ngsl-gr-1.0	2115	cefrj-1.5,ngsl-gr-1.0,oewn-2025		validated
master-profit-noun	profit	noun	B2	source-backed	cefrj-1.5	very-common	source-backed-rank	ngsl-gr-1.0	950	cefrj-1.5,ngsl-gr-1.0,oewn-2025		validated
master-profitable-adjective	profitable	adjective	B2	source-backed	cefrj-1.5	common	source-backed-rank	ngsl-gr-1.0	3483	bsl-1.2,cefrj-1.5,ngsl-gr-1.0,oewn-2025		validated
master-programmer-noun	programmer	noun	B2	source-backed	cefrj-1.5	less-common	editorial-band			bsl-1.2,cefrj-1.5,oewn-2025		validated
master-progress-verb	progress	verb	B2	source-backed	cefrj-1.5	very-common	source-backed-rank	ngsl-gr-1.0	1151	cefrj-1.5,ngsl-gr-1.0,oewn-2025		validated
master-prohibit-verb	prohibit	verb	B2	source-backed	cefrj-1.5	less-common	source-backed-rank	ngsl-gr-1.0	3919	bsl-1.2,cefrj-1.5,ngsl-gr-1.0,oewn-2025		validated
master-project-verb	project	verb	B2	source-backed	cefrj-1.5	very-common	source-backed-rank	ngsl-gr-1.0	568	cefrj-1.5,ngsl-gr-1.0,oewn-2025		validated
master-projection-noun	projection	noun	B2	source-backed	cefrj-1.5	less-common	source-backed-rank	ngsl-gr-1.0	3536	bsl-1.2,cefrj-1.5,nawl-1.2,ngsl-gr-1.0,oewn-2025		validated
master-prompt-adjective	prompt	adjective	B2	source-backed	cefrj-1.5	common	source-backed-rank	ngsl-gr-1.0	2425	cefrj-1.5,ngsl-gr-1.0,oewn-2025		validated
master-prompt-noun	prompt	noun	B2	source-backed	cefrj-1.5	common	source-backed-rank	ngsl-gr-1.0	2425	cefrj-1.5,ngsl-gr-1.0,oewn-2025		validated
master-prompt-verb	prompt	verb	B2	source-backed	cefrj-1.5	common	source-backed-rank	ngsl-gr-1.0	2425	cefrj-1.5,ngsl-gr-1.0,oewn-2025		validated
master-promptly-adverb	promptly	adverb	B2	source-backed	cefrj-1.5	less-common	editorial-band			bsl-1.2,cefrj-1.5,oewn-2025		validated
master-prosecute-verb	prosecute	verb	B2	source-backed	cefrj-1.5	less-common	source-backed-rank	ngsl-gr-1.0	4787	bsl-1.2,cefrj-1.5,ngsl-gr-1.0,oewn-2025		validated
master-prospect-noun	prospect	noun	B2	source-backed	cefrj-1.5	common	source-backed-rank	ngsl-gr-1.0	1999	cefrj-1.5,ngsl-gr-1.0,oewn-2025		validated
master-prosper-verb	prosper	verb	B2	source-backed	cefrj-1.5	less-common	editorial-band			bsl-1.2,cefrj-1.5,oewn-2025		validated
master-protest-verb	protest	verb	B2	source-backed	cefrj-1.5	common	source-backed-rank	ngsl-gr-1.0	1758	cefrj-1.5,ngsl-gr-1.0,oewn-2025		validated
master-province-noun	province	noun	B2	source-backed	cefrj-1.5	common	source-backed-rank	ngsl-gr-1.0	2502	cefrj-1.5,ngsl-gr-1.0,oewn-2025		validated
master-provision-noun	provision	noun	B2	source-backed	cefrj-1.5	common	source-backed-rank	ngsl-gr-1.0	1590	cefrj-1.5,ngsl-gr-1.0,oewn-2025		validated
master-psychology-noun	psychology	noun	B2	source-backed	cefrj-1.5	common	source-backed-rank	ngsl-gr-1.0	3411	bsl-1.2,cefrj-1.5,nawl-1.2,ngsl-gr-1.0,oewn-2025		validated
master-publication-noun	publication	noun	B2	source-backed	cefrj-1.5	common	source-backed-rank	ngsl-gr-1.0	2091	cefrj-1.5,ngsl-gr-1.0,oewn-2025		validated
master-publicity-noun	publicity	noun	B2	source-backed	cefrj-1.5	common	source-backed-rank	ngsl-gr-1.0	3011	bsl-1.2,cefrj-1.5,ngsl-gr-1.0,oewn-2025		validated
master-pulse-noun	pulse	noun	B2	source-backed	cefrj-1.5	less-common	source-backed-rank	ngsl-gr-1.0	3776	cefrj-1.5,nawl-1.2,ngsl-gr-1.0,oewn-2025		validated
master-punch-noun	punch	noun	B2	source-backed	cefrj-1.5	common	source-backed-rank	ngsl-gr-1.0	3360	cefrj-1.5,nawl-1.2,ngsl-gr-1.0,oewn-2025		validated
master-punch-verb	punch	verb	B2	source-backed	cefrj-1.5	common	source-backed-rank	ngsl-gr-1.0	3360	cefrj-1.5,nawl-1.2,ngsl-gr-1.0,oewn-2025		validated
master-purchase-noun	purchase	noun	B2	source-backed	cefrj-1.5	very-common	source-backed-rank	ngsl-gr-1.0	1052	cefrj-1.5,ngsl-gr-1.0,oewn-2025		validated
master-purchase-verb	purchase	verb	B2	source-backed	cefrj-1.5	very-common	source-backed-rank	ngsl-gr-1.0	1052	cefrj-1.5,ngsl-gr-1.0,oewn-2025		validated
master-pursuit-noun	pursuit	noun	B2	source-backed	cefrj-1.5	common	source-backed-rank	ngsl-gr-1.0	3480	bsl-1.2,cefrj-1.5,ngsl-gr-1.0,oewn-2025		validated
master-qualification-noun	qualification	noun	B2	source-backed	cefrj-1.5	common	source-backed-rank	ngsl-gr-1.0	2803	cefrj-1.5,ngsl-gr-1.0,oewn-2025		validated
master-quantify-verb	quantify	verb	B2	source-backed	cefrj-1.5	less-common	editorial-band			bsl-1.2,cefrj-1.5,oewn-2025		validated
master-query-noun	query	noun	B2	source-backed	cefrj-1.5	common	source-backed-rank	ngsl-gr-1.0	3393	bsl-1.2,cefrj-1.5,ngsl-gr-1.0,oewn-2025		validated
master-question-verb	question	verb	B2	source-backed	cefrj-1.5	very-common	source-backed-rank	ngsl-gr-1.0	231	cefrj-1.5,ngsl-gr-1.0,oewn-2025		validated
master-queue-verb	queue	verb	B2	source-backed	cefrj-1.5	common	source-backed-rank	ngsl-gr-1.0	3223	bsl-1.2,cefrj-1.5,ngsl-gr-1.0,oewn-2025		validated
master-quiet-noun	quiet	noun	B2	source-backed	cefrj-1.5	very-common	source-backed-rank	ngsl-gr-1.0	1363	cefrj-1.5,ngsl-gr-1.0,oewn-2025		validated
master-quotation-noun	quotation	noun	B2	source-backed	cefrj-1.5	less-common	source-backed-rank	ngsl-gr-1.0	3999	bsl-1.2,cefrj-1.5,nawl-1.2,ngsl-gr-1.0,oewn-2025		validated
master-quote-noun	quote	noun	B2	source-backed	cefrj-1.5	very-common	source-backed-rank	ngsl-gr-1.0	1483	cefrj-1.5,ngsl-gr-1.0,oewn-2025		validated
master-quote-verb	quote	verb	B2	source-backed	cefrj-1.5	very-common	source-backed-rank	ngsl-gr-1.0	1483	cefrj-1.5,ngsl-gr-1.0,oewn-2025		validated
master-racism-noun	racism	noun	B2	source-backed	cefrj-1.5	less-common	source-backed-rank	ngsl-gr-1.0	4340	cefrj-1.5,ngsl-gr-1.0,oewn-2025		validated
master-rack-noun	rack	noun	B2	source-backed	cefrj-1.5	less-common	source-backed-rank	ngsl-gr-1.0	4137	cefrj-1.5,nawl-1.2,ngsl-gr-1.0,oewn-2025		validated
master-radar-noun	radar	noun	B2	source-backed	cefrj-1.5	less-common	editorial-band			cefrj-1.5,nawl-1.2,oewn-2025		validated
master-radical-noun	radical	noun	B2	source-backed	cefrj-1.5	common	source-backed-rank	ngsl-gr-1.0	2296	cefrj-1.5,ngsl-gr-1.0,oewn-2025		validated
master-rally-noun	rally	noun	B2	source-backed	cefrj-1.5	common	source-backed-rank	ngsl-gr-1.0	2988	bsl-1.2,cefrj-1.5,ngsl-gr-1.0,oewn-2025		validated
master-ram-noun	ram	noun	B2	source-backed	cefrj-1.5	less-common	source-backed-rank	ngsl-gr-1.0	5008	cefrj-1.5,ngsl-gr-1.0,oewn-2025		validated
master-range-verb	range	verb	B2	source-backed	cefrj-1.5	very-common	source-backed-rank	ngsl-gr-1.0	566	cefrj-1.5,ngsl-gr-1.0,oewn-2025		validated
master-rape-noun	rape	noun	B2	source-backed	cefrj-1.5	common	source-backed-rank	ngsl-gr-1.0	3092	bsl-1.2,cefrj-1.5,ngsl-gr-1.0,oewn-2025		validated
master-rape-verb	rape	verb	B2	source-backed	cefrj-1.5	common	source-backed-rank	ngsl-gr-1.0	3092	bsl-1.2,cefrj-1.5,ngsl-gr-1.0,oewn-2025		validated
master-rate-verb	rate	verb	B2	source-backed	cefrj-1.5	very-common	source-backed-rank	ngsl-gr-1.0	362	cefrj-1.5,ngsl-gr-1.0,oewn-2025		validated
master-reaction-noun	reaction	noun	B2	source-backed	cefrj-1.5	very-common	source-backed-rank	ngsl-gr-1.0	1281	cefrj-1.5,ngsl-gr-1.0,oewn-2025		validated
master-readily-adverb	readily	adverb	B2	source-backed	cefrj-1.5	common	source-backed-rank	ngsl-gr-1.0	3346	bsl-1.2,cefrj-1.5,nawl-1.2,ngsl-gr-1.0,oewn-2025		validated
master-rear-adjective	rear	adjective	B2	source-backed	cefrj-1.5	common	source-backed-rank	ngsl-gr-1.0	2646	cefrj-1.5,ngsl-gr-1.0,oewn-2025		validated
master-reasonably-adverb	reasonably	adverb	B2	source-backed	cefrj-1.5	common	source-backed-rank	ngsl-gr-1.0	2768	cefrj-1.5,ngsl-gr-1.0,oewn-2025		validated
master-rebel-noun	rebel	noun	B2	source-backed	cefrj-1.5	common	source-backed-rank	ngsl-gr-1.0	3153	bsl-1.2,cefrj-1.5,ngsl-gr-1.0,oewn-2025		validated
master-rebel-verb	rebel	verb	B2	source-backed	cefrj-1.5	common	source-backed-rank	ngsl-gr-1.0	3153	bsl-1.2,cefrj-1.5,ngsl-gr-1.0,oewn-2025		validated
master-recession-noun	recession	noun	B2	source-backed	cefrj-1.5	common	source-backed-rank	ngsl-gr-1.0	2977	bsl-1.2,cefrj-1.5,ngsl-gr-1.0,oewn-2025		validated
master-recipe-noun	recipe	noun	B2	source-backed	cefrj-1.5	common	source-backed-rank	ngsl-gr-1.0	3418	bsl-1.2,cefrj-1.5,nawl-1.2,ngsl-gr-1.0,oewn-2025		validated
master-reckon-verb	reckon	verb	B2	source-backed	cefrj-1.5	common	source-backed-rank	ngsl-gr-1.0	2751	cefrj-1.5,ngsl-gr-1.0,oewn-2025		validated
master-recognition-noun	recognition	noun	B2	source-backed	cefrj-1.5	common	source-backed-rank	ngsl-gr-1.0	2063	cefrj-1.5,ngsl-gr-1.0,oewn-2025		validated
master-recommendation-noun	recommendation	noun	B2	source-backed	cefrj-1.5	common	source-backed-rank	ngsl-gr-1.0	1584	cefrj-1.5,ngsl-gr-1.0,oewn-2025		validated
master-recruit-verb	recruit	verb	B2	source-backed	cefrj-1.5	common	source-backed-rank	ngsl-gr-1.0	2137	cefrj-1.5,ngsl-gr-1.0,oewn-2025		validated
master-reference-noun	reference	noun	B2	source-backed	cefrj-1.5	very-common	source-backed-rank	ngsl-gr-1.0	928	cefrj-1.5,ngsl-gr-1.0,oewn-2025		validated
master-reform-noun	reform	noun	B2	source-backed	cefrj-1.5	very-common	source-backed-rank	ngsl-gr-1.0	1265	cefrj-1.5,ngsl-gr-1.0,oewn-2025		validated
master-refugee-noun	refugee	noun	B2	source-backed	cefrj-1.5	common	source-backed-rank	ngsl-gr-1.0	2786	cefrj-1.5,ngsl-gr-1.0,oewn-2025		validated
master-regard-noun	regard	noun	B2	source-backed	cefrj-1.5	very-common	source-backed-rank	ngsl-gr-1.0	561	cefrj-1.5,ngsl-gr-1.0,oewn-2025		validated
master-regardless-adverb	regardless	adverb	B2	source-backed	cefrj-1.5	common	source-backed-rank	ngsl-gr-1.0	2660	cefrj-1.5,ngsl-gr-1.0,oewn-2025		validated
master-regime-noun	regime	noun	B2	source-backed	cefrj-1.5	common	source-backed-rank	ngsl-gr-1.0	2873	bsl-1.2,cefrj-1.5,nawl-1.2,ngsl-gr-1.0,oewn-2025		validated
master-regret-noun	regret	noun	B2	source-backed	cefrj-1.5	common	source-backed-rank	ngsl-gr-1.0	2441	cefrj-1.5,ngsl-gr-1.0,oewn-2025		validated
master-regulate-verb	regulate	verb	B2	source-backed	cefrj-1.5	common	source-backed-rank	ngsl-gr-1.0	2634	cefrj-1.5,ngsl-gr-1.0,oewn-2025		validated
master-rehearsal-noun	rehearsal	noun	B2	source-backed	cefrj-1.5	less-common	source-backed-rank	ngsl-gr-1.0	5040	cefrj-1.5,ngsl-gr-1.0,oewn-2025		validated
master-reinforce-verb	reinforce	verb	B2	source-backed	cefrj-1.5	common	source-backed-rank	ngsl-gr-1.0	3124	bsl-1.2,cefrj-1.5,nawl-1.2,ngsl-gr-1.0,oewn-2025		validated
master-reinforcement-noun	reinforcement	noun	B2	source-backed	cefrj-1.5	less-common	editorial-band			bsl-1.2,cefrj-1.5,oewn-2025		validated
master-rejection-noun	rejection	noun	B2	source-backed	cefrj-1.5	less-common	source-backed-rank	ngsl-gr-1.0	4218	bsl-1.2,cefrj-1.5,nawl-1.2,ngsl-gr-1.0,oewn-2025		validated
master-relaxation-noun	relaxation	noun	B2	source-backed	cefrj-1.5	less-common	source-backed-rank	ngsl-gr-1.0	5042	cefrj-1.5,ngsl-gr-1.0,oewn-2025		validated
v82	relevant	adjective	B2	source-backed	cefrj-1.5	common	source-backed-rank	ngsl-gr-1.0	1554	cefrj-1.5,ngsl-gr-1.0,oewn-2025,vocabulary-core-2026-08		validated
v22	reliable	adjective	B2	editorial-estimate		common	source-backed-rank	ngsl-gr-1.0	2562	cefrj-1.5,ngsl-gr-1.0,oewn-2025,vocabulary-core-2026-08		validated
master-relief-noun	relief	noun	B2	source-backed	cefrj-1.5	common	source-backed-rank	ngsl-gr-1.0	1673	cefrj-1.5,ngsl-gr-1.0,oewn-2025		validated
master-relieve-verb	relieve	verb	B2	source-backed	cefrj-1.5	common	source-backed-rank	ngsl-gr-1.0	3007	bsl-1.2,cefrj-1.5,ngsl-gr-1.0,oewn-2025		validated
master-reluctant-adjective	reluctant	adjective	B2	source-backed	cefrj-1.5	common	source-backed-rank	ngsl-gr-1.0	3462	bsl-1.2,cefrj-1.5,ngsl-gr-1.0,oewn-2025		validated
master-remark-noun	remark	noun	B2	source-backed	cefrj-1.5	common	source-backed-rank	ngsl-gr-1.0	1810	cefrj-1.5,ngsl-gr-1.0,oewn-2025		validated
master-remarkably-adverb	remarkably	adverb	B2	source-backed	cefrj-1.5	less-common	source-backed-rank	ngsl-gr-1.0	4020	bsl-1.2,cefrj-1.5,ngsl-gr-1.0,oewn-2025		validated
master-reminder-noun	reminder	noun	B2	source-backed	cefrj-1.5	less-common	source-backed-rank	ngsl-gr-1.0	4102	bsl-1.2,cefrj-1.5,ngsl-gr-1.0,oewn-2025		validated
master-rental-noun	rental	noun	B2	source-backed	cefrj-1.5	less-common	source-backed-rank	ngsl-gr-1.0	4389	bsl-1.2,cefrj-1.5,ngsl-gr-1.0,oewn-2025		validated
master-repertoire-noun	repertoire	noun	B2	source-backed	cefrj-1.5	common	source-backed-rank	ngsl-gr-1.0	2866	bsl-1.2,cefrj-1.5,nawl-1.2,ngsl-gr-1.0,oewn-2025		validated
master-repetition-noun	repetition	noun	B2	source-backed	cefrj-1.5	less-common	source-backed-rank	ngsl-gr-1.0	4947	cefrj-1.5,ngsl-gr-1.0,oewn-2025		validated
master-replacement-noun	replacement	noun	B2	source-backed	cefrj-1.5	common	source-backed-rank	ngsl-gr-1.0	2996	bsl-1.2,cefrj-1.5,nawl-1.2,ngsl-gr-1.0,oewn-2025		validated
master-reprint-noun	reprint	noun	B2	source-backed	cefrj-1.5	less-common	editorial-band			bsl-1.2,cefrj-1.5,oewn-2025		validated
master-research-verb	research	verb	B2	source-backed	cefrj-1.5	very-common	source-backed-rank	ngsl-gr-1.0	473	cefrj-1.5,ngsl-gr-1.0,oewn-2025		validated
master-residence-noun	residence	noun	B2	source-backed	cefrj-1.5	common	source-backed-rank	ngsl-gr-1.0	3413	bsl-1.2,cefrj-1.5,ngsl-gr-1.0,oewn-2025		validated
master-resident-noun	resident	noun	B2	source-backed	cefrj-1.5	common	source-backed-rank	ngsl-gr-1.0	1589	cefrj-1.5,ngsl-gr-1.0,oewn-2025		validated
master-resign-verb	resign	verb	B2	source-backed	cefrj-1.5	common	source-backed-rank	ngsl-gr-1.0	2616	cefrj-1.5,ngsl-gr-1.0,oewn-2025		validated
master-resignation-noun	resignation	noun	B2	source-backed	cefrj-1.5	less-common	source-backed-rank	ngsl-gr-1.0	3817	bsl-1.2,cefrj-1.5,ngsl-gr-1.0,oewn-2025		validated
master-resistance-noun	resistance	noun	B2	source-backed	cefrj-1.5	common	source-backed-rank	ngsl-gr-1.0	2343	cefrj-1.5,ngsl-gr-1.0,oewn-2025		validated
master-resolution-noun	resolution	noun	B2	source-backed	cefrj-1.5	common	source-backed-rank	ngsl-gr-1.0	1849	cefrj-1.5,ngsl-gr-1.0,oewn-2025		validated
master-respiratory-adjective	respiratory	adjective	B2	source-backed	cefrj-1.5	less-common	editorial-band			cefrj-1.5,nawl-1.2,oewn-2025		validated
master-restriction-noun	restriction	noun	B2	source-backed	cefrj-1.5	common	source-backed-rank	ngsl-gr-1.0	2226	cefrj-1.5,ngsl-gr-1.0,oewn-2025		validated
master-resume-verb	resume	verb	B2	source-backed	cefrj-1.5	common	source-backed-rank	ngsl-gr-1.0	3052	bsl-1.2,cefrj-1.5,ngsl-gr-1.0,oewn-2025		validated
master-retailer-noun	retailer	noun	B2	source-backed	cefrj-1.5	common	source-backed-rank	ngsl-gr-1.0	3337	bsl-1.2,cefrj-1.5,ngsl-gr-1.0,oewn-2025		validated
v83	retain	verb	B2	editorial-estimate		common	source-backed-rank	ngsl-gr-1.0	2009	cefrj-1.5,ngsl-gr-1.0,oewn-2025,vocabulary-core-2026-08		validated
master-retirement-noun	retirement	noun	B2	source-backed	cefrj-1.5	common	source-backed-rank	ngsl-gr-1.0	2067	cefrj-1.5,ngsl-gr-1.0,oewn-2025		validated
master-retreat-noun	retreat	noun	B2	source-backed	cefrj-1.5	common	source-backed-rank	ngsl-gr-1.0	3420	bsl-1.2,cefrj-1.5,ngsl-gr-1.0,oewn-2025		validated
master-retreat-verb	retreat	verb	B2	source-backed	cefrj-1.5	common	source-backed-rank	ngsl-gr-1.0	3420	bsl-1.2,cefrj-1.5,ngsl-gr-1.0,oewn-2025		validated
master-retrieve-verb	retrieve	verb	B2	source-backed	cefrj-1.5	less-common	source-backed-rank	ngsl-gr-1.0	4682	bsl-1.2,cefrj-1.5,nawl-1.2,ngsl-gr-1.0,oewn-2025		validated
master-revelation-noun	revelation	noun	B2	source-backed	cefrj-1.5	less-common	source-backed-rank	ngsl-gr-1.0	4357	cefrj-1.5,ngsl-gr-1.0,oewn-2025		validated
master-revenge-noun	revenge	noun	B2	source-backed	cefrj-1.5	less-common	source-backed-rank	ngsl-gr-1.0	4665	cefrj-1.5,ngsl-gr-1.0,oewn-2025		validated
master-revenue-noun	revenue	noun	B2	source-backed	cefrj-1.5	very-common	source-backed-rank	ngsl-gr-1.0	1401	cefrj-1.5,ngsl-gr-1.0,oewn-2025		validated
master-reverse-verb	reverse	verb	B2	source-backed	cefrj-1.5	common	source-backed-rank	ngsl-gr-1.0	2253	cefrj-1.5,ngsl-gr-1.0,oewn-2025		validated
master-revival-noun	revival	noun	B2	source-backed	cefrj-1.5	less-common	editorial-band			bsl-1.2,cefrj-1.5,oewn-2025		validated
master-revive-verb	revive	verb	B2	source-backed	cefrj-1.5	less-common	source-backed-rank	ngsl-gr-1.0	3955	bsl-1.2,cefrj-1.5,ngsl-gr-1.0,oewn-2025		validated
master-revolution-noun	revolution	noun	B2	source-backed	cefrj-1.5	common	source-backed-rank	ngsl-gr-1.0	2020	cefrj-1.5,ngsl-gr-1.0,oewn-2025		validated
master-revolutionary-adjective	revolutionary	adjective	B2	source-backed	cefrj-1.5	less-common	source-backed-rank	ngsl-gr-1.0	3535	bsl-1.2,cefrj-1.5,nawl-1.2,ngsl-gr-1.0,oewn-2025		validated
master-reward-verb	reward	verb	B2	source-backed	cefrj-1.5	common	source-backed-rank	ngsl-gr-1.0	1798	cefrj-1.5,ngsl-gr-1.0,oewn-2025		validated
master-rib-noun	rib	noun	B2	source-backed	cefrj-1.5	less-common	source-backed-rank	ngsl-gr-1.0	4888	cefrj-1.5,ngsl-gr-1.0,oewn-2025		validated
master-rider-noun	rider	noun	B2	source-backed	cefrj-1.5	less-common	source-backed-rank	ngsl-gr-1.0	4149	cefrj-1.5,ngsl-gr-1.0,oewn-2025		validated
master-ridge-noun	ridge	noun	B2	source-backed	cefrj-1.5	less-common	source-backed-rank	ngsl-gr-1.0	4642	cefrj-1.5,ngsl-gr-1.0,oewn-2025		validated
master-rightly-adverb	rightly	adverb	B2	source-backed	cefrj-1.5	less-common	source-backed-rank	ngsl-gr-1.0	4658	bsl-1.2,cefrj-1.5,ngsl-gr-1.0,oewn-2025		validated
master-rip-verb	rip	verb	B2	source-backed	cefrj-1.5	less-common	source-backed-rank	ngsl-gr-1.0	3809	cefrj-1.5,ngsl-gr-1.0,oewn-2025		validated
master-risk-verb	risk	verb	B2	source-backed	cefrj-1.5	very-common	source-backed-rank	ngsl-gr-1.0	595	cefrj-1.5,ngsl-gr-1.0,oewn-2025		validated
master-risky-adjective	risky	adjective	B2	source-backed	cefrj-1.5	less-common	source-backed-rank	ngsl-gr-1.0	4483	bsl-1.2,cefrj-1.5,ngsl-gr-1.0,oewn-2025		validated
master-ritual-noun	ritual	noun	B2	source-backed	cefrj-1.5	common	source-backed-rank	ngsl-gr-1.0	3265	cefrj-1.5,nawl-1.2,ngsl-gr-1.0,oewn-2025		validated
master-rival-noun	rival	noun	B2	source-backed	cefrj-1.5	common	source-backed-rank	ngsl-gr-1.0	2393	cefrj-1.5,ngsl-gr-1.0,oewn-2025		validated
master-roar-verb	roar	verb	B2	source-backed	cefrj-1.5	less-common	source-backed-rank	ngsl-gr-1.0	4119	cefrj-1.5,ngsl-gr-1.0,oewn-2025		validated
master-roast-adjective	roast	adjective	B2	source-backed	cefrj-1.5	less-common	source-backed-rank	ngsl-gr-1.0	4859	cefrj-1.5,ngsl-gr-1.0,oewn-2025		validated
master-rock-verb	rock	verb	B2	source-backed	cefrj-1.5	very-common	source-backed-rank	ngsl-gr-1.0	1015	cefrj-1.5,ngsl-gr-1.0,oewn-2025		validated
master-rocket-noun	rocket	noun	B2	source-backed	cefrj-1.5	less-common	source-backed-rank	ngsl-gr-1.0	3886	bsl-1.2,cefrj-1.5,ngsl-gr-1.0,oewn-2025		validated
master-roll-verb	roll	verb	B2	source-backed	cefrj-1.5	very-common	source-backed-rank	ngsl-gr-1.0	1230	cefrj-1.5,ngsl-gr-1.0,oewn-2025		validated
master-round-preposition	round	preposition	B2	source-backed	cefrj-1.5	very-common	source-backed-rank	ngsl-gr-1.0	569	cefrj-1.5,ngsl-gr-1.0		validated
master-round-verb	round	verb	B2	source-backed	cefrj-1.5	very-common	source-backed-rank	ngsl-gr-1.0	569	cefrj-1.5,ngsl-gr-1.0,oewn-2025		validated
master-route-noun	route	noun	B2	source-backed	cefrj-1.5	very-common	source-backed-rank	ngsl-gr-1.0	1460	cefrj-1.5,ngsl-gr-1.0,oewn-2025		validated
master-row-verb	row	verb	B2	source-backed	cefrj-1.5	common	source-backed-rank	ngsl-gr-1.0	1652	cefrj-1.5,ngsl-gr-1.0,oewn-2025		validated
master-royalty-noun	royalty	noun	B2	source-backed	cefrj-1.5	less-common	editorial-band			bsl-1.2,cefrj-1.5,oewn-2025		validated
master-rub-verb	rub	verb	B2	source-backed	cefrj-1.5	common	source-backed-rank	ngsl-gr-1.0	3471	cefrj-1.5,nawl-1.2,ngsl-gr-1.0,oewn-2025		validated
master-rule-verb	rule	verb	B2	source-backed	cefrj-1.5	very-common	source-backed-rank	ngsl-gr-1.0	465	cefrj-1.5,ngsl-gr-1.0,oewn-2025		validated
master-rural-adjective	rural	adjective	B2	source-backed	cefrj-1.5	common	source-backed-rank	ngsl-gr-1.0	2013	cefrj-1.5,ngsl-gr-1.0,oewn-2025		validated
master-sack-verb	sack	verb	B2	source-backed	cefrj-1.5	less-common	source-backed-rank	ngsl-gr-1.0	3575	bsl-1.2,cefrj-1.5,ngsl-gr-1.0,oewn-2025		validated
master-safeguard-verb	safeguard	verb	B2	source-backed	cefrj-1.5	less-common	editorial-band			bsl-1.2,cefrj-1.5,oewn-2025		validated
master-sail-verb	sail	verb	B2	source-backed	cefrj-1.5	common	source-backed-rank	ngsl-gr-1.0	2166	cefrj-1.5,ngsl-gr-1.0,oewn-2025		validated
master-salary-noun	salary	noun	B2	source-backed	cefrj-1.5	common	source-backed-rank	ngsl-gr-1.0	1866	cefrj-1.5,ngsl-gr-1.0,oewn-2025		validated
master-salesperson-noun	salesperson	noun	B2	source-backed	cefrj-1.5	less-common	editorial-band			bsl-1.2,cefrj-1.5,oewn-2025		validated
master-satisfactory-adjective	satisfactory	adjective	B2	source-backed	cefrj-1.5	less-common	source-backed-rank	ngsl-gr-1.0	3729	bsl-1.2,cefrj-1.5,ngsl-gr-1.0,oewn-2025		validated
master-say-noun	say	noun	B2	source-backed	cefrj-1.5	very-common	source-backed-rank	ngsl-gr-1.0	80	cefrj-1.5,ngsl-gr-1.0,oewn-2025		validated
master-scan-verb	scan	verb	B2	source-backed	cefrj-1.5	common	source-backed-rank	ngsl-gr-1.0	2661	cefrj-1.5,ngsl-gr-1.0,oewn-2025		validated
master-scandal-noun	scandal	noun	B2	source-backed	cefrj-1.5	common	source-backed-rank	ngsl-gr-1.0	3039	bsl-1.2,cefrj-1.5,ngsl-gr-1.0,oewn-2025		validated
master-scar-noun	scar	noun	B2	source-backed	cefrj-1.5	less-common	source-backed-rank	ngsl-gr-1.0	4607	cefrj-1.5,ngsl-gr-1.0,oewn-2025		validated
master-scarcely-adverb	scarcely	adverb	B2	source-backed	cefrj-1.5	less-common	source-backed-rank	ngsl-gr-1.0	5005	cefrj-1.5,ngsl-gr-1.0,oewn-2025		validated
master-scent-noun	scent	noun	B2	source-backed	cefrj-1.5	less-common	source-backed-rank	ngsl-gr-1.0	4709	cefrj-1.5,ngsl-gr-1.0,oewn-2025		validated
master-schedule-verb	schedule	verb	B2	source-backed	cefrj-1.5	very-common	source-backed-rank	ngsl-gr-1.0	1290	cefrj-1.5,ngsl-gr-1.0,oewn-2025		validated
master-scheme-noun	scheme	noun	B2	source-backed	cefrj-1.5	very-common	source-backed-rank	ngsl-gr-1.0	1317	cefrj-1.5,ngsl-gr-1.0,oewn-2025		validated
master-scramble-verb	scramble	verb	B2	source-backed	cefrj-1.5	less-common	source-backed-rank	ngsl-gr-1.0	4341	cefrj-1.5,ngsl-gr-1.0,oewn-2025		validated
master-scratch-verb	scratch	verb	B2	source-backed	cefrj-1.5	common	source-backed-rank	ngsl-gr-1.0	3285	bsl-1.2,cefrj-1.5,ngsl-gr-1.0,oewn-2025		validated
master-screen-verb	screen	verb	B2	source-backed	cefrj-1.5	very-common	source-backed-rank	ngsl-gr-1.0	1007	cefrj-1.5,ngsl-gr-1.0,oewn-2025		validated
master-screw-verb	screw	verb	B2	source-backed	cefrj-1.5	common	source-backed-rank	ngsl-gr-1.0	3496	cefrj-1.5,ngsl-gr-1.0,oewn-2025		validated
master-seal-noun	seal	noun	B2	source-backed	cefrj-1.5	common	source-backed-rank	ngsl-gr-1.0	2372	cefrj-1.5,ngsl-gr-1.0,oewn-2025		validated
master-seasonal-adjective	seasonal	adjective	B2	source-backed	cefrj-1.5	less-common	editorial-band			bsl-1.2,cefrj-1.5,oewn-2025		validated
master-secondary-adjective	secondary	adjective	B2	source-backed	cefrj-1.5	common	source-backed-rank	ngsl-gr-1.0	2135	cefrj-1.5,ngsl-gr-1.0,oewn-2025		validated
master-secondly-adverb	secondly	adverb	B2	source-backed	cefrj-1.5	common	source-backed-rank	ngsl-gr-1.0	1996	cefrj-1.5,ngsl-gr-1.0,oewn-2025		validated
master-sector-noun	sector	noun	B2	source-backed	cefrj-1.5	very-common	source-backed-rank	ngsl-gr-1.0	1201	cefrj-1.5,ngsl-gr-1.0,oewn-2025		validated
master-segment-noun	segment	noun	B2	source-backed	cefrj-1.5	common	source-backed-rank	ngsl-gr-1.0	2420	cefrj-1.5,ngsl-gr-1.0,oewn-2025		validated
master-seldom-adverb	seldom	adverb	B2	source-backed	cefrj-1.5	less-common	source-backed-rank	ngsl-gr-1.0	4111	bsl-1.2,cefrj-1.5,ngsl-gr-1.0,oewn-2025		validated
master-select-verb	select	verb	B2	source-backed	cefrj-1.5	very-common	source-backed-rank	ngsl-gr-1.0	1223	cefrj-1.5,ngsl-gr-1.0,oewn-2025		validated
master-seller-noun	seller	noun	B2	source-backed	cefrj-1.5	common	source-backed-rank	ngsl-gr-1.0	3491	bsl-1.2,cefrj-1.5,ngsl-gr-1.0,oewn-2025		validated
master-seminar-noun	seminar	noun	B2	source-backed	cefrj-1.5	common	source-backed-rank	ngsl-gr-1.0	2952	bsl-1.2,cefrj-1.5,nawl-1.2,ngsl-gr-1.0,oewn-2025		validated
master-senator-noun	senator	noun	B2	source-backed	cefrj-1.5	common	source-backed-rank	ngsl-gr-1.0	2944	bsl-1.2,cefrj-1.5,ngsl-gr-1.0,oewn-2025		validated
master-sense-verb	sense	verb	B2	source-backed	cefrj-1.5	very-common	source-backed-rank	ngsl-gr-1.0	462	cefrj-1.5,ngsl-gr-1.0,oewn-2025		validated
master-sensible-adjective	sensible	adjective	B2	source-backed	cefrj-1.5	common	source-backed-rank	ngsl-gr-1.0	3236	bsl-1.2,cefrj-1.5,nawl-1.2,ngsl-gr-1.0,oewn-2025		validated
master-sensitive-adjective	sensitive	adjective	B2	source-backed	cefrj-1.5	common	source-backed-rank	ngsl-gr-1.0	2127	cefrj-1.5,ngsl-gr-1.0,oewn-2025		validated
master-sentence-verb	sentence	verb	B2	source-backed	cefrj-1.5	very-common	source-backed-rank	ngsl-gr-1.0	1149	cefrj-1.5,ngsl-gr-1.0,oewn-2025		validated
master-separate-verb	separate	verb	B2	source-backed	cefrj-1.5	very-common	source-backed-rank	ngsl-gr-1.0	940	cefrj-1.5,ngsl-gr-1.0,oewn-2025		validated
master-separately-adverb	separately	adverb	B2	source-backed	cefrj-1.5	common	source-backed-rank	ngsl-gr-1.0	3486	bsl-1.2,cefrj-1.5,nawl-1.2,ngsl-gr-1.0,oewn-2025		validated
master-serial-adjective	serial	adjective	B2	source-backed	cefrj-1.5	common	source-backed-rank	ngsl-gr-1.0	3298	bsl-1.2,cefrj-1.5,ngsl-gr-1.0,oewn-2025		validated
master-servant-noun	servant	noun	B2	source-backed	cefrj-1.5	common	source-backed-rank	ngsl-gr-1.0	2691	cefrj-1.5,ngsl-gr-1.0,oewn-2025		validated
master-sexual-adjective	sexual	adjective	B2	source-backed	cefrj-1.5	common	source-backed-rank	ngsl-gr-1.0	1659	cefrj-1.5,ngsl-gr-1.0,oewn-2025		validated
master-sexy-adjective	sexy	adjective	B2	source-backed	cefrj-1.5	less-common	source-backed-rank	ngsl-gr-1.0	4620	cefrj-1.5,ngsl-gr-1.0,oewn-2025		validated
master-sharp-adverb	sharp	adverb	B2	source-backed	cefrj-1.5	common	source-backed-rank	ngsl-gr-1.0	1896	cefrj-1.5,ngsl-gr-1.0,oewn-2025		validated
master-sharply-adverb	sharply	adverb	B2	source-backed	cefrj-1.5	common	source-backed-rank	ngsl-gr-1.0	2956	bsl-1.2,cefrj-1.5,ngsl-gr-1.0,oewn-2025		validated
master-shatter-verb	shatter	verb	B2	source-backed	cefrj-1.5	less-common	source-backed-rank	ngsl-gr-1.0	4390	cefrj-1.5,ngsl-gr-1.0,oewn-2025		validated
master-shed-noun	shed	noun	B2	source-backed	cefrj-1.5	common	source-backed-rank	ngsl-gr-1.0	2968	bsl-1.2,cefrj-1.5,ngsl-gr-1.0,oewn-2025		validated
master-shell-verb	shell	verb	B2	source-backed	cefrj-1.5	common	source-backed-rank	ngsl-gr-1.0	2620	cefrj-1.5,ngsl-gr-1.0,oewn-2025		validated
master-shield-noun	shield	noun	B2	source-backed	cefrj-1.5	less-common	source-backed-rank	ngsl-gr-1.0	4265	bsl-1.2,cefrj-1.5,ngsl-gr-1.0,oewn-2025		validated
master-shift-noun	shift	noun	B2	source-backed	cefrj-1.5	very-common	source-backed-rank	ngsl-gr-1.0	1240	cefrj-1.5,ngsl-gr-1.0,oewn-2025		validated
master-shock-verb	shock	verb	B2	source-backed	cefrj-1.5	very-common	source-backed-rank	ngsl-gr-1.0	1433	cefrj-1.5,ngsl-gr-1.0,oewn-2025		validated
master-shower-verb	shower	verb	B2	source-backed	cefrj-1.5	common	source-backed-rank	ngsl-gr-1.0	2402	cefrj-1.5,ngsl-gr-1.0,oewn-2025		validated
master-shrink-noun	shrink	noun	B2	source-backed	cefrj-1.5	less-common	source-backed-rank	ngsl-gr-1.0	3852	bsl-1.2,cefrj-1.5,ngsl-gr-1.0,oewn-2025		validated
master-shrink-verb	shrink	verb	B2	source-backed	cefrj-1.5	less-common	source-backed-rank	ngsl-gr-1.0	3852	bsl-1.2,cefrj-1.5,ngsl-gr-1.0,oewn-2025		validated
master-shrug-verb	shrug	verb	B2	source-backed	cefrj-1.5	less-common	source-backed-rank	ngsl-gr-1.0	4309	cefrj-1.5,ngsl-gr-1.0,oewn-2025		validated
master-sigh-verb	sigh	verb	B2	source-backed	cefrj-1.5	common	source-backed-rank	ngsl-gr-1.0	2792	cefrj-1.5,ngsl-gr-1.0,oewn-2025		validated
v24	significant	adjective	B2	editorial-estimate		very-common	source-backed-rank	ngsl-gr-1.0	770	cefrj-1.5,ngsl-gr-1.0,oewn-2025,vocabulary-core-2026-08		validated
master-significantly-adverb	significantly	adverb	B2	source-backed	cefrj-1.5	common	source-backed-rank	ngsl-gr-1.0	1719	cefrj-1.5,ngsl-gr-1.0,oewn-2025		validated
master-sketch-verb	sketch	verb	B2	source-backed	cefrj-1.5	less-common	source-backed-rank	ngsl-gr-1.0	3662	cefrj-1.5,nawl-1.2,ngsl-gr-1.0,oewn-2025		validated
master-skip-verb	skip	verb	B2	source-backed	cefrj-1.5	less-common	source-backed-rank	ngsl-gr-1.0	3825	cefrj-1.5,nawl-1.2,ngsl-gr-1.0,oewn-2025		validated
master-slam-verb	slam	verb	B2	source-backed	cefrj-1.5	less-common	source-backed-rank	ngsl-gr-1.0	4177	cefrj-1.5,ngsl-gr-1.0,oewn-2025		validated
master-slap-noun	slap	noun	B2	source-backed	cefrj-1.5	less-common	source-backed-rank	ngsl-gr-1.0	4381	cefrj-1.5,ngsl-gr-1.0,oewn-2025		validated
master-slap-verb	slap	verb	B2	source-backed	cefrj-1.5	less-common	source-backed-rank	ngsl-gr-1.0	4381	cefrj-1.5,ngsl-gr-1.0,oewn-2025		validated
master-slash-noun	slash	noun	B2	source-backed	cefrj-1.5	less-common	editorial-band			bsl-1.2,cefrj-1.5,nawl-1.2,oewn-2025		validated
master-slice-verb	slice	verb	B2	source-backed	cefrj-1.5	common	source-backed-rank	ngsl-gr-1.0	2796	cefrj-1.5,ngsl-gr-1.0,oewn-2025		validated
master-slide-verb	slide	verb	B2	source-backed	cefrj-1.5	common	source-backed-rank	ngsl-gr-1.0	1947	cefrj-1.5,ngsl-gr-1.0,oewn-2025		validated
master-slight-adjective	slight	adjective	B2	source-backed	cefrj-1.5	common	source-backed-rank	ngsl-gr-1.0	2092	cefrj-1.5,ngsl-gr-1.0,oewn-2025		validated
master-smash-verb	smash	verb	B2	source-backed	cefrj-1.5	less-common	source-backed-rank	ngsl-gr-1.0	3888	cefrj-1.5,ngsl-gr-1.0,oewn-2025		validated
master-snap-verb	snap	verb	B2	source-backed	cefrj-1.5	common	source-backed-rank	ngsl-gr-1.0	2781	cefrj-1.5,ngsl-gr-1.0,oewn-2025		validated
master-sneeze-verb	sneeze	verb	B2	source-backed	cefrj-1.5	less-common	editorial-band			cefrj-1.5,nawl-1.2,oewn-2025		validated
master-sniff-verb	sniff	verb	B2	source-backed	cefrj-1.5	less-common	source-backed-rank	ngsl-gr-1.0	4677	cefrj-1.5,nawl-1.2,ngsl-gr-1.0,oewn-2025		validated
master-soak-noun	soak	noun	B2	source-backed	cefrj-1.5	less-common	source-backed-rank	ngsl-gr-1.0	4428	cefrj-1.5,ngsl-gr-1.0,oewn-2025		validated
master-soak-verb	soak	verb	B2	source-backed	cefrj-1.5	less-common	source-backed-rank	ngsl-gr-1.0	4428	cefrj-1.5,ngsl-gr-1.0,oewn-2025		validated
master-soar-verb	soar	verb	B2	source-backed	cefrj-1.5	less-common	source-backed-rank	ngsl-gr-1.0	3844	bsl-1.2,cefrj-1.5,ngsl-gr-1.0,oewn-2025		validated
master-soil-noun	soil	noun	B2	source-backed	cefrj-1.5	common	source-backed-rank	ngsl-gr-1.0	2072	cefrj-1.5,ngsl-gr-1.0,oewn-2025		validated
master-solar-adjective	solar	adjective	B2	source-backed	cefrj-1.5	common	source-backed-rank	ngsl-gr-1.0	2846	cefrj-1.5,ngsl-gr-1.0,oewn-2025		validated
master-solo-adjective	solo	adjective	B2	source-backed	cefrj-1.5	less-common	source-backed-rank	ngsl-gr-1.0	4284	cefrj-1.5,ngsl-gr-1.0,oewn-2025		validated
master-solo-adverb	solo	adverb	B2	source-backed	cefrj-1.5	less-common	source-backed-rank	ngsl-gr-1.0	4284	cefrj-1.5,ngsl-gr-1.0,oewn-2025		validated
master-solo-noun	solo	noun	B2	source-backed	cefrj-1.5	less-common	source-backed-rank	ngsl-gr-1.0	4284	cefrj-1.5,ngsl-gr-1.0,oewn-2025		validated
master-solvent-noun	solvent	noun	B2	source-backed	cefrj-1.5	less-common	editorial-band			cefrj-1.5,nawl-1.2,oewn-2025		validated
master-somewhat-adverb	somewhat	adverb	B2	source-backed	cefrj-1.5	common	source-backed-rank	ngsl-gr-1.0	1729	cefrj-1.5,ngsl-gr-1.0,oewn-2025		validated
master-sort-verb	sort	verb	B2	source-backed	cefrj-1.5	very-common	source-backed-rank	ngsl-gr-1.0	366	cefrj-1.5,ngsl-gr-1.0,oewn-2025		validated
master-sound-adjective	sound	adjective	B2	source-backed	cefrj-1.5	very-common	source-backed-rank	ngsl-gr-1.0	440	cefrj-1.5,ngsl-gr-1.0,oewn-2025		validated
master-span-verb	span	verb	B2	source-backed	cefrj-1.5	common	source-backed-rank	ngsl-gr-1.0	3300	bsl-1.2,cefrj-1.5,nawl-1.2,ngsl-gr-1.0,oewn-2025		validated
master-spare-adjective	spare	adjective	B2	source-backed	cefrj-1.5	common	source-backed-rank	ngsl-gr-1.0	2176	cefrj-1.5,ngsl-gr-1.0,oewn-2025		validated
master-spare-verb	spare	verb	B2	source-backed	cefrj-1.5	common	source-backed-rank	ngsl-gr-1.0	2176	cefrj-1.5,ngsl-gr-1.0,oewn-2025		validated
master-spark-noun	spark	noun	B2	source-backed	cefrj-1.5	less-common	source-backed-rank	ngsl-gr-1.0	3635	bsl-1.2,cefrj-1.5,ngsl-gr-1.0,oewn-2025		validated
master-specialty-noun	specialty	noun	B2	source-backed	cefrj-1.5	less-common	source-backed-rank	ngsl-gr-1.0	3960	bsl-1.2,cefrj-1.5,nawl-1.2,ngsl-gr-1.0,oewn-2025		validated
master-species-noun	species	noun	B2	source-backed	cefrj-1.5	common	source-backed-rank	ngsl-gr-1.0	2648	cefrj-1.5,ngsl-gr-1.0,oewn-2025		validated
master-specifically-adverb	specifically	adverb	B2	source-backed	cefrj-1.5	common	source-backed-rank	ngsl-gr-1.0	1703	cefrj-1.5,ngsl-gr-1.0,oewn-2025		validated
master-specify-verb	specify	verb	B2	source-backed	cefrj-1.5	common	source-backed-rank	ngsl-gr-1.0	2376	cefrj-1.5,ngsl-gr-1.0,oewn-2025		validated
master-spectacle-noun	spectacle	noun	B2	source-backed	cefrj-1.5	less-common	source-backed-rank	ngsl-gr-1.0	4566	cefrj-1.5,ngsl-gr-1.0,oewn-2025		validated
master-spin-verb	spin	verb	B2	source-backed	cefrj-1.5	common	source-backed-rank	ngsl-gr-1.0	2378	cefrj-1.5,ngsl-gr-1.0,oewn-2025		validated
master-spite-noun	spite	noun	B2	source-backed	cefrj-1.5	common	source-backed-rank	ngsl-gr-1.0	2901	bsl-1.2,cefrj-1.5,ngsl-gr-1.0,oewn-2025		validated
master-splash-noun	splash	noun	B2	source-backed	cefrj-1.5	less-common	source-backed-rank	ngsl-gr-1.0	4731	cefrj-1.5,ngsl-gr-1.0,oewn-2025		validated
master-split-verb	split	verb	B2	source-backed	cefrj-1.5	common	source-backed-rank	ngsl-gr-1.0	1986	cefrj-1.5,ngsl-gr-1.0,oewn-2025		validated
master-spokesman-noun	spokesman	noun	B2	source-backed	cefrj-1.5	common	source-backed-rank	ngsl-gr-1.0	2927	bsl-1.2,cefrj-1.5,ngsl-gr-1.0,oewn-2025		validated
master-sponsor-verb	sponsor	verb	B2	source-backed	cefrj-1.5	common	source-backed-rank	ngsl-gr-1.0	2331	cefrj-1.5,ngsl-gr-1.0,oewn-2025		validated
master-spot-verb	spot	verb	B2	source-backed	cefrj-1.5	very-common	source-backed-rank	ngsl-gr-1.0	1188	cefrj-1.5,ngsl-gr-1.0,oewn-2025		validated
master-spray-noun	spray	noun	B2	source-backed	cefrj-1.5	less-common	source-backed-rank	ngsl-gr-1.0	3540	cefrj-1.5,nawl-1.2,ngsl-gr-1.0,oewn-2025		validated
master-spray-verb	spray	verb	B2	source-backed	cefrj-1.5	less-common	source-backed-rank	ngsl-gr-1.0	3540	cefrj-1.5,nawl-1.2,ngsl-gr-1.0,oewn-2025		validated
master-spread-verb	spread	verb	B2	source-backed	cefrj-1.5	very-common	source-backed-rank	ngsl-gr-1.0	1247	cefrj-1.5,ngsl-gr-1.0,oewn-2025		validated
master-spreadsheet-noun	spreadsheet	noun	B2	source-backed	cefrj-1.5	less-common	editorial-band			bsl-1.2,cefrj-1.5,oewn-2025		validated
master-spur-noun	spur	noun	B2	source-backed	cefrj-1.5	less-common	source-backed-rank	ngsl-gr-1.0	4478	bsl-1.2,cefrj-1.5,ngsl-gr-1.0,oewn-2025		validated
master-squad-noun	squad	noun	B2	source-backed	cefrj-1.5	less-common	source-backed-rank	ngsl-gr-1.0	4100	cefrj-1.5,ngsl-gr-1.0,oewn-2025		validated
master-squash-noun	squash	noun	B2	source-backed	cefrj-1.5	less-common	source-backed-rank	ngsl-gr-1.0	4858	cefrj-1.5,ngsl-gr-1.0,oewn-2025		validated
master-squash-verb	squash	verb	B2	source-backed	cefrj-1.5	less-common	source-backed-rank	ngsl-gr-1.0	4858	cefrj-1.5,ngsl-gr-1.0,oewn-2025		validated
master-squeeze-verb	squeeze	verb	B2	source-backed	cefrj-1.5	common	source-backed-rank	ngsl-gr-1.0	3182	bsl-1.2,cefrj-1.5,ngsl-gr-1.0,oewn-2025		validated
master-stab-verb	stab	verb	B2	source-backed	cefrj-1.5	less-common	source-backed-rank	ngsl-gr-1.0	4758	cefrj-1.5,ngsl-gr-1.0,oewn-2025		validated
master-stability-noun	stability	noun	B2	source-backed	cefrj-1.5	common	source-backed-rank	ngsl-gr-1.0	2626	cefrj-1.5,ngsl-gr-1.0,oewn-2025		validated
master-stack-noun	stack	noun	B2	source-backed	cefrj-1.5	less-common	source-backed-rank	ngsl-gr-1.0	3527	bsl-1.2,cefrj-1.5,nawl-1.2,ngsl-gr-1.0,oewn-2025		validated
master-stagger-noun	stagger	noun	B2	source-backed	cefrj-1.5	less-common	source-backed-rank	ngsl-gr-1.0	4597	cefrj-1.5,ngsl-gr-1.0,oewn-2025		validated
master-stain-noun	stain	noun	B2	source-backed	cefrj-1.5	common	source-backed-rank	ngsl-gr-1.0	2808	cefrj-1.5,ngsl-gr-1.0,oewn-2025		validated
master-stain-verb	stain	verb	B2	source-backed	cefrj-1.5	common	source-backed-rank	ngsl-gr-1.0	2808	cefrj-1.5,ngsl-gr-1.0,oewn-2025		validated
master-stake-noun	stake	noun	B2	source-backed	cefrj-1.5	common	source-backed-rank	ngsl-gr-1.0	2575	cefrj-1.5,ngsl-gr-1.0,oewn-2025		validated
master-stamp-verb	stamp	verb	B2	source-backed	cefrj-1.5	common	source-backed-rank	ngsl-gr-1.0	2704	cefrj-1.5,ngsl-gr-1.0,oewn-2025		validated
master-standard-adjective	standard	adjective	B2	source-backed	cefrj-1.5	very-common	source-backed-rank	ngsl-gr-1.0	597	cefrj-1.5,ngsl-gr-1.0,oewn-2025		validated
master-startle-verb	startle	verb	B2	source-backed	cefrj-1.5	less-common	source-backed-rank	ngsl-gr-1.0	4230	cefrj-1.5,ngsl-gr-1.0,oewn-2025		validated
master-starve-verb	starve	verb	B2	source-backed	cefrj-1.5	less-common	source-backed-rank	ngsl-gr-1.0	4376	cefrj-1.5,ngsl-gr-1.0,oewn-2025		validated
master-state-verb	state	verb	B2	source-backed	cefrj-1.5	very-common	source-backed-rank	ngsl-gr-1.0	249	cefrj-1.5,ngsl-gr-1.0,oewn-2025		validated
master-statistics-noun	statistics	noun	B2	source-backed	cefrj-1.5	less-common	editorial-band			bsl-1.2,cefrj-1.5,nawl-1.2,oewn-2025		validated
master-steer-verb	steer	verb	B2	source-backed	cefrj-1.5	less-common	source-backed-rank	ngsl-gr-1.0	3569	bsl-1.2,cefrj-1.5,ngsl-gr-1.0,oewn-2025		validated
master-stereotype-noun	stereotype	noun	B2	source-backed	cefrj-1.5	less-common	source-backed-rank	ngsl-gr-1.0	3954	cefrj-1.5,nawl-1.2,ngsl-gr-1.0,oewn-2025		validated
master-stick-noun	stick	noun	B2	source-backed	cefrj-1.5	very-common	source-backed-rank	ngsl-gr-1.0	1060	cefrj-1.5,ngsl-gr-1.0,oewn-2025		validated
master-stiff-adjective	stiff	adjective	B2	source-backed	cefrj-1.5	less-common	source-backed-rank	ngsl-gr-1.0	3998	cefrj-1.5,ngsl-gr-1.0,oewn-2025		validated
master-stimulate-verb	stimulate	verb	B2	source-backed	cefrj-1.5	common	source-backed-rank	ngsl-gr-1.0	2671	cefrj-1.5,ngsl-gr-1.0,oewn-2025		validated
master-stitch-noun	stitch	noun	B2	source-backed	cefrj-1.5	less-common	source-backed-rank	ngsl-gr-1.0	4606	cefrj-1.5,ngsl-gr-1.0,oewn-2025		validated
master-stock-noun	stock	noun	B2	source-backed	cefrj-1.5	very-common	source-backed-rank	ngsl-gr-1.0	741	cefrj-1.5,ngsl-gr-1.0,oewn-2025		validated
master-store-verb	store	verb	B2	source-backed	cefrj-1.5	very-common	source-backed-rank	ngsl-gr-1.0	667	cefrj-1.5,ngsl-gr-1.0,oewn-2025		validated
master-straightforward-adjective	straightforward	adjective	B2	source-backed	cefrj-1.5	less-common	source-backed-rank	ngsl-gr-1.0	3740	bsl-1.2,cefrj-1.5,nawl-1.2,ngsl-gr-1.0,oewn-2025		validated
master-strain-verb	strain	verb	B2	source-backed	cefrj-1.5	common	source-backed-rank	ngsl-gr-1.0	2229	cefrj-1.5,ngsl-gr-1.0,oewn-2025		validated
master-strand-noun	strand	noun	B2	source-backed	cefrj-1.5	common	source-backed-rank	ngsl-gr-1.0	3375	cefrj-1.5,nawl-1.2,ngsl-gr-1.0,oewn-2025		validated
master-stress-verb	stress	verb	B2	source-backed	cefrj-1.5	very-common	source-backed-rank	ngsl-gr-1.0	1094	cefrj-1.5,ngsl-gr-1.0,oewn-2025		validated
master-strictly-adverb	strictly	adverb	B2	source-backed	cefrj-1.5	common	source-backed-rank	ngsl-gr-1.0	3289	bsl-1.2,cefrj-1.5,nawl-1.2,ngsl-gr-1.0,oewn-2025		validated
master-stride-verb	stride	verb	B2	source-backed	cefrj-1.5	less-common	source-backed-rank	ngsl-gr-1.0	4286	cefrj-1.5,ngsl-gr-1.0,oewn-2025		validated
master-strip-verb	strip	verb	B2	source-backed	cefrj-1.5	common	source-backed-rank	ngsl-gr-1.0	2290	cefrj-1.5,ngsl-gr-1.0,oewn-2025		validated
master-strive-verb	strive	verb	B2	source-backed	cefrj-1.5	less-common	source-backed-rank	ngsl-gr-1.0	4228	bsl-1.2,cefrj-1.5,ngsl-gr-1.0,oewn-2025		validated
master-stroke-noun	stroke	noun	B2	source-backed	cefrj-1.5	common	source-backed-rank	ngsl-gr-1.0	2450	cefrj-1.5,ngsl-gr-1.0,oewn-2025		validated
master-stroke-verb	stroke	verb	B2	source-backed	cefrj-1.5	common	source-backed-rank	ngsl-gr-1.0	2450	cefrj-1.5,ngsl-gr-1.0,oewn-2025		validated
master-struggle-verb	struggle	verb	B2	source-backed	cefrj-1.5	very-common	source-backed-rank	ngsl-gr-1.0	1221	cefrj-1.5,ngsl-gr-1.0,oewn-2025		validated
master-stuff-verb	stuff	verb	B2	source-backed	cefrj-1.5	very-common	source-backed-rank	ngsl-gr-1.0	802	cefrj-1.5,ngsl-gr-1.0,oewn-2025		validated
master-submit-verb	submit	verb	B2	source-backed	cefrj-1.5	common	source-backed-rank	ngsl-gr-1.0	2120	cefrj-1.5,ngsl-gr-1.0,oewn-2025		validated
master-substance-noun	substance	noun	B2	source-backed	cefrj-1.5	common	source-backed-rank	ngsl-gr-1.0	2280	cefrj-1.5,ngsl-gr-1.0,oewn-2025		validated
master-substitute-verb	substitute	verb	B2	source-backed	cefrj-1.5	common	source-backed-rank	ngsl-gr-1.0	2765	cefrj-1.5,ngsl-gr-1.0,oewn-2025		validated
master-subtract-verb	subtract	verb	B2	source-backed	cefrj-1.5	less-common	editorial-band			bsl-1.2,cefrj-1.5,nawl-1.2,oewn-2025		validated
master-suburb-noun	suburb	noun	B2	source-backed	cefrj-1.5	common	source-backed-rank	ngsl-gr-1.0	3250	bsl-1.2,cefrj-1.5,ngsl-gr-1.0,oewn-2025		validated
master-successive-adjective	successive	adjective	B2	source-backed	cefrj-1.5	less-common	source-backed-rank	ngsl-gr-1.0	4953	bsl-1.2,cefrj-1.5,ngsl-gr-1.0,oewn-2025		validated
master-suck-verb	suck	verb	B2	source-backed	cefrj-1.5	common	source-backed-rank	ngsl-gr-1.0	3469	cefrj-1.5,ngsl-gr-1.0,oewn-2025		validated
master-sue-verb	sue	verb	B2	source-backed	cefrj-1.5	common	source-backed-rank	ngsl-gr-1.0	3398	bsl-1.2,cefrj-1.5,ngsl-gr-1.0,oewn-2025		validated
v84	sufficient	adjective	B2	editorial-estimate		common	source-backed-rank	ngsl-gr-1.0	1982	cefrj-1.5,ngsl-gr-1.0,oewn-2025,vocabulary-core-2026-08		validated
master-sufficiently-adverb	sufficiently	adverb	B2	source-backed	cefrj-1.5	less-common	source-backed-rank	ngsl-gr-1.0	3526	bsl-1.2,cefrj-1.5,nawl-1.2,ngsl-gr-1.0,oewn-2025		validated
master-superb-adjective	superb	adjective	B2	source-backed	cefrj-1.5	less-common	source-backed-rank	ngsl-gr-1.0	3793	cefrj-1.5,ngsl-gr-1.0,oewn-2025		validated
master-supervise-verb	supervise	verb	B2	source-backed	cefrj-1.5	less-common	source-backed-rank	ngsl-gr-1.0	4243	bsl-1.2,cefrj-1.5,ngsl-gr-1.0,oewn-2025		validated
master-supervision-noun	supervision	noun	B2	source-backed	cefrj-1.5	less-common	source-backed-rank	ngsl-gr-1.0	4473	bsl-1.2,cefrj-1.5,ngsl-gr-1.0,oewn-2025		validated
master-supervisor-noun	supervisor	noun	B2	source-backed	cefrj-1.5	less-common	source-backed-rank	ngsl-gr-1.0	4241	bsl-1.2,cefrj-1.5,ngsl-gr-1.0,oewn-2025		validated
master-supplement-noun	supplement	noun	B2	source-backed	cefrj-1.5	common	source-backed-rank	ngsl-gr-1.0	2766	cefrj-1.5,ngsl-gr-1.0,oewn-2025		validated
master-supplier-noun	supplier	noun	B2	source-backed	cefrj-1.5	common	source-backed-rank	ngsl-gr-1.0	2054	cefrj-1.5,ngsl-gr-1.0,oewn-2025		validated
master-supply-verb	supply	verb	B2	source-backed	cefrj-1.5	very-common	source-backed-rank	ngsl-gr-1.0	864	cefrj-1.5,ngsl-gr-1.0,oewn-2025		validated
master-suppress-verb	suppress	verb	B2	source-backed	cefrj-1.5	less-common	source-backed-rank	ngsl-gr-1.0	3933	bsl-1.2,cefrj-1.5,ngsl-gr-1.0,oewn-2025		validated
master-surge-noun	surge	noun	B2	source-backed	cefrj-1.5	common	source-backed-rank	ngsl-gr-1.0	3376	bsl-1.2,cefrj-1.5,ngsl-gr-1.0,oewn-2025		validated
master-surrender-verb	surrender	verb	B2	source-backed	cefrj-1.5	less-common	source-backed-rank	ngsl-gr-1.0	3940	bsl-1.2,cefrj-1.5,ngsl-gr-1.0,oewn-2025		validated
master-surveillance-noun	surveillance	noun	B2	source-backed	cefrj-1.5	less-common	source-backed-rank	ngsl-gr-1.0	4747	bsl-1.2,cefrj-1.5,ngsl-gr-1.0,oewn-2025		validated
master-suspect-verb	suspect	verb	B2	source-backed	cefrj-1.5	common	source-backed-rank	ngsl-gr-1.0	1540	cefrj-1.5,ngsl-gr-1.0,oewn-2025		validated
master-suspend-verb	suspend	verb	B2	source-backed	cefrj-1.5	common	source-backed-rank	ngsl-gr-1.0	2804	cefrj-1.5,ngsl-gr-1.0,oewn-2025		validated
master-suspicious-adjective	suspicious	adjective	B2	source-backed	cefrj-1.5	less-common	source-backed-rank	ngsl-gr-1.0	4096	bsl-1.2,cefrj-1.5,ngsl-gr-1.0,oewn-2025		validated
master-sustain-verb	sustain	verb	B2	source-backed	cefrj-1.5	common	source-backed-rank	ngsl-gr-1.0	2323	cefrj-1.5,ngsl-gr-1.0,oewn-2025		validated
master-sweep-verb	sweep	verb	B2	source-backed	cefrj-1.5	common	source-backed-rank	ngsl-gr-1.0	2186	cefrj-1.5,ngsl-gr-1.0,oewn-2025		validated
master-swing-noun	swing	noun	B2	source-backed	cefrj-1.5	common	source-backed-rank	ngsl-gr-1.0	1987	cefrj-1.5,ngsl-gr-1.0,oewn-2025		validated
master-swing-verb	swing	verb	B2	source-backed	cefrj-1.5	common	source-backed-rank	ngsl-gr-1.0	1987	cefrj-1.5,ngsl-gr-1.0,oewn-2025		validated
master-syllable-noun	syllable	noun	B2	source-backed	cefrj-1.5	less-common	source-backed-rank	ngsl-gr-1.0	4716	cefrj-1.5,nawl-1.2,ngsl-gr-1.0,oewn-2025		validated
master-symbolic-adjective	symbolic	adjective	B2	source-backed	cefrj-1.5	less-common	source-backed-rank	ngsl-gr-1.0	4046	cefrj-1.5,nawl-1.2,ngsl-gr-1.0,oewn-2025		validated
master-sympathetic-adjective	sympathetic	adjective	B2	source-backed	cefrj-1.5	less-common	source-backed-rank	ngsl-gr-1.0	3959	cefrj-1.5,ngsl-gr-1.0,oewn-2025		validated
master-tackle-verb	tackle	verb	B2	source-backed	cefrj-1.5	common	source-backed-rank	ngsl-gr-1.0	2556	cefrj-1.5,ngsl-gr-1.0,oewn-2025		validated
master-tag-noun	tag	noun	B2	source-backed	cefrj-1.5	common	source-backed-rank	ngsl-gr-1.0	3493	bsl-1.2,cefrj-1.5,ngsl-gr-1.0,oewn-2025		validated
master-tail-noun	tail	noun	B2	source-backed	cefrj-1.5	common	source-backed-rank	ngsl-gr-1.0	2590	cefrj-1.5,ngsl-gr-1.0,oewn-2025		validated
master-tap-verb	tap	verb	B2	source-backed	cefrj-1.5	common	source-backed-rank	ngsl-gr-1.0	2347	cefrj-1.5,ngsl-gr-1.0,oewn-2025		validated
master-tease-verb	tease	verb	B2	source-backed	cefrj-1.5	less-common	source-backed-rank	ngsl-gr-1.0	4454	cefrj-1.5,ngsl-gr-1.0,oewn-2025		validated
master-technical-adjective	technical	adjective	B2	source-backed	cefrj-1.5	common	source-backed-rank	ngsl-gr-1.0	1508	cefrj-1.5,ngsl-gr-1.0,oewn-2025		validated
master-technically-adverb	technically	adverb	B2	source-backed	cefrj-1.5	less-common	source-backed-rank	ngsl-gr-1.0	4496	bsl-1.2,cefrj-1.5,nawl-1.2,ngsl-gr-1.0,oewn-2025		validated
master-telescope-noun	telescope	noun	B2	source-backed	cefrj-1.5	less-common	source-backed-rank	ngsl-gr-1.0	4873	cefrj-1.5,ngsl-gr-1.0,oewn-2025		validated
master-temporarily-adverb	temporarily	adverb	B2	source-backed	cefrj-1.5	less-common	source-backed-rank	ngsl-gr-1.0	4461	bsl-1.2,cefrj-1.5,ngsl-gr-1.0,oewn-2025		validated
master-temptation-noun	temptation	noun	B2	source-backed	cefrj-1.5	less-common	source-backed-rank	ngsl-gr-1.0	4880	cefrj-1.5,ngsl-gr-1.0,oewn-2025		validated
master-tender-adjective	tender	adjective	B2	source-backed	cefrj-1.5	common	source-backed-rank	ngsl-gr-1.0	2837	cefrj-1.5,ngsl-gr-1.0,oewn-2025		validated
master-terrace-noun	terrace	noun	B2	source-backed	cefrj-1.5	less-common	source-backed-rank	ngsl-gr-1.0	3870	cefrj-1.5,ngsl-gr-1.0,oewn-2025		validated
master-territory-noun	territory	noun	B2	source-backed	cefrj-1.5	common	source-backed-rank	ngsl-gr-1.0	2197	cefrj-1.5,ngsl-gr-1.0,oewn-2025		validated
master-test-verb	test	verb	B2	source-backed	cefrj-1.5	very-common	source-backed-rank	ngsl-gr-1.0	382	cefrj-1.5,ngsl-gr-1.0,oewn-2025		validated
master-testify-verb	testify	verb	B2	source-backed	cefrj-1.5	less-common	source-backed-rank	ngsl-gr-1.0	3688	bsl-1.2,cefrj-1.5,ngsl-gr-1.0,oewn-2025		validated
master-testimony-noun	testimony	noun	B2	source-backed	cefrj-1.5	common	source-backed-rank	ngsl-gr-1.0	3095	bsl-1.2,cefrj-1.5,ngsl-gr-1.0,oewn-2025		validated
master-theme-noun	theme	noun	B2	source-backed	cefrj-1.5	common	source-backed-rank	ngsl-gr-1.0	1622	cefrj-1.5,ngsl-gr-1.0,oewn-2025		validated
master-theorist-noun	theorist	noun	B2	source-backed	cefrj-1.5	less-common	editorial-band			cefrj-1.5,nawl-1.2,oewn-2025		validated
master-therapy-noun	therapy	noun	B2	source-backed	cefrj-1.5	common	source-backed-rank	ngsl-gr-1.0	2548	cefrj-1.5,ngsl-gr-1.0,oewn-2025		validated
master-thereafter-adverb	thereafter	adverb	B2	source-backed	cefrj-1.5	less-common	source-backed-rank	ngsl-gr-1.0	4222	bsl-1.2,cefrj-1.5,ngsl-gr-1.0,oewn-2025		validated
master-thesis-noun	thesis	noun	B2	source-backed	cefrj-1.5	less-common	source-backed-rank	ngsl-gr-1.0	3805	cefrj-1.5,nawl-1.2,ngsl-gr-1.0,oewn-2025		validated
master-thickness-noun	thickness	noun	B2	source-backed	cefrj-1.5	less-common	editorial-band			cefrj-1.5,nawl-1.2,oewn-2025		validated
master-thirst-noun	thirst	noun	B2	source-backed	cefrj-1.5	common	source-backed-rank	ngsl-gr-1.0	2859	cefrj-1.5,ngsl-gr-1.0,oewn-2025		validated
master-thoroughly-adverb	thoroughly	adverb	B2	source-backed	cefrj-1.5	common	source-backed-rank	ngsl-gr-1.0	3312	bsl-1.2,cefrj-1.5,ngsl-gr-1.0,oewn-2025		validated
master-though-adverb	though	adverb	B2	source-backed	cefrj-1.5	very-common	source-backed-rank	ngsl-gr-1.0	277	cefrj-1.5,ngsl-gr-1.0,oewn-2025		validated
master-thoughtful-adjective	thoughtful	adjective	B2	source-backed	cefrj-1.5	less-common	source-backed-rank	ngsl-gr-1.0	4969	cefrj-1.5,ngsl-gr-1.0,oewn-2025		validated
master-thread-noun	thread	noun	B2	source-backed	cefrj-1.5	less-common	source-backed-rank	ngsl-gr-1.0	3596	cefrj-1.5,nawl-1.2,ngsl-gr-1.0,oewn-2025		validated
master-threaten-verb	threaten	verb	B2	source-backed	cefrj-1.5	common	source-backed-rank	ngsl-gr-1.0	1571	cefrj-1.5,ngsl-gr-1.0,oewn-2025		validated
master-thrill-noun	thrill	noun	B2	source-backed	cefrj-1.5	common	source-backed-rank	ngsl-gr-1.0	3262	cefrj-1.5,ngsl-gr-1.0,oewn-2025		validated
master-throat-noun	throat	noun	B2	source-backed	cefrj-1.5	common	source-backed-rank	ngsl-gr-1.0	2554	cefrj-1.5,ngsl-gr-1.0,oewn-2025		validated
master-tight-adverb	tight	adverb	B2	source-backed	cefrj-1.5	common	source-backed-rank	ngsl-gr-1.0	2133	cefrj-1.5,ngsl-gr-1.0,oewn-2025		validated
master-time-verb	time	verb	B2	source-backed	cefrj-1.5	very-common	source-backed-rank	ngsl-gr-1.0	99	cefrj-1.5,ngsl-gr-1.0,oewn-2025		validated
master-tip-verb	tip	verb	B2	source-backed	cefrj-1.5	common	source-backed-rank	ngsl-gr-1.0	1709	cefrj-1.5,ngsl-gr-1.0,oewn-2025		validated
master-tolerate-verb	tolerate	verb	B2	source-backed	cefrj-1.5	less-common	source-backed-rank	ngsl-gr-1.0	4148	bsl-1.2,cefrj-1.5,ngsl-gr-1.0,oewn-2025		validated
master-toll-noun	toll	noun	B2	source-backed	cefrj-1.5	less-common	source-backed-rank	ngsl-gr-1.0	4306	bsl-1.2,cefrj-1.5,ngsl-gr-1.0,oewn-2025		validated
master-tomb-noun	tomb	noun	B2	source-backed	cefrj-1.5	less-common	source-backed-rank	ngsl-gr-1.0	4599	cefrj-1.5,ngsl-gr-1.0,oewn-2025		validated
master-ton-noun	ton	noun	B2	source-backed	cefrj-1.5	common	source-backed-rank	ngsl-gr-1.0	3082	bsl-1.2,cefrj-1.5,nawl-1.2,ngsl-gr-1.0,oewn-2025		validated
master-torch-noun	torch	noun	B2	source-backed	cefrj-1.5	less-common	source-backed-rank	ngsl-gr-1.0	5034	cefrj-1.5,ngsl-gr-1.0,oewn-2025		validated
master-torture-verb	torture	verb	B2	source-backed	cefrj-1.5	common	source-backed-rank	ngsl-gr-1.0	3232	bsl-1.2,cefrj-1.5,ngsl-gr-1.0,oewn-2025		validated
master-tough-adjective	tough	adjective	B2	source-backed	cefrj-1.5	common	source-backed-rank	ngsl-gr-1.0	1519	cefrj-1.5,ngsl-gr-1.0,oewn-2025		validated
master-toxic-adjective	toxic	adjective	B2	source-backed	cefrj-1.5	less-common	source-backed-rank	ngsl-gr-1.0	4350	cefrj-1.5,nawl-1.2,ngsl-gr-1.0,oewn-2025		validated
master-trace-verb	trace	verb	B2	source-backed	cefrj-1.5	common	source-backed-rank	ngsl-gr-1.0	2097	cefrj-1.5,ngsl-gr-1.0,oewn-2025		validated
master-track-verb	track	verb	B2	source-backed	cefrj-1.5	very-common	source-backed-rank	ngsl-gr-1.0	1008	cefrj-1.5,ngsl-gr-1.0,oewn-2025		validated
master-trade-verb	trade	verb	B2	source-backed	cefrj-1.5	very-common	source-backed-rank	ngsl-gr-1.0	594	cefrj-1.5,ngsl-gr-1.0,oewn-2025		validated
master-trader-noun	trader	noun	B2	source-backed	cefrj-1.5	less-common	source-backed-rank	ngsl-gr-1.0	3667	bsl-1.2,cefrj-1.5,ngsl-gr-1.0,oewn-2025		validated
master-trail-verb	trail	verb	B2	source-backed	cefrj-1.5	common	source-backed-rank	ngsl-gr-1.0	2233	cefrj-1.5,ngsl-gr-1.0,oewn-2025		validated
master-trailer-noun	trailer	noun	B2	source-backed	cefrj-1.5	less-common	source-backed-rank	ngsl-gr-1.0	4919	cefrj-1.5,ngsl-gr-1.0,oewn-2025		validated
master-trainee-noun	trainee	noun	B2	source-backed	cefrj-1.5	less-common	source-backed-rank	ngsl-gr-1.0	4564	bsl-1.2,cefrj-1.5,ngsl-gr-1.0,oewn-2025		validated
master-trainer-noun	trainer	noun	B2	source-backed	cefrj-1.5	less-common	source-backed-rank	ngsl-gr-1.0	3501	cefrj-1.5,ngsl-gr-1.0,oewn-2025		validated
master-trait-noun	trait	noun	B2	source-backed	cefrj-1.5	less-common	source-backed-rank	ngsl-gr-1.0	3873	bsl-1.2,cefrj-1.5,nawl-1.2,ngsl-gr-1.0,oewn-2025		validated
master-transcript-noun	transcript	noun	B2	source-backed	cefrj-1.5	less-common	source-backed-rank	ngsl-gr-1.0	4619	cefrj-1.5,ngsl-gr-1.0,oewn-2025		validated
master-transfer-noun	transfer	noun	B2	source-backed	cefrj-1.5	very-common	source-backed-rank	ngsl-gr-1.0	1160	cefrj-1.5,ngsl-gr-1.0,oewn-2025		validated
master-transition-noun	transition	noun	B2	source-backed	cefrj-1.5	common	source-backed-rank	ngsl-gr-1.0	2245	cefrj-1.5,ngsl-gr-1.0,oewn-2025		validated
master-translation-noun	translation	noun	B2	source-backed	cefrj-1.5	common	source-backed-rank	ngsl-gr-1.0	2904	bsl-1.2,cefrj-1.5,nawl-1.2,ngsl-gr-1.0,oewn-2025		validated
master-translator-noun	translator	noun	B2	source-backed	cefrj-1.5	less-common	source-backed-rank	ngsl-gr-1.0	4305	cefrj-1.5,ngsl-gr-1.0,oewn-2025		validated
master-transmission-noun	transmission	noun	B2	source-backed	cefrj-1.5	less-common	source-backed-rank	ngsl-gr-1.0	3664	bsl-1.2,cefrj-1.5,nawl-1.2,ngsl-gr-1.0,oewn-2025		validated
master-transmit-verb	transmit	verb	B2	source-backed	cefrj-1.5	less-common	source-backed-rank	ngsl-gr-1.0	3517	bsl-1.2,cefrj-1.5,nawl-1.2,ngsl-gr-1.0,oewn-2025		validated
master-transparent-adjective	transparent	adjective	B2	source-backed	cefrj-1.5	less-common	source-backed-rank	ngsl-gr-1.0	4757	bsl-1.2,cefrj-1.5,ngsl-gr-1.0,oewn-2025		validated
master-transport-verb	transport	verb	B2	source-backed	cefrj-1.5	very-common	source-backed-rank	ngsl-gr-1.0	1260	cefrj-1.5,ngsl-gr-1.0,oewn-2025		validated
master-tray-noun	tray	noun	B2	source-backed	cefrj-1.5	less-common	source-backed-rank	ngsl-gr-1.0	4171	cefrj-1.5,ngsl-gr-1.0,oewn-2025		validated
master-treat-verb	treat	verb	B2	source-backed	cefrj-1.5	very-common	source-backed-rank	ngsl-gr-1.0	854	cefrj-1.5,ngsl-gr-1.0,oewn-2025		validated
master-treaty-noun	treaty	noun	B2	source-backed	cefrj-1.5	common	source-backed-rank	ngsl-gr-1.0	3048	bsl-1.2,cefrj-1.5,nawl-1.2,ngsl-gr-1.0,oewn-2025		validated
master-trial-noun	trial	noun	B2	source-backed	cefrj-1.5	very-common	source-backed-rank	ngsl-gr-1.0	1093	cefrj-1.5,ngsl-gr-1.0,oewn-2025		validated
master-triangle-noun	triangle	noun	B2	source-backed	cefrj-1.5	less-common	editorial-band			cefrj-1.5,nawl-1.2,oewn-2025		validated
master-tribe-noun	tribe	noun	B2	source-backed	cefrj-1.5	common	source-backed-rank	ngsl-gr-1.0	3351	bsl-1.2,cefrj-1.5,nawl-1.2,ngsl-gr-1.0,oewn-2025		validated
master-trick-verb	trick	verb	B2	source-backed	cefrj-1.5	common	source-backed-rank	ngsl-gr-1.0	2667	cefrj-1.5,ngsl-gr-1.0,oewn-2025		validated
master-tricky-adjective	tricky	adjective	B2	source-backed	cefrj-1.5	less-common	source-backed-rank	ngsl-gr-1.0	4986	bsl-1.2,cefrj-1.5,nawl-1.2,ngsl-gr-1.0,oewn-2025		validated
master-trip-verb	trip	verb	B2	source-backed	cefrj-1.5	very-common	source-backed-rank	ngsl-gr-1.0	875	cefrj-1.5,ngsl-gr-1.0,oewn-2025		validated
master-trivial-adjective	trivial	adjective	B2	source-backed	cefrj-1.5	less-common	editorial-band			cefrj-1.5,nawl-1.2,oewn-2025		validated
master-troop-noun	troop	noun	B2	source-backed	cefrj-1.5	common	source-backed-rank	ngsl-gr-1.0	1507	cefrj-1.5,ngsl-gr-1.0,oewn-2025		validated
master-trunk-noun	trunk	noun	B2	source-backed	cefrj-1.5	less-common	source-backed-rank	ngsl-gr-1.0	4420	cefrj-1.5,ngsl-gr-1.0,oewn-2025		validated
master-trust-noun	trust	noun	B2	source-backed	cefrj-1.5	very-common	source-backed-rank	ngsl-gr-1.0	1125	cefrj-1.5,ngsl-gr-1.0,oewn-2025		validated
master-tuition-noun	tuition	noun	B2	source-backed	cefrj-1.5	less-common	source-backed-rank	ngsl-gr-1.0	4223	cefrj-1.5,ngsl-gr-1.0,oewn-2025		validated
master-tunnel-noun	tunnel	noun	B2	source-backed	cefrj-1.5	common	source-backed-rank	ngsl-gr-1.0	3291	bsl-1.2,cefrj-1.5,ngsl-gr-1.0,oewn-2025		validated
master-turbulent-adjective	turbulent	adjective	B2	source-backed	cefrj-1.5	less-common	editorial-band			cefrj-1.5,nawl-1.2,oewn-2025		validated
master-tutor-noun	tutor	noun	B2	source-backed	cefrj-1.5	less-common	source-backed-rank	ngsl-gr-1.0	4106	cefrj-1.5,nawl-1.2,ngsl-gr-1.0,oewn-2025		validated
master-ultimate-adjective	ultimate	adjective	B2	source-backed	cefrj-1.5	common	source-backed-rank	ngsl-gr-1.0	2943	bsl-1.2,cefrj-1.5,nawl-1.2,ngsl-gr-1.0,oewn-2025		validated
master-ultimately-adverb	ultimately	adverb	B2	source-backed	cefrj-1.5	common	source-backed-rank	ngsl-gr-1.0	2070	cefrj-1.5,ngsl-gr-1.0,oewn-2025		validated
master-unacceptable-adjective	unacceptable	adjective	B2	source-backed	cefrj-1.5	less-common	source-backed-rank	ngsl-gr-1.0	4684	cefrj-1.5,ngsl-gr-1.0,oewn-2025		validated
master-unaware-adjective	unaware	adjective	B2	source-backed	cefrj-1.5	less-common	source-backed-rank	ngsl-gr-1.0	4917	cefrj-1.5,ngsl-gr-1.0,oewn-2025		validated
master-unchanged-adjective	unchanged	adjective	B2	source-backed	cefrj-1.5	less-common	editorial-band			bsl-1.2,cefrj-1.5,oewn-2025		validated
master-unconscious-adjective	unconscious	adjective	B2	source-backed	cefrj-1.5	less-common	source-backed-rank	ngsl-gr-1.0	4930	cefrj-1.5,ngsl-gr-1.0,oewn-2025		validated
master-underestimate-verb	underestimate	verb	B2	source-backed	cefrj-1.5	less-common	source-backed-rank	ngsl-gr-1.0	4841	bsl-1.2,cefrj-1.5,ngsl-gr-1.0,oewn-2025		validated
master-undergraduate-noun	undergraduate	noun	B2	source-backed	cefrj-1.5	less-common	source-backed-rank	ngsl-gr-1.0	4793	cefrj-1.5,nawl-1.2,ngsl-gr-1.0,oewn-2025		validated
master-underground-adjective	underground	adjective	B2	source-backed	cefrj-1.5	common	source-backed-rank	ngsl-gr-1.0	2914	bsl-1.2,cefrj-1.5,ngsl-gr-1.0,oewn-2025		validated
master-underground-adverb	underground	adverb	B2	source-backed	cefrj-1.5	common	source-backed-rank	ngsl-gr-1.0	2914	bsl-1.2,cefrj-1.5,ngsl-gr-1.0,oewn-2025		validated
master-underneath-adverb	underneath	adverb	B2	source-backed	cefrj-1.5	less-common	source-backed-rank	ngsl-gr-1.0	3563	cefrj-1.5,nawl-1.2,ngsl-gr-1.0,oewn-2025		validated
master-understandable-adjective	understandable	adjective	B2	source-backed	cefrj-1.5	less-common	source-backed-rank	ngsl-gr-1.0	4997	cefrj-1.5,ngsl-gr-1.0,oewn-2025		validated
master-undertake-verb	undertake	verb	B2	source-backed	cefrj-1.5	common	source-backed-rank	ngsl-gr-1.0	2086	cefrj-1.5,ngsl-gr-1.0,oewn-2025		validated
master-undoubtedly-adverb	undoubtedly	adverb	B2	source-backed	cefrj-1.5	common	source-backed-rank	ngsl-gr-1.0	3455	bsl-1.2,cefrj-1.5,ngsl-gr-1.0,oewn-2025		validated
master-unfamiliar-adjective	unfamiliar	adjective	B2	source-backed	cefrj-1.5	less-common	source-backed-rank	ngsl-gr-1.0	5023	cefrj-1.5,ngsl-gr-1.0,oewn-2025		validated
master-universal-adjective	universal	adjective	B2	source-backed	cefrj-1.5	common	source-backed-rank	ngsl-gr-1.0	2405	cefrj-1.5,ngsl-gr-1.0,oewn-2025		validated
master-unlike-preposition	unlike	preposition	B2	source-backed	cefrj-1.5	common	source-backed-rank	ngsl-gr-1.0	1787	cefrj-1.5,ngsl-gr-1.0		validated
master-unlimited-adjective	unlimited	adjective	B2	source-backed	cefrj-1.5	less-common	editorial-band			bsl-1.2,cefrj-1.5,oewn-2025		validated
master-unpopular-adjective	unpopular	adjective	B2	source-backed	cefrj-1.5	less-common	editorial-band			bsl-1.2,cefrj-1.5,oewn-2025		validated
master-unwilling-adjective	unwilling	adjective	B2	source-backed	cefrj-1.5	less-common	source-backed-rank	ngsl-gr-1.0	5043	bsl-1.2,cefrj-1.5,ngsl-gr-1.0,oewn-2025		validated
master-update-noun	update	noun	B2	source-backed	cefrj-1.5	common	source-backed-rank	ngsl-gr-1.0	1983	cefrj-1.5,ngsl-gr-1.0,oewn-2025		validated
master-upgrade-noun	upgrade	noun	B2	source-backed	cefrj-1.5	common	source-backed-rank	ngsl-gr-1.0	3286	bsl-1.2,cefrj-1.5,ngsl-gr-1.0,oewn-2025		validated
master-upgrade-verb	upgrade	verb	B2	source-backed	cefrj-1.5	common	source-backed-rank	ngsl-gr-1.0	3286	bsl-1.2,cefrj-1.5,ngsl-gr-1.0,oewn-2025		validated
master-upset-verb	upset	verb	B2	source-backed	cefrj-1.5	common	source-backed-rank	ngsl-gr-1.0	2075	cefrj-1.5,ngsl-gr-1.0,oewn-2025		validated
master-urban-adjective	urban	adjective	B2	source-backed	cefrj-1.5	common	source-backed-rank	ngsl-gr-1.0	1968	cefrj-1.5,ngsl-gr-1.0,oewn-2025		validated
master-urge-verb	urge	verb	B2	source-backed	cefrj-1.5	common	source-backed-rank	ngsl-gr-1.0	1836	cefrj-1.5,ngsl-gr-1.0,oewn-2025		validated
master-user-noun	user	noun	B2	source-backed	cefrj-1.5	very-common	source-backed-rank	ngsl-gr-1.0	1165	cefrj-1.5,ngsl-gr-1.0,oewn-2025		validated
master-utility-noun	utility	noun	B2	source-backed	cefrj-1.5	common	source-backed-rank	ngsl-gr-1.0	2949	bsl-1.2,cefrj-1.5,nawl-1.2,ngsl-gr-1.0,oewn-2025		validated
master-utter-verb	utter	verb	B2	source-backed	cefrj-1.5	less-common	source-backed-rank	ngsl-gr-1.0	4280	cefrj-1.5,ngsl-gr-1.0,oewn-2025		validated
master-utterly-adverb	utterly	adverb	B2	source-backed	cefrj-1.5	less-common	source-backed-rank	ngsl-gr-1.0	4259	cefrj-1.5,ngsl-gr-1.0,oewn-2025		validated
master-vaccine-noun	vaccine	noun	B2	source-backed	cefrj-1.5	less-common	source-backed-rank	ngsl-gr-1.0	3680	bsl-1.2,cefrj-1.5,ngsl-gr-1.0,oewn-2025		validated
master-valid-adjective	valid	adjective	B2	source-backed	cefrj-1.5	common	source-backed-rank	ngsl-gr-1.0	3144	bsl-1.2,cefrj-1.5,nawl-1.2,ngsl-gr-1.0,oewn-2025		validated
master-value-verb	value	verb	B2	source-backed	cefrj-1.5	very-common	source-backed-rank	ngsl-gr-1.0	392	cefrj-1.5,ngsl-gr-1.0,oewn-2025		validated
master-vanish-verb	vanish	verb	B2	source-backed	cefrj-1.5	less-common	source-backed-rank	ngsl-gr-1.0	3887	cefrj-1.5,ngsl-gr-1.0,oewn-2025		validated
master-variation-noun	variation	noun	B2	source-backed	cefrj-1.5	common	source-backed-rank	ngsl-gr-1.0	2069	cefrj-1.5,ngsl-gr-1.0,oewn-2025		validated
v85	vary	verb	B2	editorial-estimate		very-common	source-backed-rank	ngsl-gr-1.0	1409	cefrj-1.5,ngsl-gr-1.0,oewn-2025,vocabulary-core-2026-08		validated
master-venture-noun	venture	noun	B2	source-backed	cefrj-1.5	common	source-backed-rank	ngsl-gr-1.0	2429	cefrj-1.5,ngsl-gr-1.0,oewn-2025		validated
master-venue-noun	venue	noun	B2	source-backed	cefrj-1.5	common	source-backed-rank	ngsl-gr-1.0	3358	cefrj-1.5,ngsl-gr-1.0,oewn-2025		validated
master-verbal-adjective	verbal	adjective	B2	source-backed	cefrj-1.5	less-common	source-backed-rank	ngsl-gr-1.0	3723	bsl-1.2,cefrj-1.5,nawl-1.2,ngsl-gr-1.0,oewn-2025		validated
master-verse-noun	verse	noun	B2	source-backed	cefrj-1.5	less-common	source-backed-rank	ngsl-gr-1.0	3681	cefrj-1.5,ngsl-gr-1.0,oewn-2025		validated
master-verse-verb	verse	verb	B2	source-backed	cefrj-1.5	less-common	source-backed-rank	ngsl-gr-1.0	3681	cefrj-1.5,ngsl-gr-1.0,oewn-2025		validated
master-version-noun	version	noun	B2	source-backed	cefrj-1.5	very-common	source-backed-rank	ngsl-gr-1.0	1031	cefrj-1.5,ngsl-gr-1.0,oewn-2025		validated
master-versus-preposition	versus	preposition	B2	source-backed	cefrj-1.5	common	source-backed-rank	ngsl-gr-1.0	2532	cefrj-1.5,ngsl-gr-1.0		validated
master-very-adjective	very	adjective	B2	source-backed	cefrj-1.5	very-common	source-backed-rank	ngsl-gr-1.0	113	cefrj-1.5,ngsl-gr-1.0,oewn-2025		validated
master-veteran-noun	veteran	noun	B2	source-backed	cefrj-1.5	common	source-backed-rank	ngsl-gr-1.0	2724	cefrj-1.5,ngsl-gr-1.0,oewn-2025		validated
master-viewer-noun	viewer	noun	B2	source-backed	cefrj-1.5	common	source-backed-rank	ngsl-gr-1.0	3271	bsl-1.2,cefrj-1.5,ngsl-gr-1.0,oewn-2025		validated
master-violate-verb	violate	verb	B2	source-backed	cefrj-1.5	common	source-backed-rank	ngsl-gr-1.0	3374	bsl-1.2,cefrj-1.5,ngsl-gr-1.0,oewn-2025		validated
master-virtually-adverb	virtually	adverb	B2	source-backed	cefrj-1.5	common	source-backed-rank	ngsl-gr-1.0	2122	cefrj-1.5,ngsl-gr-1.0,oewn-2025		validated
master-virtue-noun	virtue	noun	B2	source-backed	cefrj-1.5	common	source-backed-rank	ngsl-gr-1.0	3065	bsl-1.2,cefrj-1.5,nawl-1.2,ngsl-gr-1.0,oewn-2025		validated
master-vital-adjective	vital	adjective	B2	source-backed	cefrj-1.5	common	source-backed-rank	ngsl-gr-1.0	2173	cefrj-1.5,ngsl-gr-1.0,oewn-2025		validated
master-vitamin-noun	vitamin	noun	B2	source-backed	cefrj-1.5	less-common	source-backed-rank	ngsl-gr-1.0	4103	cefrj-1.5,nawl-1.2,ngsl-gr-1.0,oewn-2025		validated
master-volunteer-noun	volunteer	noun	B2	source-backed	cefrj-1.5	common	source-backed-rank	ngsl-gr-1.0	2012	cefrj-1.5,ngsl-gr-1.0,oewn-2025		validated
master-voter-noun	voter	noun	B2	source-backed	cefrj-1.5	common	source-backed-rank	ngsl-gr-1.0	1802	cefrj-1.5,ngsl-gr-1.0,oewn-2025		validated
master-vow-noun	vow	noun	B2	source-backed	cefrj-1.5	less-common	source-backed-rank	ngsl-gr-1.0	4558	bsl-1.2,cefrj-1.5,ngsl-gr-1.0,oewn-2025		validated
master-wage-noun	wage	noun	B2	source-backed	cefrj-1.5	common	source-backed-rank	ngsl-gr-1.0	1807	cefrj-1.5,ngsl-gr-1.0,oewn-2025		validated
master-waist-noun	waist	noun	B2	source-backed	cefrj-1.5	less-common	source-backed-rank	ngsl-gr-1.0	4601	cefrj-1.5,ngsl-gr-1.0,oewn-2025		validated
master-wait-noun	wait	noun	B2	source-backed	cefrj-1.5	very-common	source-backed-rank	ngsl-gr-1.0	453	cefrj-1.5,ngsl-gr-1.0,oewn-2025		validated
master-want-noun	want	noun	B2	source-backed	cefrj-1.5	very-common	source-backed-rank	ngsl-gr-1.0	126	cefrj-1.5,ngsl-gr-1.0,oewn-2025		validated
master-water-verb	water	verb	B2	source-backed	cefrj-1.5	very-common	source-backed-rank	ngsl-gr-1.0	372	cefrj-1.5,ngsl-gr-1.0,oewn-2025		validated
master-weaken-verb	weaken	verb	B2	source-backed	cefrj-1.5	less-common	source-backed-rank	ngsl-gr-1.0	3864	bsl-1.2,cefrj-1.5,ngsl-gr-1.0,oewn-2025		validated
master-wealthy-adjective	wealthy	adjective	B2	source-backed	cefrj-1.5	common	source-backed-rank	ngsl-gr-1.0	2476	cefrj-1.5,ngsl-gr-1.0,oewn-2025		validated
master-weave-noun	weave	noun	B2	source-backed	cefrj-1.5	less-common	source-backed-rank	ngsl-gr-1.0	3836	cefrj-1.5,nawl-1.2,ngsl-gr-1.0,oewn-2025		validated
master-wed-verb	wed	verb	B2	source-backed	cefrj-1.5	common	source-backed-rank	ngsl-gr-1.0	1615	cefrj-1.5,ngsl-gr-1.0,oewn-2025		validated
master-weed-noun	weed	noun	B2	source-backed	cefrj-1.5	less-common	source-backed-rank	ngsl-gr-1.0	4019	cefrj-1.5,ngsl-gr-1.0,oewn-2025		validated
master-welcome-noun	welcome	noun	B2	source-backed	cefrj-1.5	very-common	source-backed-rank	ngsl-gr-1.0	1039	cefrj-1.5,ngsl-gr-1.0,oewn-2025		validated
master-welfare-noun	welfare	noun	B2	source-backed	cefrj-1.5	common	source-backed-rank	ngsl-gr-1.0	2136	cefrj-1.5,ngsl-gr-1.0,oewn-2025		validated
master-western-adjective	western	adjective	B2	source-backed	cefrj-1.5	common	source-backed-rank	ngsl-gr-1.0	2202	cefrj-1.5,ngsl-gr-1.0,oewn-2025		validated
master-wheat-noun	wheat	noun	B2	source-backed	cefrj-1.5	less-common	source-backed-rank	ngsl-gr-1.0	3646	bsl-1.2,cefrj-1.5,nawl-1.2,ngsl-gr-1.0,oewn-2025		validated
master-whereas-conjunction	whereas	conjunction	B2	source-backed	cefrj-1.5	very-common	source-backed-rank	ngsl-gr-1.0	1422	cefrj-1.5,ngsl-gr-1.0		validated
master-whichever-pronoun	whichever	pronoun	B2	source-backed	cefrj-1.5	less-common	editorial-band			cefrj-1.5,nawl-1.2		validated
master-whip-verb	whip	verb	B2	source-backed	cefrj-1.5	less-common	source-backed-rank	ngsl-gr-1.0	3859	cefrj-1.5,ngsl-gr-1.0,oewn-2025		validated
master-whisper-verb	whisper	verb	B2	source-backed	cefrj-1.5	common	source-backed-rank	ngsl-gr-1.0	2645	cefrj-1.5,ngsl-gr-1.0,oewn-2025		validated
master-whistle-verb	whistle	verb	B2	source-backed	cefrj-1.5	less-common	source-backed-rank	ngsl-gr-1.0	4003	cefrj-1.5,ngsl-gr-1.0,oewn-2025		validated
master-widen-verb	widen	verb	B2	source-backed	cefrj-1.5	less-common	source-backed-rank	ngsl-gr-1.0	3981	bsl-1.2,cefrj-1.5,ngsl-gr-1.0,oewn-2025		validated
master-widow-noun	widow	noun	B2	source-backed	cefrj-1.5	less-common	source-backed-rank	ngsl-gr-1.0	3661	cefrj-1.5,ngsl-gr-1.0,oewn-2025		validated
master-width-noun	width	noun	B2	source-backed	cefrj-1.5	less-common	source-backed-rank	ngsl-gr-1.0	4870	cefrj-1.5,ngsl-gr-1.0,oewn-2025		validated
master-will-noun	will	noun	B2	source-backed	cefrj-1.5	very-common	source-backed-rank	ngsl-gr-1.0	78	cefrj-1.5,ngsl-gr-1.0,oewn-2025		validated
master-win-noun	win	noun	B2	source-backed	cefrj-1.5	very-common	source-backed-rank	ngsl-gr-1.0	427	cefrj-1.5,ngsl-gr-1.0,oewn-2025		validated
master-wind-verb	wind	verb	B2	source-backed	cefrj-1.5	very-common	source-backed-rank	ngsl-gr-1.0	1063	cefrj-1.5,ngsl-gr-1.0,oewn-2025		validated
master-wipe-verb	wipe	verb	B2	source-backed	cefrj-1.5	common	source-backed-rank	ngsl-gr-1.0	2820	cefrj-1.5,ngsl-gr-1.0,oewn-2025		validated
master-wire-verb	wire	verb	B2	source-backed	cefrj-1.5	common	source-backed-rank	ngsl-gr-1.0	2088	cefrj-1.5,ngsl-gr-1.0,oewn-2025		validated
master-wit-noun	wit	noun	B2	source-backed	cefrj-1.5	less-common	source-backed-rank	ngsl-gr-1.0	4471	cefrj-1.5,ngsl-gr-1.0,oewn-2025		validated
master-withdraw-verb	withdraw	verb	B2	source-backed	cefrj-1.5	common	source-backed-rank	ngsl-gr-1.0	2213	cefrj-1.5,ngsl-gr-1.0,oewn-2025		validated
master-withdrawal-noun	withdrawal	noun	B2	source-backed	cefrj-1.5	common	source-backed-rank	ngsl-gr-1.0	3199	bsl-1.2,cefrj-1.5,ngsl-gr-1.0,oewn-2025		validated
master-witness-noun	witness	noun	B2	source-backed	cefrj-1.5	common	source-backed-rank	ngsl-gr-1.0	1692	cefrj-1.5,ngsl-gr-1.0,oewn-2025		validated
master-worldwide-adjective	worldwide	adjective	B2	source-backed	cefrj-1.5	common	source-backed-rank	ngsl-gr-1.0	2895	bsl-1.2,cefrj-1.5,ngsl-gr-1.0,oewn-2025		validated
master-worm-noun	worm	noun	B2	source-backed	cefrj-1.5	less-common	source-backed-rank	ngsl-gr-1.0	4215	cefrj-1.5,ngsl-gr-1.0,oewn-2025		validated
master-worsen-verb	worsen	verb	B2	source-backed	cefrj-1.5	less-common	editorial-band			bsl-1.2,cefrj-1.5,oewn-2025		validated
master-worship-noun	worship	noun	B2	source-backed	cefrj-1.5	less-common	source-backed-rank	ngsl-gr-1.0	3783	cefrj-1.5,ngsl-gr-1.0,oewn-2025		validated
master-wound-verb	wound	verb	B2	source-backed	cefrj-1.5	common	source-backed-rank	ngsl-gr-1.0	2225	cefrj-1.5,ngsl-gr-1.0,oewn-2025		validated
master-wreck-noun	wreck	noun	B2	source-backed	cefrj-1.5	less-common	source-backed-rank	ngsl-gr-1.0	4578	cefrj-1.5,ngsl-gr-1.0,oewn-2025		validated
master-yell-verb	yell	verb	B2	source-backed	cefrj-1.5	less-common	source-backed-rank	ngsl-gr-1.0	3700	cefrj-1.5,ngsl-gr-1.0,oewn-2025		validated
master-yield-verb	yield	verb	B2	source-backed	cefrj-1.5	common	source-backed-rank	ngsl-gr-1.0	1783	cefrj-1.5,ngsl-gr-1.0,oewn-2025		validated
master-aboard-preposition	aboard	preposition	C1	source-backed	octanove-c1c2-1.0	less-common	source-backed-rank	ngsl-gr-1.0	4310	ngsl-gr-1.0,octanove-c1c2-1.0		validated
master-abound-verb	abound	verb	C1	source-backed	octanove-c1c2-1.0	advanced	editorial-band			octanove-c1c2-1.0,oewn-2025		validated
master-absolute-noun	absolute	noun	C1	source-backed	octanove-c1c2-1.0	common	source-backed-rank	ngsl-gr-1.0	2448	ngsl-gr-1.0,octanove-c1c2-1.0,oewn-2025		validated
master-abstraction-noun	abstraction	noun	C1	source-backed	octanove-c1c2-1.0	advanced	editorial-band			octanove-c1c2-1.0,oewn-2025		validated
master-accustomed-adjective	accustomed	adjective	C1	source-backed	octanove-c1c2-1.0	advanced	editorial-band			octanove-c1c2-1.0,oewn-2025		validated
master-acidic-adjective	acidic	adjective	C1	source-backed	octanove-c1c2-1.0	advanced	editorial-band			nawl-1.2,octanove-c1c2-1.0,oewn-2025		validated
master-acoustic-adjective	acoustic	adjective	C1	source-backed	octanove-c1c2-1.0	advanced	editorial-band			octanove-c1c2-1.0,oewn-2025		validated
master-acoustically-adverb	acoustically	adverb	C1	source-backed	octanove-c1c2-1.0	advanced	editorial-band			octanove-c1c2-1.0,oewn-2025		validated
master-acoustics-noun	acoustics	noun	C1	source-backed	octanove-c1c2-1.0	advanced	editorial-band			octanove-c1c2-1.0,oewn-2025		validated
master-acre-noun	acre	noun	C1	source-backed	octanove-c1c2-1.0	common	source-backed-rank	ngsl-gr-1.0	3282	bsl-1.2,ngsl-gr-1.0,octanove-c1c2-1.0,oewn-2025		validated
master-acutely-adverb	acutely	adverb	C1	source-backed	octanove-c1c2-1.0	advanced	editorial-band			octanove-c1c2-1.0,oewn-2025		validated
master-adjoin-verb	adjoin	verb	C1	source-backed	octanove-c1c2-1.0	advanced	editorial-band			octanove-c1c2-1.0,oewn-2025		validated
master-adjustable-adjective	adjustable	adjective	C1	source-backed	octanove-c1c2-1.0	advanced	editorial-band			octanove-c1c2-1.0,oewn-2025		validated
master-adrenaline-noun	adrenaline	noun	C1	source-backed	octanove-c1c2-1.0	advanced	editorial-band			octanove-c1c2-1.0,oewn-2025		validated
master-advantageous-adjective	advantageous	adjective	C1	source-backed	octanove-c1c2-1.0	advanced	editorial-band			octanove-c1c2-1.0,oewn-2025		validated
master-adversary-noun	adversary	noun	C1	source-backed	octanove-c1c2-1.0	advanced	editorial-band			octanove-c1c2-1.0,oewn-2025		validated
master-advisory-adjective	advisory	adjective	C1	source-backed	octanove-c1c2-1.0	less-common	source-backed-rank	ngsl-gr-1.0	4813	bsl-1.2,ngsl-gr-1.0,octanove-c1c2-1.0,oewn-2025		validated
master-aesthetic-adjective	aesthetic	adjective	C1	source-backed	octanove-c1c2-1.0	less-common	source-backed-rank	ngsl-gr-1.0	4424	nawl-1.2,ngsl-gr-1.0,octanove-c1c2-1.0,oewn-2025		validated
master-aesthetically-adverb	aesthetically	adverb	C1	source-backed	octanove-c1c2-1.0	advanced	editorial-band			octanove-c1c2-1.0,oewn-2025		validated
master-agonize-verb	agonize	verb	C1	source-backed	octanove-c1c2-1.0	advanced	editorial-band			octanove-c1c2-1.0,oewn-2025		validated
master-agreeable-adjective	agreeable	adjective	C1	source-backed	octanove-c1c2-1.0	advanced	editorial-band			octanove-c1c2-1.0,oewn-2025		validated
master-aimless-adjective	aimless	adjective	C1	source-backed	octanove-c1c2-1.0	advanced	editorial-band			octanove-c1c2-1.0,oewn-2025		validated
master-aimlessly-adverb	aimlessly	adverb	C1	source-backed	octanove-c1c2-1.0	advanced	editorial-band			octanove-c1c2-1.0,oewn-2025		validated
master-alienate-verb	alienate	verb	C1	source-backed	octanove-c1c2-1.0	advanced	editorial-band			octanove-c1c2-1.0,oewn-2025		validated
master-align-verb	align	verb	C1	source-backed	octanove-c1c2-1.0	less-common	source-backed-rank	ngsl-gr-1.0	4712	bsl-1.2,ngsl-gr-1.0,octanove-c1c2-1.0,oewn-2025		validated
master-alignment-noun	alignment	noun	C1	source-backed	octanove-c1c2-1.0	advanced	editorial-band			octanove-c1c2-1.0,oewn-2025		validated
master-allege-verb	allege	verb	C1	source-backed	octanove-c1c2-1.0	common	source-backed-rank	ngsl-gr-1.0	2612	ngsl-gr-1.0,octanove-c1c2-1.0,oewn-2025		validated
master-alleviate-verb	alleviate	verb	C1	source-backed	octanove-c1c2-1.0	advanced	editorial-band			octanove-c1c2-1.0,oewn-2025		validated
master-altruism-noun	altruism	noun	C1	source-backed	octanove-c1c2-1.0	advanced	editorial-band			octanove-c1c2-1.0,oewn-2025		validated
master-altruistic-adjective	altruistic	adjective	C1	source-backed	octanove-c1c2-1.0	advanced	editorial-band			octanove-c1c2-1.0,oewn-2025		validated
master-amateur-adjective	amateur	adjective	C1	source-backed	octanove-c1c2-1.0	less-common	source-backed-rank	ngsl-gr-1.0	4067	ngsl-gr-1.0,octanove-c1c2-1.0,oewn-2025		validated
master-amateur-noun	amateur	noun	C1	source-backed	octanove-c1c2-1.0	less-common	source-backed-rank	ngsl-gr-1.0	4067	ngsl-gr-1.0,octanove-c1c2-1.0,oewn-2025		validated
v86	ambiguous	adjective	C1	editorial-estimate		advanced	editorial-band			cefrj-1.5,oewn-2025,vocabulary-core-2026-08		validated
master-amid-preposition	amid	preposition	C1	source-backed	octanove-c1c2-1.0	less-common	source-backed-rank	ngsl-gr-1.0	4120	bsl-1.2,ngsl-gr-1.0,octanove-c1c2-1.0		validated
master-amplification-noun	amplification	noun	C1	source-backed	octanove-c1c2-1.0	advanced	editorial-band			octanove-c1c2-1.0,oewn-2025		validated
master-amply-adverb	amply	adverb	C1	source-backed	octanove-c1c2-1.0	advanced	editorial-band			octanove-c1c2-1.0,oewn-2025		validated
master-anchor-verb	anchor	verb	C1	source-backed	octanove-c1c2-1.0	less-common	source-backed-rank	ngsl-gr-1.0	4170	ngsl-gr-1.0,octanove-c1c2-1.0,oewn-2025		validated
master-angle-verb	angle	verb	C1	source-backed	octanove-c1c2-1.0	common	source-backed-rank	ngsl-gr-1.0	2388	ngsl-gr-1.0,octanove-c1c2-1.0,oewn-2025		validated
master-animatedly-adverb	animatedly	adverb	C1	source-backed	octanove-c1c2-1.0	advanced	editorial-band			octanove-c1c2-1.0,oewn-2025		validated
master-anthropologist-noun	anthropologist	noun	C1	source-backed	octanove-c1c2-1.0	advanced	editorial-band			octanove-c1c2-1.0,oewn-2025		validated
master-anthropology-noun	anthropology	noun	C1	source-backed	octanove-c1c2-1.0	advanced	editorial-band			nawl-1.2,octanove-c1c2-1.0,oewn-2025		validated
master-anticlimactic-adjective	anticlimactic	adjective	C1	source-backed	octanove-c1c2-1.0	advanced	editorial-band			octanove-c1c2-1.0,oewn-2025		validated
master-antiquated-adjective	antiquated	adjective	C1	source-backed	octanove-c1c2-1.0	advanced	editorial-band			octanove-c1c2-1.0,oewn-2025		validated
master-antiquity-noun	antiquity	noun	C1	source-backed	octanove-c1c2-1.0	advanced	editorial-band			nawl-1.2,octanove-c1c2-1.0,oewn-2025		validated
master-appalling-adjective	appalling	adjective	C1	source-backed	octanove-c1c2-1.0	advanced	editorial-band			octanove-c1c2-1.0,oewn-2025		validated
master-appallingly-adverb	appallingly	adverb	C1	source-backed	octanove-c1c2-1.0	advanced	editorial-band			octanove-c1c2-1.0,oewn-2025		validated
master-appliance-noun	appliance	noun	C1	source-backed	octanove-c1c2-1.0	advanced	editorial-band			bsl-1.2,octanove-c1c2-1.0,oewn-2025		validated
master-apprehensive-adjective	apprehensive	adjective	C1	source-backed	octanove-c1c2-1.0	advanced	editorial-band			octanove-c1c2-1.0,oewn-2025		validated
master-apprentice-noun	apprentice	noun	C1	source-backed	octanove-c1c2-1.0	advanced	editorial-band			octanove-c1c2-1.0,oewn-2025		validated
master-apprentice-verb	apprentice	verb	C1	source-backed	octanove-c1c2-1.0	advanced	editorial-band			octanove-c1c2-1.0,oewn-2025		validated
master-apprenticeship-noun	apprenticeship	noun	C1	source-backed	octanove-c1c2-1.0	advanced	editorial-band			octanove-c1c2-1.0,oewn-2025		validated
master-apt-adjective	apt	adjective	C1	source-backed	octanove-c1c2-1.0	advanced	editorial-band			octanove-c1c2-1.0,oewn-2025		validated
master-aquarium-noun	aquarium	noun	C1	source-backed	octanove-c1c2-1.0	advanced	editorial-band			octanove-c1c2-1.0,oewn-2025		validated
master-artistically-adverb	artistically	adverb	C1	source-backed	octanove-c1c2-1.0	advanced	editorial-band			octanove-c1c2-1.0,oewn-2025		validated
master-assertion-noun	assertion	noun	C1	source-backed	octanove-c1c2-1.0	less-common	source-backed-rank	ngsl-gr-1.0	4800	bsl-1.2,ngsl-gr-1.0,octanove-c1c2-1.0,oewn-2025		validated
master-astray-adverb	astray	adverb	C1	source-backed	octanove-c1c2-1.0	advanced	editorial-band			octanove-c1c2-1.0,oewn-2025		validated
master-atmospheric-adjective	atmospheric	adjective	C1	source-backed	octanove-c1c2-1.0	advanced	editorial-band			octanove-c1c2-1.0,oewn-2025		validated
master-avid-adjective	avid	adjective	C1	source-backed	octanove-c1c2-1.0	advanced	editorial-band			octanove-c1c2-1.0,oewn-2025		validated
master-awe-verb	awe	verb	C1	source-backed	octanove-c1c2-1.0	advanced	editorial-band			octanove-c1c2-1.0,oewn-2025		validated
master-bald-verb	bald	verb	C1	source-backed	octanove-c1c2-1.0	advanced	editorial-band			octanove-c1c2-1.0,oewn-2025		validated
master-baldly-adverb	baldly	adverb	C1	source-backed	octanove-c1c2-1.0	advanced	editorial-band			octanove-c1c2-1.0,oewn-2025		validated
master-batter-noun	batter	noun	C1	source-backed	octanove-c1c2-1.0	less-common	source-backed-rank	ngsl-gr-1.0	4391	ngsl-gr-1.0,octanove-c1c2-1.0,oewn-2025		validated
master-batter-verb	batter	verb	C1	source-backed	octanove-c1c2-1.0	less-common	source-backed-rank	ngsl-gr-1.0	4391	ngsl-gr-1.0,octanove-c1c2-1.0,oewn-2025		validated
master-battered-adjective	battered	adjective	C1	source-backed	octanove-c1c2-1.0	advanced	editorial-band			octanove-c1c2-1.0,oewn-2025		validated
master-bearded-adjective	bearded	adjective	C1	source-backed	octanove-c1c2-1.0	advanced	editorial-band			octanove-c1c2-1.0,oewn-2025		validated
master-beforehand-adverb	beforehand	adverb	C1	source-backed	octanove-c1c2-1.0	advanced	editorial-band			octanove-c1c2-1.0,oewn-2025		validated
master-beguiling-adjective	beguiling	adjective	C1	source-backed	octanove-c1c2-1.0	advanced	editorial-band			octanove-c1c2-1.0,oewn-2025		validated
master-believably-adverb	believably	adverb	C1	source-backed	octanove-c1c2-1.0	advanced	editorial-band			octanove-c1c2-1.0,oewn-2025		validated
master-benign-adjective	benign	adjective	C1	source-backed	octanove-c1c2-1.0	advanced	editorial-band			octanove-c1c2-1.0,oewn-2025		validated
master-benignly-adverb	benignly	adverb	C1	source-backed	octanove-c1c2-1.0	advanced	editorial-band			octanove-c1c2-1.0,oewn-2025		validated
master-bequeath-verb	bequeath	verb	C1	source-backed	octanove-c1c2-1.0	advanced	editorial-band			octanove-c1c2-1.0,oewn-2025		validated
master-billiards-noun	billiards	noun	C1	source-backed	octanove-c1c2-1.0	advanced	editorial-band			octanove-c1c2-1.0,oewn-2025		validated
master-blankness-noun	blankness	noun	C1	source-backed	octanove-c1c2-1.0	advanced	editorial-band			octanove-c1c2-1.0,oewn-2025		validated
master-bliss-noun	bliss	noun	C1	source-backed	octanove-c1c2-1.0	advanced	editorial-band			octanove-c1c2-1.0,oewn-2025		validated
master-blister-noun	blister	noun	C1	source-backed	octanove-c1c2-1.0	advanced	editorial-band			octanove-c1c2-1.0,oewn-2025		validated
master-blister-verb	blister	verb	C1	source-backed	octanove-c1c2-1.0	advanced	editorial-band			octanove-c1c2-1.0,oewn-2025		validated
master-blithely-adverb	blithely	adverb	C1	source-backed	octanove-c1c2-1.0	advanced	editorial-band			octanove-c1c2-1.0,oewn-2025		validated
master-blockbuster-noun	blockbuster	noun	C1	source-backed	octanove-c1c2-1.0	advanced	editorial-band			octanove-c1c2-1.0,oewn-2025		validated
master-bloom-verb	bloom	verb	C1	source-backed	octanove-c1c2-1.0	less-common	source-backed-rank	ngsl-gr-1.0	4862	ngsl-gr-1.0,octanove-c1c2-1.0,oewn-2025		validated
master-boast-noun	boast	noun	C1	source-backed	octanove-c1c2-1.0	less-common	source-backed-rank	ngsl-gr-1.0	3691	bsl-1.2,ngsl-gr-1.0,octanove-c1c2-1.0,oewn-2025		validated
master-bouquet-noun	bouquet	noun	C1	source-backed	octanove-c1c2-1.0	advanced	editorial-band			octanove-c1c2-1.0,oewn-2025		validated
master-brainwash-verb	brainwash	verb	C1	source-backed	octanove-c1c2-1.0	advanced	editorial-band			octanove-c1c2-1.0,oewn-2025		validated
master-brainwashing-noun	brainwashing	noun	C1	source-backed	octanove-c1c2-1.0	advanced	editorial-band			octanove-c1c2-1.0,oewn-2025		validated
master-bribe-noun	bribe	noun	C1	source-backed	octanove-c1c2-1.0	advanced	editorial-band			bsl-1.2,octanove-c1c2-1.0,oewn-2025		validated
master-bribe-verb	bribe	verb	C1	source-backed	octanove-c1c2-1.0	advanced	editorial-band			bsl-1.2,octanove-c1c2-1.0,oewn-2025		validated
master-bribery-noun	bribery	noun	C1	source-backed	octanove-c1c2-1.0	advanced	editorial-band			octanove-c1c2-1.0,oewn-2025		validated
master-bubbly-adjective	bubbly	adjective	C1	source-backed	octanove-c1c2-1.0	advanced	editorial-band			octanove-c1c2-1.0,oewn-2025		validated
master-buffer-noun	buffer	noun	C1	source-backed	octanove-c1c2-1.0	advanced	editorial-band			bsl-1.2,octanove-c1c2-1.0,oewn-2025		validated
master-buffer-verb	buffer	verb	C1	source-backed	octanove-c1c2-1.0	advanced	editorial-band			bsl-1.2,octanove-c1c2-1.0,oewn-2025		validated
master-buffoon-noun	buffoon	noun	C1	source-backed	octanove-c1c2-1.0	advanced	editorial-band			octanove-c1c2-1.0,oewn-2025		validated
master-bulk-noun	bulk	noun	C1	source-backed	octanove-c1c2-1.0	common	source-backed-rank	ngsl-gr-1.0	3459	bsl-1.2,nawl-1.2,ngsl-gr-1.0,octanove-c1c2-1.0,oewn-2025		validated
master-bulky-adjective	bulky	adjective	C1	source-backed	octanove-c1c2-1.0	advanced	editorial-band			octanove-c1c2-1.0,oewn-2025		validated
master-bureaucratic-adjective	bureaucratic	adjective	C1	source-backed	octanove-c1c2-1.0	advanced	editorial-band			bsl-1.2,octanove-c1c2-1.0,oewn-2025		validated
master-bureaucratically-adverb	bureaucratically	adverb	C1	source-backed	octanove-c1c2-1.0	advanced	editorial-band			octanove-c1c2-1.0,oewn-2025		validated
master-burst-noun	burst	noun	C1	source-backed	octanove-c1c2-1.0	common	source-backed-rank	ngsl-gr-1.0	2486	ngsl-gr-1.0,octanove-c1c2-1.0,oewn-2025		validated
master-buzzer-noun	buzzer	noun	C1	source-backed	octanove-c1c2-1.0	advanced	editorial-band			octanove-c1c2-1.0,oewn-2025		validated
master-bypass-verb	bypass	verb	C1	source-backed	octanove-c1c2-1.0	advanced	editorial-band			octanove-c1c2-1.0,oewn-2025		validated
master-calorie-noun	calorie	noun	C1	source-backed	octanove-c1c2-1.0	less-common	source-backed-rank	ngsl-gr-1.0	4468	ngsl-gr-1.0,octanove-c1c2-1.0,oewn-2025		validated
master-candid-adjective	candid	adjective	C1	source-backed	octanove-c1c2-1.0	advanced	editorial-band			octanove-c1c2-1.0,oewn-2025		validated
master-candidly-adverb	candidly	adverb	C1	source-backed	octanove-c1c2-1.0	advanced	editorial-band			octanove-c1c2-1.0,oewn-2025		validated
master-canoe-noun	canoe	noun	C1	source-backed	octanove-c1c2-1.0	advanced	editorial-band			octanove-c1c2-1.0,oewn-2025		validated
master-carpenter-noun	carpenter	noun	C1	source-backed	octanove-c1c2-1.0	advanced	editorial-band			octanove-c1c2-1.0,oewn-2025		validated
master-carpentry-noun	carpentry	noun	C1	source-backed	octanove-c1c2-1.0	advanced	editorial-band			octanove-c1c2-1.0,oewn-2025		validated
master-carrier-noun	carrier	noun	C1	source-backed	octanove-c1c2-1.0	common	source-backed-rank	ngsl-gr-1.0	2970	bsl-1.2,nawl-1.2,ngsl-gr-1.0,octanove-c1c2-1.0,oewn-2025		validated
master-cavity-noun	cavity	noun	C1	source-backed	octanove-c1c2-1.0	advanced	editorial-band			octanove-c1c2-1.0,oewn-2025		validated
master-ceaseless-adjective	ceaseless	adjective	C1	source-backed	octanove-c1c2-1.0	advanced	editorial-band			octanove-c1c2-1.0,oewn-2025		validated
master-ceaselessly-adverb	ceaselessly	adverb	C1	source-backed	octanove-c1c2-1.0	advanced	editorial-band			octanove-c1c2-1.0,oewn-2025		validated
master-cessation-noun	cessation	noun	C1	source-backed	octanove-c1c2-1.0	advanced	editorial-band			octanove-c1c2-1.0,oewn-2025		validated
master-chaotically-adverb	chaotically	adverb	C1	source-backed	octanove-c1c2-1.0	advanced	editorial-band			octanove-c1c2-1.0,oewn-2025		validated
master-chart-verb	chart	verb	C1	source-backed	octanove-c1c2-1.0	common	source-backed-rank	ngsl-gr-1.0	1791	ngsl-gr-1.0,octanove-c1c2-1.0,oewn-2025		validated
master-charter-noun	charter	noun	C1	source-backed	octanove-c1c2-1.0	common	source-backed-rank	ngsl-gr-1.0	3349	bsl-1.2,ngsl-gr-1.0,octanove-c1c2-1.0,oewn-2025		validated
master-charter-verb	charter	verb	C1	source-backed	octanove-c1c2-1.0	common	source-backed-rank	ngsl-gr-1.0	3349	bsl-1.2,ngsl-gr-1.0,octanove-c1c2-1.0,oewn-2025		validated
master-chill-noun	chill	noun	C1	source-backed	octanove-c1c2-1.0	less-common	source-backed-rank	ngsl-gr-1.0	3747	ngsl-gr-1.0,octanove-c1c2-1.0,oewn-2025		validated
master-chill-verb	chill	verb	C1	source-backed	octanove-c1c2-1.0	less-common	source-backed-rank	ngsl-gr-1.0	3747	ngsl-gr-1.0,octanove-c1c2-1.0,oewn-2025		validated
master-chilly-adjective	chilly	adjective	C1	source-backed	octanove-c1c2-1.0	advanced	editorial-band			octanove-c1c2-1.0,oewn-2025		validated
master-chisel-verb	chisel	verb	C1	source-backed	octanove-c1c2-1.0	advanced	editorial-band			octanove-c1c2-1.0,oewn-2025		validated
master-churn-verb	churn	verb	C1	source-backed	octanove-c1c2-1.0	advanced	editorial-band			octanove-c1c2-1.0,oewn-2025		validated
master-circulate-verb	circulate	verb	C1	source-backed	octanove-c1c2-1.0	less-common	source-backed-rank	ngsl-gr-1.0	4224	bsl-1.2,nawl-1.2,ngsl-gr-1.0,octanove-c1c2-1.0,oewn-2025		validated
master-circulation-noun	circulation	noun	C1	source-backed	octanove-c1c2-1.0	less-common	source-backed-rank	ngsl-gr-1.0	4247	bsl-1.2,nawl-1.2,ngsl-gr-1.0,octanove-c1c2-1.0,oewn-2025		validated
master-citation-noun	citation	noun	C1	source-backed	octanove-c1c2-1.0	advanced	editorial-band			bsl-1.2,octanove-c1c2-1.0,oewn-2025		validated
master-cite-verb	cite	verb	C1	source-backed	octanove-c1c2-1.0	common	source-backed-rank	ngsl-gr-1.0	2327	ngsl-gr-1.0,octanove-c1c2-1.0,oewn-2025		validated
master-clammy-adjective	clammy	adjective	C1	source-backed	octanove-c1c2-1.0	advanced	editorial-band			octanove-c1c2-1.0,oewn-2025		validated
master-clan-noun	clan	noun	C1	source-backed	octanove-c1c2-1.0	advanced	editorial-band			octanove-c1c2-1.0,oewn-2025		validated
master-classy-adjective	classy	adjective	C1	source-backed	octanove-c1c2-1.0	advanced	editorial-band			octanove-c1c2-1.0,oewn-2025		validated
master-claustrophobia-noun	claustrophobia	noun	C1	source-backed	octanove-c1c2-1.0	advanced	editorial-band			octanove-c1c2-1.0,oewn-2025		validated
master-claustrophobic-adjective	claustrophobic	adjective	C1	source-backed	octanove-c1c2-1.0	advanced	editorial-band			octanove-c1c2-1.0,oewn-2025		validated
master-cleanly-adverb	cleanly	adverb	C1	source-backed	octanove-c1c2-1.0	advanced	editorial-band			octanove-c1c2-1.0,oewn-2025		validated
master-clench-verb	clench	verb	C1	source-backed	octanove-c1c2-1.0	advanced	editorial-band			octanove-c1c2-1.0,oewn-2025		validated
master-cleverness-noun	cleverness	noun	C1	source-backed	octanove-c1c2-1.0	advanced	editorial-band			octanove-c1c2-1.0,oewn-2025		validated
master-climactic-adjective	climactic	adjective	C1	source-backed	octanove-c1c2-1.0	advanced	editorial-band			octanove-c1c2-1.0,oewn-2025		validated
master-climax-noun	climax	noun	C1	source-backed	octanove-c1c2-1.0	advanced	editorial-band			octanove-c1c2-1.0,oewn-2025		validated
master-clinical-adjective	clinical	adjective	C1	source-backed	octanove-c1c2-1.0	common	source-backed-rank	ngsl-gr-1.0	2417	ngsl-gr-1.0,octanove-c1c2-1.0,oewn-2025		validated
master-cloak-noun	cloak	noun	C1	source-backed	octanove-c1c2-1.0	advanced	editorial-band			octanove-c1c2-1.0,oewn-2025		validated
master-closeness-noun	closeness	noun	C1	source-backed	octanove-c1c2-1.0	advanced	editorial-band			octanove-c1c2-1.0,oewn-2025		validated
master-clutch-noun	clutch	noun	C1	source-backed	octanove-c1c2-1.0	less-common	source-backed-rank	ngsl-gr-1.0	4463	ngsl-gr-1.0,octanove-c1c2-1.0,oewn-2025		validated
master-clutch-verb	clutch	verb	C1	source-backed	octanove-c1c2-1.0	less-common	source-backed-rank	ngsl-gr-1.0	4463	ngsl-gr-1.0,octanove-c1c2-1.0,oewn-2025		validated
master-clutter-noun	clutter	noun	C1	source-backed	octanove-c1c2-1.0	advanced	editorial-band			octanove-c1c2-1.0,oewn-2025		validated
master-clutter-verb	clutter	verb	C1	source-backed	octanove-c1c2-1.0	advanced	editorial-band			octanove-c1c2-1.0,oewn-2025		validated
v30	coherent	adjective	C1	editorial-estimate		less-common	source-backed-rank	ngsl-gr-1.0	4900	cefrj-1.5,nawl-1.2,ngsl-gr-1.0,oewn-2025,vocabulary-core-2026-08		validated
master-collaborate-verb	collaborate	verb	C1	source-backed	octanove-c1c2-1.0	advanced	editorial-band			octanove-c1c2-1.0,oewn-2025		validated
master-collaboration-noun	collaboration	noun	C1	source-backed	octanove-c1c2-1.0	less-common	source-backed-rank	ngsl-gr-1.0	3878	bsl-1.2,ngsl-gr-1.0,octanove-c1c2-1.0,oewn-2025		validated
master-collaborative-adjective	collaborative	adjective	C1	source-backed	octanove-c1c2-1.0	advanced	editorial-band			octanove-c1c2-1.0,oewn-2025		validated
master-collaborator-noun	collaborator	noun	C1	source-backed	octanove-c1c2-1.0	advanced	editorial-band			octanove-c1c2-1.0,oewn-2025		validated
master-commend-verb	commend	verb	C1	source-backed	octanove-c1c2-1.0	advanced	editorial-band			octanove-c1c2-1.0,oewn-2025		validated
master-commendation-noun	commendation	noun	C1	source-backed	octanove-c1c2-1.0	advanced	editorial-band			octanove-c1c2-1.0,oewn-2025		validated
master-commercially-adverb	commercially	adverb	C1	source-backed	octanove-c1c2-1.0	advanced	editorial-band			octanove-c1c2-1.0,oewn-2025		validated
master-commission-verb	commission	verb	C1	source-backed	octanove-c1c2-1.0	common	source-backed-rank	ngsl-gr-1.0	1643	ngsl-gr-1.0,octanove-c1c2-1.0,oewn-2025		validated
master-compel-verb	compel	verb	C1	source-backed	octanove-c1c2-1.0	common	source-backed-rank	ngsl-gr-1.0	3004	bsl-1.2,ngsl-gr-1.0,octanove-c1c2-1.0,oewn-2025		validated
v87	compelling	adjective	C1	editorial-estimate		advanced	editorial-band			vocabulary-core-2026-08		validated
master-complementary-adjective	complementary	adjective	C1	source-backed	octanove-c1c2-1.0	advanced	editorial-band			octanove-c1c2-1.0,oewn-2025		validated
master-compliance-noun	compliance	noun	C1	source-backed	octanove-c1c2-1.0	less-common	source-backed-rank	ngsl-gr-1.0	3785	bsl-1.2,ngsl-gr-1.0,octanove-c1c2-1.0,oewn-2025		validated
master-compliant-adjective	compliant	adjective	C1	source-backed	octanove-c1c2-1.0	advanced	editorial-band			octanove-c1c2-1.0,oewn-2025		validated
master-complimentary-adjective	complimentary	adjective	C1	source-backed	octanove-c1c2-1.0	advanced	editorial-band			octanove-c1c2-1.0,oewn-2025		validated
master-comply-verb	comply	verb	C1	source-backed	octanove-c1c2-1.0	common	source-backed-rank	ngsl-gr-1.0	3310	bsl-1.2,nawl-1.2,ngsl-gr-1.0,octanove-c1c2-1.0,oewn-2025		validated
master-comprise-verb	comprise	verb	C1	source-backed	octanove-c1c2-1.0	common	source-backed-rank	ngsl-gr-1.0	2789	ngsl-gr-1.0,octanove-c1c2-1.0,oewn-2025		validated
master-compulsion-noun	compulsion	noun	C1	source-backed	octanove-c1c2-1.0	advanced	editorial-band			octanove-c1c2-1.0,oewn-2025		validated
master-con-noun	con	noun	C1	source-backed	octanove-c1c2-1.0	less-common	source-backed-rank	ngsl-gr-1.0	3605	bsl-1.2,ngsl-gr-1.0,octanove-c1c2-1.0,oewn-2025		validated
master-con-verb	con	verb	C1	source-backed	octanove-c1c2-1.0	less-common	source-backed-rank	ngsl-gr-1.0	3605	bsl-1.2,ngsl-gr-1.0,octanove-c1c2-1.0,oewn-2025		validated
master-concerto-noun	concerto	noun	C1	source-backed	octanove-c1c2-1.0	advanced	editorial-band			octanove-c1c2-1.0,oewn-2025		validated
master-concur-verb	concur	verb	C1	source-backed	octanove-c1c2-1.0	advanced	editorial-band			octanove-c1c2-1.0,oewn-2025		validated
master-conditional-adjective	conditional	adjective	C1	source-backed	octanove-c1c2-1.0	advanced	editorial-band			bsl-1.2,nawl-1.2,octanove-c1c2-1.0,oewn-2025		validated
master-conditionally-adverb	conditionally	adverb	C1	source-backed	octanove-c1c2-1.0	advanced	editorial-band			octanove-c1c2-1.0,oewn-2025		validated
master-confide-verb	confide	verb	C1	source-backed	octanove-c1c2-1.0	advanced	editorial-band			octanove-c1c2-1.0,oewn-2025		validated
master-confinement-noun	confinement	noun	C1	source-backed	octanove-c1c2-1.0	advanced	editorial-band			octanove-c1c2-1.0,oewn-2025		validated
master-conform-verb	conform	verb	C1	source-backed	octanove-c1c2-1.0	less-common	source-backed-rank	ngsl-gr-1.0	4892	bsl-1.2,ngsl-gr-1.0,octanove-c1c2-1.0,oewn-2025		validated
master-conformity-noun	conformity	noun	C1	source-backed	octanove-c1c2-1.0	advanced	editorial-band			octanove-c1c2-1.0,oewn-2025		validated
master-congregate-verb	congregate	verb	C1	source-backed	octanove-c1c2-1.0	advanced	editorial-band			octanove-c1c2-1.0,oewn-2025		validated
master-conjure-verb	conjure	verb	C1	source-backed	octanove-c1c2-1.0	advanced	editorial-band			octanove-c1c2-1.0,oewn-2025		validated
master-connoisseur-noun	connoisseur	noun	C1	source-backed	octanove-c1c2-1.0	advanced	editorial-band			octanove-c1c2-1.0,oewn-2025		validated
master-conscientious-adjective	conscientious	adjective	C1	source-backed	octanove-c1c2-1.0	advanced	editorial-band			octanove-c1c2-1.0,oewn-2025		validated
master-conscientiously-adverb	conscientiously	adverb	C1	source-backed	octanove-c1c2-1.0	advanced	editorial-band			octanove-c1c2-1.0,oewn-2025		validated
master-conservatory-noun	conservatory	noun	C1	source-backed	octanove-c1c2-1.0	advanced	editorial-band			octanove-c1c2-1.0,oewn-2025		validated
master-conserve-verb	conserve	verb	C1	source-backed	octanove-c1c2-1.0	advanced	editorial-band			nawl-1.2,octanove-c1c2-1.0,oewn-2025		validated
master-constraint-noun	constraint	noun	C1	source-backed	octanove-c1c2-1.0	common	source-backed-rank	ngsl-gr-1.0	2604	ngsl-gr-1.0,octanove-c1c2-1.0,oewn-2025		validated
master-consultancy-noun	consultancy	noun	C1	source-backed	octanove-c1c2-1.0	advanced	editorial-band			bsl-1.2,octanove-c1c2-1.0,oewn-2025		validated
master-consultation-noun	consultation	noun	C1	source-backed	octanove-c1c2-1.0	less-common	source-backed-rank	ngsl-gr-1.0	3701	bsl-1.2,nawl-1.2,ngsl-gr-1.0,octanove-c1c2-1.0,oewn-2025		validated
master-contest-verb	contest	verb	C1	source-backed	octanove-c1c2-1.0	common	source-backed-rank	ngsl-gr-1.0	2512	ngsl-gr-1.0,octanove-c1c2-1.0,oewn-2025		validated
master-contested-adjective	contested	adjective	C1	source-backed	octanove-c1c2-1.0	advanced	editorial-band			octanove-c1c2-1.0,oewn-2025		validated
master-contextual-adjective	contextual	adjective	C1	source-backed	octanove-c1c2-1.0	advanced	editorial-band			octanove-c1c2-1.0,oewn-2025		validated
master-contextually-adverb	contextually	adverb	C1	source-backed	octanove-c1c2-1.0	advanced	editorial-band			octanove-c1c2-1.0,oewn-2025		validated
master-continuity-noun	continuity	noun	C1	source-backed	octanove-c1c2-1.0	less-common	source-backed-rank	ngsl-gr-1.0	4403	bsl-1.2,nawl-1.2,ngsl-gr-1.0,octanove-c1c2-1.0,oewn-2025		validated
master-contractor-noun	contractor	noun	C1	source-backed	octanove-c1c2-1.0	common	source-backed-rank	ngsl-gr-1.0	3446	bsl-1.2,ngsl-gr-1.0,octanove-c1c2-1.0,oewn-2025		validated
v88	convey	verb	C1	editorial-estimate		common	source-backed-rank	ngsl-gr-1.0	3103	bsl-1.2,cefrj-1.5,ngsl-gr-1.0,oewn-2025,vocabulary-core-2026-08		validated
master-convict-noun	convict	noun	C1	source-backed	octanove-c1c2-1.0	common	source-backed-rank	ngsl-gr-1.0	3222	bsl-1.2,ngsl-gr-1.0,octanove-c1c2-1.0,oewn-2025		validated
master-convict-verb	convict	verb	C1	source-backed	octanove-c1c2-1.0	common	source-backed-rank	ngsl-gr-1.0	3222	bsl-1.2,ngsl-gr-1.0,octanove-c1c2-1.0,oewn-2025		validated
master-conviction-noun	conviction	noun	C1	source-backed	octanove-c1c2-1.0	common	source-backed-rank	ngsl-gr-1.0	2998	bsl-1.2,ngsl-gr-1.0,octanove-c1c2-1.0,oewn-2025		validated
master-convoluted-adjective	convoluted	adjective	C1	source-backed	octanove-c1c2-1.0	advanced	editorial-band			octanove-c1c2-1.0,oewn-2025		validated
master-corps-noun	corps	noun	C1	source-backed	octanove-c1c2-1.0	less-common	source-backed-rank	ngsl-gr-1.0	5016	ngsl-gr-1.0,octanove-c1c2-1.0,oewn-2025		validated
master-cost-effective-adjective	cost-effective	adjective	C1	source-backed	octanove-c1c2-1.0	advanced	editorial-band			octanove-c1c2-1.0,oewn-2025		validated
master-coupled-adjective	coupled	adjective	C1	source-backed	octanove-c1c2-1.0	advanced	editorial-band			octanove-c1c2-1.0,oewn-2025		validated
master-coverage-noun	coverage	noun	C1	source-backed	octanove-c1c2-1.0	common	source-backed-rank	ngsl-gr-1.0	2124	ngsl-gr-1.0,octanove-c1c2-1.0,oewn-2025		validated
master-craft-verb	craft	verb	C1	source-backed	octanove-c1c2-1.0	common	source-backed-rank	ngsl-gr-1.0	2617	ngsl-gr-1.0,octanove-c1c2-1.0,oewn-2025		validated
master-crave-verb	crave	verb	C1	source-backed	octanove-c1c2-1.0	advanced	editorial-band			octanove-c1c2-1.0,oewn-2025		validated
master-craving-noun	craving	noun	C1	source-backed	octanove-c1c2-1.0	advanced	editorial-band			octanove-c1c2-1.0,oewn-2025		validated
master-creamy-adjective	creamy	adjective	C1	source-backed	octanove-c1c2-1.0	advanced	editorial-band			octanove-c1c2-1.0,oewn-2025		validated
master-credential-noun	credential	noun	C1	source-backed	octanove-c1c2-1.0	advanced	editorial-band			bsl-1.2,octanove-c1c2-1.0,oewn-2025		validated
master-credibility-noun	credibility	noun	C1	source-backed	octanove-c1c2-1.0	less-common	source-backed-rank	ngsl-gr-1.0	4131	bsl-1.2,nawl-1.2,ngsl-gr-1.0,octanove-c1c2-1.0,oewn-2025		validated
master-credible-adjective	credible	adjective	C1	source-backed	octanove-c1c2-1.0	advanced	editorial-band			bsl-1.2,octanove-c1c2-1.0,oewn-2025		validated
master-credibly-adverb	credibly	adverb	C1	source-backed	octanove-c1c2-1.0	advanced	editorial-band			octanove-c1c2-1.0,oewn-2025		validated
master-crude-adjective	crude	adjective	C1	source-backed	octanove-c1c2-1.0	less-common	source-backed-rank	ngsl-gr-1.0	4118	bsl-1.2,nawl-1.2,ngsl-gr-1.0,octanove-c1c2-1.0,oewn-2025		validated
master-crudely-adverb	crudely	adverb	C1	source-backed	octanove-c1c2-1.0	advanced	editorial-band			octanove-c1c2-1.0,oewn-2025		validated
master-crumb-noun	crumb	noun	C1	source-backed	octanove-c1c2-1.0	advanced	editorial-band			octanove-c1c2-1.0,oewn-2025		validated
master-crumble-verb	crumble	verb	C1	source-backed	octanove-c1c2-1.0	advanced	editorial-band			octanove-c1c2-1.0,oewn-2025		validated
master-customary-adjective	customary	adjective	C1	source-backed	octanove-c1c2-1.0	advanced	editorial-band			octanove-c1c2-1.0,oewn-2025		validated
master-cynic-noun	cynic	noun	C1	source-backed	octanove-c1c2-1.0	advanced	editorial-band			octanove-c1c2-1.0,oewn-2025		validated
master-cynical-adjective	cynical	adjective	C1	source-backed	octanove-c1c2-1.0	advanced	editorial-band			octanove-c1c2-1.0,oewn-2025		validated
master-cynically-adverb	cynically	adverb	C1	source-backed	octanove-c1c2-1.0	advanced	editorial-band			octanove-c1c2-1.0,oewn-2025		validated
master-cynicism-noun	cynicism	noun	C1	source-backed	octanove-c1c2-1.0	advanced	editorial-band			octanove-c1c2-1.0,oewn-2025		validated
master-damply-adverb	damply	adverb	C1	source-backed	octanove-c1c2-1.0	advanced	editorial-band			octanove-c1c2-1.0,oewn-2025		validated
master-darkroom-noun	darkroom	noun	C1	source-backed	octanove-c1c2-1.0	advanced	editorial-band			octanove-c1c2-1.0,oewn-2025		validated
master-daunt-verb	daunt	verb	C1	source-backed	octanove-c1c2-1.0	advanced	editorial-band			octanove-c1c2-1.0,oewn-2025		validated
master-daunting-adjective	daunting	adjective	C1	source-backed	octanove-c1c2-1.0	advanced	editorial-band			octanove-c1c2-1.0,oewn-2025		validated
master-daydream-noun	daydream	noun	C1	source-backed	octanove-c1c2-1.0	advanced	editorial-band			octanove-c1c2-1.0,oewn-2025		validated
master-daydream-verb	daydream	verb	C1	source-backed	octanove-c1c2-1.0	advanced	editorial-band			octanove-c1c2-1.0,oewn-2025		validated
master-debut-noun	debut	noun	C1	source-backed	octanove-c1c2-1.0	less-common	source-backed-rank	ngsl-gr-1.0	3843	ngsl-gr-1.0,octanove-c1c2-1.0,oewn-2025		validated
master-debut-verb	debut	verb	C1	source-backed	octanove-c1c2-1.0	less-common	source-backed-rank	ngsl-gr-1.0	3843	ngsl-gr-1.0,octanove-c1c2-1.0,oewn-2025		validated
master-deceit-noun	deceit	noun	C1	source-backed	octanove-c1c2-1.0	advanced	editorial-band			octanove-c1c2-1.0,oewn-2025		validated
master-degradation-noun	degradation	noun	C1	source-backed	octanove-c1c2-1.0	less-common	source-backed-rank	ngsl-gr-1.0	4889	ngsl-gr-1.0,octanove-c1c2-1.0,oewn-2025		validated
master-degrade-verb	degrade	verb	C1	source-backed	octanove-c1c2-1.0	advanced	editorial-band			nawl-1.2,octanove-c1c2-1.0,oewn-2025		validated
master-degrading-adjective	degrading	adjective	C1	source-backed	octanove-c1c2-1.0	advanced	editorial-band			octanove-c1c2-1.0,oewn-2025		validated
master-demise-noun	demise	noun	C1	source-backed	octanove-c1c2-1.0	advanced	editorial-band			bsl-1.2,octanove-c1c2-1.0,oewn-2025		validated
master-demo-noun	demo	noun	C1	source-backed	octanove-c1c2-1.0	advanced	editorial-band			octanove-c1c2-1.0,oewn-2025		validated
master-demographic-adjective	demographic	adjective	C1	source-backed	octanove-c1c2-1.0	less-common	source-backed-rank	ngsl-gr-1.0	3929	bsl-1.2,ngsl-gr-1.0,octanove-c1c2-1.0,oewn-2025		validated
master-demographic-noun	demographic	noun	C1	source-backed	octanove-c1c2-1.0	less-common	source-backed-rank	ngsl-gr-1.0	3929	bsl-1.2,ngsl-gr-1.0,octanove-c1c2-1.0,oewn-2025		validated
master-demography-noun	demography	noun	C1	source-backed	octanove-c1c2-1.0	advanced	editorial-band			octanove-c1c2-1.0,oewn-2025		validated
master-demolition-noun	demolition	noun	C1	source-backed	octanove-c1c2-1.0	advanced	editorial-band			octanove-c1c2-1.0,oewn-2025		validated
master-dependent-noun	dependent	noun	C1	source-backed	octanove-c1c2-1.0	common	source-backed-rank	ngsl-gr-1.0	2386	ngsl-gr-1.0,octanove-c1c2-1.0,oewn-2025		validated
master-depict-verb	depict	verb	C1	source-backed	octanove-c1c2-1.0	common	source-backed-rank	ngsl-gr-1.0	3333	bsl-1.2,nawl-1.2,ngsl-gr-1.0,octanove-c1c2-1.0,oewn-2025		validated
master-depiction-noun	depiction	noun	C1	source-backed	octanove-c1c2-1.0	advanced	editorial-band			octanove-c1c2-1.0,oewn-2025		validated
master-deprivation-noun	deprivation	noun	C1	source-backed	octanove-c1c2-1.0	advanced	editorial-band			octanove-c1c2-1.0,oewn-2025		validated
master-descent-noun	descent	noun	C1	source-backed	octanove-c1c2-1.0	less-common	source-backed-rank	ngsl-gr-1.0	4770	ngsl-gr-1.0,octanove-c1c2-1.0,oewn-2025		validated
master-desert-verb	desert	verb	C1	source-backed	octanove-c1c2-1.0	common	source-backed-rank	ngsl-gr-1.0	2337	ngsl-gr-1.0,octanove-c1c2-1.0,oewn-2025		validated
master-desertion-noun	desertion	noun	C1	source-backed	octanove-c1c2-1.0	advanced	editorial-band			octanove-c1c2-1.0,oewn-2025		validated
master-detest-verb	detest	verb	C1	source-backed	octanove-c1c2-1.0	advanced	editorial-band			octanove-c1c2-1.0,oewn-2025		validated
master-detestable-adjective	detestable	adjective	C1	source-backed	octanove-c1c2-1.0	advanced	editorial-band			octanove-c1c2-1.0,oewn-2025		validated
master-detriment-noun	detriment	noun	C1	source-backed	octanove-c1c2-1.0	advanced	editorial-band			octanove-c1c2-1.0,oewn-2025		validated
master-detrimental-adjective	detrimental	adjective	C1	source-backed	octanove-c1c2-1.0	advanced	editorial-band			octanove-c1c2-1.0,oewn-2025		validated
master-detrimentally-adverb	detrimentally	adverb	C1	source-backed	octanove-c1c2-1.0	advanced	editorial-band			octanove-c1c2-1.0,oewn-2025		validated
master-detritus-noun	detritus	noun	C1	source-backed	octanove-c1c2-1.0	advanced	editorial-band			octanove-c1c2-1.0,oewn-2025		validated
master-devotee-noun	devotee	noun	C1	source-backed	octanove-c1c2-1.0	advanced	editorial-band			octanove-c1c2-1.0,oewn-2025		validated
master-discard-verb	discard	verb	C1	source-backed	octanove-c1c2-1.0	less-common	source-backed-rank	ngsl-gr-1.0	4688	ngsl-gr-1.0,octanove-c1c2-1.0,oewn-2025		validated
master-discourse-noun	discourse	noun	C1	source-backed	octanove-c1c2-1.0	common	source-backed-rank	ngsl-gr-1.0	3382	nawl-1.2,ngsl-gr-1.0,octanove-c1c2-1.0,oewn-2025		validated
master-disdain-noun	disdain	noun	C1	source-backed	octanove-c1c2-1.0	advanced	editorial-band			octanove-c1c2-1.0,oewn-2025		validated
master-disillusionment-noun	disillusionment	noun	C1	source-backed	octanove-c1c2-1.0	advanced	editorial-band			octanove-c1c2-1.0,oewn-2025		validated
master-dislodge-verb	dislodge	verb	C1	source-backed	octanove-c1c2-1.0	advanced	editorial-band			octanove-c1c2-1.0,oewn-2025		validated
master-dismal-adjective	dismal	adjective	C1	source-backed	octanove-c1c2-1.0	advanced	editorial-band			bsl-1.2,octanove-c1c2-1.0,oewn-2025		validated
master-dismally-adverb	dismally	adverb	C1	source-backed	octanove-c1c2-1.0	advanced	editorial-band			octanove-c1c2-1.0,oewn-2025		validated
master-dismay-noun	dismay	noun	C1	source-backed	octanove-c1c2-1.0	advanced	editorial-band			octanove-c1c2-1.0,oewn-2025		validated
master-dismay-verb	dismay	verb	C1	source-backed	octanove-c1c2-1.0	advanced	editorial-band			octanove-c1c2-1.0,oewn-2025		validated
master-dispensary-noun	dispensary	noun	C1	source-backed	octanove-c1c2-1.0	advanced	editorial-band			octanove-c1c2-1.0,oewn-2025		validated
master-dispense-verb	dispense	verb	C1	source-backed	octanove-c1c2-1.0	advanced	editorial-band			octanove-c1c2-1.0,oewn-2025		validated
master-disquieting-adjective	disquieting	adjective	C1	source-backed	octanove-c1c2-1.0	advanced	editorial-band			octanove-c1c2-1.0,oewn-2025		validated
master-dissect-verb	dissect	verb	C1	source-backed	octanove-c1c2-1.0	advanced	editorial-band			octanove-c1c2-1.0,oewn-2025		validated
master-dissection-noun	dissection	noun	C1	source-backed	octanove-c1c2-1.0	advanced	editorial-band			nawl-1.2,octanove-c1c2-1.0,oewn-2025		validated
master-dither-verb	dither	verb	C1	source-backed	octanove-c1c2-1.0	advanced	editorial-band			octanove-c1c2-1.0,oewn-2025		validated
master-diverge-verb	diverge	verb	C1	source-backed	octanove-c1c2-1.0	advanced	editorial-band			octanove-c1c2-1.0,oewn-2025		validated
master-divergence-noun	divergence	noun	C1	source-backed	octanove-c1c2-1.0	advanced	editorial-band			octanove-c1c2-1.0,oewn-2025		validated
master-divergent-adjective	divergent	adjective	C1	source-backed	octanove-c1c2-1.0	advanced	editorial-band			octanove-c1c2-1.0,oewn-2025		validated
master-diversity-noun	diversity	noun	C1	source-backed	octanove-c1c2-1.0	common	source-backed-rank	ngsl-gr-1.0	2611	ngsl-gr-1.0,octanove-c1c2-1.0,oewn-2025		validated
master-docile-adjective	docile	adjective	C1	source-backed	octanove-c1c2-1.0	advanced	editorial-band			octanove-c1c2-1.0,oewn-2025		validated
master-domestically-adverb	domestically	adverb	C1	source-backed	octanove-c1c2-1.0	advanced	editorial-band			octanove-c1c2-1.0,oewn-2025		validated
master-domesticate-verb	domesticate	verb	C1	source-backed	octanove-c1c2-1.0	advanced	editorial-band			octanove-c1c2-1.0,oewn-2025		validated
master-domestication-noun	domestication	noun	C1	source-backed	octanove-c1c2-1.0	advanced	editorial-band			octanove-c1c2-1.0,oewn-2025		validated
master-dominant-adjective	dominant	adjective	C1	source-backed	octanove-c1c2-1.0	common	source-backed-rank	ngsl-gr-1.0	2973	bsl-1.2,nawl-1.2,ngsl-gr-1.0,octanove-c1c2-1.0,oewn-2025		validated
master-domination-noun	domination	noun	C1	source-backed	octanove-c1c2-1.0	advanced	editorial-band			nawl-1.2,octanove-c1c2-1.0,oewn-2025		validated
master-dramatist-noun	dramatist	noun	C1	source-backed	octanove-c1c2-1.0	advanced	editorial-band			octanove-c1c2-1.0,oewn-2025		validated
master-drawback-noun	drawback	noun	C1	source-backed	octanove-c1c2-1.0	less-common	source-backed-rank	ngsl-gr-1.0	4844	bsl-1.2,ngsl-gr-1.0,octanove-c1c2-1.0,oewn-2025		validated
master-drill-verb	drill	verb	C1	source-backed	octanove-c1c2-1.0	common	source-backed-rank	ngsl-gr-1.0	3072	bsl-1.2,ngsl-gr-1.0,octanove-c1c2-1.0,oewn-2025		validated
master-durable-adjective	durable	adjective	C1	source-backed	octanove-c1c2-1.0	advanced	editorial-band			bsl-1.2,octanove-c1c2-1.0,oewn-2025		validated
master-duration-noun	duration	noun	C1	source-backed	octanove-c1c2-1.0	common	source-backed-rank	ngsl-gr-1.0	3394	bsl-1.2,nawl-1.2,ngsl-gr-1.0,octanove-c1c2-1.0,oewn-2025		validated
master-dutiful-adjective	dutiful	adjective	C1	source-backed	octanove-c1c2-1.0	advanced	editorial-band			octanove-c1c2-1.0,oewn-2025		validated
master-dutifully-adverb	dutifully	adverb	C1	source-backed	octanove-c1c2-1.0	advanced	editorial-band			octanove-c1c2-1.0,oewn-2025		validated
master-dynamically-adverb	dynamically	adverb	C1	source-backed	octanove-c1c2-1.0	advanced	editorial-band			octanove-c1c2-1.0,oewn-2025		validated
master-eccentric-adjective	eccentric	adjective	C1	source-backed	octanove-c1c2-1.0	advanced	editorial-band			octanove-c1c2-1.0,oewn-2025		validated
master-eccentric-noun	eccentric	noun	C1	source-backed	octanove-c1c2-1.0	advanced	editorial-band			octanove-c1c2-1.0,oewn-2025		validated
master-eccentrically-adverb	eccentrically	adverb	C1	source-backed	octanove-c1c2-1.0	advanced	editorial-band			octanove-c1c2-1.0,oewn-2025		validated
master-eclectic-adjective	eclectic	adjective	C1	source-backed	octanove-c1c2-1.0	advanced	editorial-band			octanove-c1c2-1.0,oewn-2025		validated
master-eclectic-noun	eclectic	noun	C1	source-backed	octanove-c1c2-1.0	advanced	editorial-band			octanove-c1c2-1.0,oewn-2025		validated
master-ecstatically-adverb	ecstatically	adverb	C1	source-backed	octanove-c1c2-1.0	advanced	editorial-band			octanove-c1c2-1.0,oewn-2025		validated
master-effortless-adjective	effortless	adjective	C1	source-backed	octanove-c1c2-1.0	advanced	editorial-band			octanove-c1c2-1.0,oewn-2025		validated
master-ego-noun	ego	noun	C1	source-backed	octanove-c1c2-1.0	advanced	editorial-band			octanove-c1c2-1.0,oewn-2025		validated
master-elaborate-adjective	elaborate	adjective	C1	source-backed	octanove-c1c2-1.0	common	source-backed-rank	ngsl-gr-1.0	3201	bsl-1.2,nawl-1.2,ngsl-gr-1.0,octanove-c1c2-1.0,oewn-2025		validated
master-elaborate-verb	elaborate	verb	C1	source-backed	octanove-c1c2-1.0	common	source-backed-rank	ngsl-gr-1.0	3201	bsl-1.2,nawl-1.2,ngsl-gr-1.0,octanove-c1c2-1.0,oewn-2025		validated
master-elaboration-noun	elaboration	noun	C1	source-backed	octanove-c1c2-1.0	advanced	editorial-band			octanove-c1c2-1.0,oewn-2025		validated
master-elastic-adjective	elastic	adjective	C1	source-backed	octanove-c1c2-1.0	advanced	editorial-band			bsl-1.2,nawl-1.2,octanove-c1c2-1.0,oewn-2025		validated
master-elastic-noun	elastic	noun	C1	source-backed	octanove-c1c2-1.0	advanced	editorial-band			bsl-1.2,nawl-1.2,octanove-c1c2-1.0,oewn-2025		validated
master-elevate-verb	elevate	verb	C1	source-backed	octanove-c1c2-1.0	less-common	source-backed-rank	ngsl-gr-1.0	4322	nawl-1.2,ngsl-gr-1.0,octanove-c1c2-1.0,oewn-2025		validated
master-elevation-noun	elevation	noun	C1	source-backed	octanove-c1c2-1.0	advanced	editorial-band			nawl-1.2,octanove-c1c2-1.0,oewn-2025		validated
master-elitist-noun	elitist	noun	C1	source-backed	octanove-c1c2-1.0	advanced	editorial-band			octanove-c1c2-1.0,oewn-2025		validated
master-elongate-verb	elongate	verb	C1	source-backed	octanove-c1c2-1.0	advanced	editorial-band			octanove-c1c2-1.0,oewn-2025		validated
master-elude-verb	elude	verb	C1	source-backed	octanove-c1c2-1.0	advanced	editorial-band			octanove-c1c2-1.0,oewn-2025		validated
master-elusive-adjective	elusive	adjective	C1	source-backed	octanove-c1c2-1.0	advanced	editorial-band			octanove-c1c2-1.0,oewn-2025		validated
master-embark-verb	embark	verb	C1	source-backed	octanove-c1c2-1.0	less-common	source-backed-rank	ngsl-gr-1.0	4796	ngsl-gr-1.0,octanove-c1c2-1.0,oewn-2025		validated
master-endorsement-noun	endorsement	noun	C1	source-backed	octanove-c1c2-1.0	less-common	source-backed-rank	ngsl-gr-1.0	5046	bsl-1.2,ngsl-gr-1.0,octanove-c1c2-1.0,oewn-2025		validated
master-engross-verb	engross	verb	C1	source-backed	octanove-c1c2-1.0	advanced	editorial-band			octanove-c1c2-1.0,oewn-2025		validated
master-engrossing-adjective	engrossing	adjective	C1	source-backed	octanove-c1c2-1.0	advanced	editorial-band			octanove-c1c2-1.0,oewn-2025		validated
master-enormously-adverb	enormously	adverb	C1	source-backed	octanove-c1c2-1.0	advanced	editorial-band			nawl-1.2,octanove-c1c2-1.0,oewn-2025		validated
master-enterprising-adjective	enterprising	adjective	C1	source-backed	octanove-c1c2-1.0	advanced	editorial-band			octanove-c1c2-1.0,oewn-2025		validated
master-envisage-verb	envisage	verb	C1	source-backed	octanove-c1c2-1.0	advanced	editorial-band			octanove-c1c2-1.0,oewn-2025		validated
master-estimation-noun	estimation	noun	C1	source-backed	octanove-c1c2-1.0	advanced	editorial-band			bsl-1.2,nawl-1.2,octanove-c1c2-1.0,oewn-2025		validated
master-ethical-adjective	ethical	adjective	C1	source-backed	octanove-c1c2-1.0	less-common	source-backed-rank	ngsl-gr-1.0	3833	bsl-1.2,nawl-1.2,ngsl-gr-1.0,octanove-c1c2-1.0,oewn-2025		validated
master-ethically-adverb	ethically	adverb	C1	source-backed	octanove-c1c2-1.0	advanced	editorial-band			octanove-c1c2-1.0,oewn-2025		validated
master-evoke-verb	evoke	verb	C1	source-backed	octanove-c1c2-1.0	less-common	source-backed-rank	ngsl-gr-1.0	4722	ngsl-gr-1.0,octanove-c1c2-1.0,oewn-2025		validated
master-ewe-noun	ewe	noun	C1	source-backed	octanove-c1c2-1.0	advanced	editorial-band			octanove-c1c2-1.0,oewn-2025		validated
master-exert-verb	exert	verb	C1	source-backed	octanove-c1c2-1.0	less-common	source-backed-rank	ngsl-gr-1.0	4730	bsl-1.2,ngsl-gr-1.0,octanove-c1c2-1.0,oewn-2025		validated
master-exhaust-verb	exhaust	verb	C1	source-backed	octanove-c1c2-1.0	common	source-backed-rank	ngsl-gr-1.0	2719	ngsl-gr-1.0,octanove-c1c2-1.0,oewn-2025		validated
master-exhibitionist-noun	exhibitionist	noun	C1	source-backed	octanove-c1c2-1.0	advanced	editorial-band			octanove-c1c2-1.0,oewn-2025		validated
master-exhilarate-verb	exhilarate	verb	C1	source-backed	octanove-c1c2-1.0	advanced	editorial-band			octanove-c1c2-1.0,oewn-2025		validated
master-exhilarating-adjective	exhilarating	adjective	C1	source-backed	octanove-c1c2-1.0	advanced	editorial-band			octanove-c1c2-1.0,oewn-2025		validated
master-exhilaration-noun	exhilaration	noun	C1	source-backed	octanove-c1c2-1.0	advanced	editorial-band			octanove-c1c2-1.0,oewn-2025		validated
master-exodus-noun	exodus	noun	C1	source-backed	octanove-c1c2-1.0	advanced	editorial-band			octanove-c1c2-1.0,oewn-2025		validated
master-expedite-verb	expedite	verb	C1	source-backed	octanove-c1c2-1.0	advanced	editorial-band			octanove-c1c2-1.0,oewn-2025		validated
master-expire-verb	expire	verb	C1	source-backed	octanove-c1c2-1.0	less-common	source-backed-rank	ngsl-gr-1.0	5028	bsl-1.2,ngsl-gr-1.0,octanove-c1c2-1.0,oewn-2025		validated
master-explanatory-adjective	explanatory	adjective	C1	source-backed	octanove-c1c2-1.0	advanced	editorial-band			octanove-c1c2-1.0,oewn-2025		validated
master-exploitation-noun	exploitation	noun	C1	source-backed	octanove-c1c2-1.0	advanced	editorial-band			octanove-c1c2-1.0,oewn-2025		validated
master-explosively-adverb	explosively	adverb	C1	source-backed	octanove-c1c2-1.0	advanced	editorial-band			octanove-c1c2-1.0,oewn-2025		validated
master-exterior-noun	exterior	noun	C1	source-backed	octanove-c1c2-1.0	advanced	editorial-band			octanove-c1c2-1.0,oewn-2025		validated
master-extortion-noun	extortion	noun	C1	source-backed	octanove-c1c2-1.0	advanced	editorial-band			octanove-c1c2-1.0,oewn-2025		validated
master-extravagance-noun	extravagance	noun	C1	source-backed	octanove-c1c2-1.0	advanced	editorial-band			octanove-c1c2-1.0,oewn-2025		validated
master-exuberance-noun	exuberance	noun	C1	source-backed	octanove-c1c2-1.0	advanced	editorial-band			octanove-c1c2-1.0,oewn-2025		validated
master-exuberant-adjective	exuberant	adjective	C1	source-backed	octanove-c1c2-1.0	advanced	editorial-band			octanove-c1c2-1.0,oewn-2025		validated
master-exuberantly-adverb	exuberantly	adverb	C1	source-backed	octanove-c1c2-1.0	advanced	editorial-band			octanove-c1c2-1.0,oewn-2025		validated
master-fabulously-adverb	fabulously	adverb	C1	source-backed	octanove-c1c2-1.0	advanced	editorial-band			octanove-c1c2-1.0,oewn-2025		validated
master-facial-adjective	facial	adjective	C1	source-backed	octanove-c1c2-1.0	advanced	editorial-band			octanove-c1c2-1.0,oewn-2025		validated
master-facial-noun	facial	noun	C1	source-backed	octanove-c1c2-1.0	advanced	editorial-band			octanove-c1c2-1.0,oewn-2025		validated
master-facilitation-noun	facilitation	noun	C1	source-backed	octanove-c1c2-1.0	advanced	editorial-band			octanove-c1c2-1.0,oewn-2025		validated
master-faction-noun	faction	noun	C1	source-backed	octanove-c1c2-1.0	less-common	source-backed-rank	ngsl-gr-1.0	4628	bsl-1.2,ngsl-gr-1.0,octanove-c1c2-1.0,oewn-2025		validated
master-fanatic-adjective	fanatic	adjective	C1	source-backed	octanove-c1c2-1.0	advanced	editorial-band			octanove-c1c2-1.0,oewn-2025		validated
master-fanatic-noun	fanatic	noun	C1	source-backed	octanove-c1c2-1.0	advanced	editorial-band			octanove-c1c2-1.0,oewn-2025		validated
master-fanatically-adverb	fanatically	adverb	C1	source-backed	octanove-c1c2-1.0	advanced	editorial-band			octanove-c1c2-1.0,oewn-2025		validated
master-fanciful-adjective	fanciful	adjective	C1	source-backed	octanove-c1c2-1.0	advanced	editorial-band			octanove-c1c2-1.0,oewn-2025		validated
master-farce-noun	farce	noun	C1	source-backed	octanove-c1c2-1.0	advanced	editorial-band			octanove-c1c2-1.0,oewn-2025		validated
master-fatality-noun	fatality	noun	C1	source-backed	octanove-c1c2-1.0	advanced	editorial-band			octanove-c1c2-1.0,oewn-2025		validated
master-fatigue-noun	fatigue	noun	C1	source-backed	octanove-c1c2-1.0	advanced	editorial-band			nawl-1.2,octanove-c1c2-1.0,oewn-2025		validated
master-ferocious-adjective	ferocious	adjective	C1	source-backed	octanove-c1c2-1.0	advanced	editorial-band			octanove-c1c2-1.0,oewn-2025		validated
master-ferociously-adverb	ferociously	adverb	C1	source-backed	octanove-c1c2-1.0	advanced	editorial-band			octanove-c1c2-1.0,oewn-2025		validated
master-fiddle-noun	fiddle	noun	C1	source-backed	octanove-c1c2-1.0	advanced	editorial-band			octanove-c1c2-1.0,oewn-2025		validated
master-fiddle-verb	fiddle	verb	C1	source-backed	octanove-c1c2-1.0	advanced	editorial-band			octanove-c1c2-1.0,oewn-2025		validated
master-fiddler-noun	fiddler	noun	C1	source-backed	octanove-c1c2-1.0	advanced	editorial-band			octanove-c1c2-1.0,oewn-2025		validated
master-fiend-noun	fiend	noun	C1	source-backed	octanove-c1c2-1.0	advanced	editorial-band			octanove-c1c2-1.0,oewn-2025		validated
master-fiendish-adjective	fiendish	adjective	C1	source-backed	octanove-c1c2-1.0	advanced	editorial-band			octanove-c1c2-1.0,oewn-2025		validated
master-fiendishly-adverb	fiendishly	adverb	C1	source-backed	octanove-c1c2-1.0	advanced	editorial-band			octanove-c1c2-1.0,oewn-2025		validated
master-fiercely-adverb	fiercely	adverb	C1	source-backed	octanove-c1c2-1.0	advanced	editorial-band			octanove-c1c2-1.0,oewn-2025		validated
master-firewall-noun	firewall	noun	C1	source-backed	octanove-c1c2-1.0	advanced	editorial-band			octanove-c1c2-1.0,oewn-2025		validated
master-fissure-noun	fissure	noun	C1	source-backed	octanove-c1c2-1.0	advanced	editorial-band			octanove-c1c2-1.0,oewn-2025		validated
master-fixture-noun	fixture	noun	C1	source-backed	octanove-c1c2-1.0	advanced	editorial-band			octanove-c1c2-1.0,oewn-2025		validated
master-flashback-noun	flashback	noun	C1	source-backed	octanove-c1c2-1.0	advanced	editorial-band			octanove-c1c2-1.0,oewn-2025		validated
master-flask-noun	flask	noun	C1	source-backed	octanove-c1c2-1.0	advanced	editorial-band			octanove-c1c2-1.0,oewn-2025		validated
master-flatter-verb	flatter	verb	C1	source-backed	octanove-c1c2-1.0	advanced	editorial-band			octanove-c1c2-1.0,oewn-2025		validated
master-flattery-noun	flattery	noun	C1	source-backed	octanove-c1c2-1.0	advanced	editorial-band			octanove-c1c2-1.0,oewn-2025		validated
master-flick-verb	flick	verb	C1	source-backed	octanove-c1c2-1.0	less-common	source-backed-rank	ngsl-gr-1.0	5025	ngsl-gr-1.0,octanove-c1c2-1.0,oewn-2025		validated
master-flicker-noun	flicker	noun	C1	source-backed	octanove-c1c2-1.0	advanced	editorial-band			octanove-c1c2-1.0,oewn-2025		validated
master-flourish-noun	flourish	noun	C1	source-backed	octanove-c1c2-1.0	less-common	source-backed-rank	ngsl-gr-1.0	4089	bsl-1.2,ngsl-gr-1.0,octanove-c1c2-1.0,oewn-2025		validated
master-flourish-verb	flourish	verb	C1	source-backed	octanove-c1c2-1.0	less-common	source-backed-rank	ngsl-gr-1.0	4089	bsl-1.2,ngsl-gr-1.0,octanove-c1c2-1.0,oewn-2025		validated
master-folktale-noun	folktale	noun	C1	source-backed	octanove-c1c2-1.0	advanced	editorial-band			octanove-c1c2-1.0,oewn-2025		validated
master-forensic-adjective	forensic	adjective	C1	source-backed	octanove-c1c2-1.0	advanced	editorial-band			octanove-c1c2-1.0,oewn-2025		validated
master-forfeit-verb	forfeit	verb	C1	source-backed	octanove-c1c2-1.0	advanced	editorial-band			octanove-c1c2-1.0,oewn-2025		validated
master-formality-noun	formality	noun	C1	source-backed	octanove-c1c2-1.0	advanced	editorial-band			octanove-c1c2-1.0,oewn-2025		validated
master-formulate-verb	formulate	verb	C1	source-backed	octanove-c1c2-1.0	less-common	source-backed-rank	ngsl-gr-1.0	4486	bsl-1.2,ngsl-gr-1.0,octanove-c1c2-1.0,oewn-2025		validated
master-fossil-noun	fossil	noun	C1	source-backed	octanove-c1c2-1.0	less-common	source-backed-rank	ngsl-gr-1.0	4790	nawl-1.2,ngsl-gr-1.0,octanove-c1c2-1.0,oewn-2025		validated
master-fraction-noun	fraction	noun	C1	source-backed	octanove-c1c2-1.0	common	source-backed-rank	ngsl-gr-1.0	3320	bsl-1.2,nawl-1.2,ngsl-gr-1.0,octanove-c1c2-1.0,oewn-2025		validated
master-fragmentation-noun	fragmentation	noun	C1	source-backed	octanove-c1c2-1.0	advanced	editorial-band			octanove-c1c2-1.0,oewn-2025		validated
master-frost-verb	frost	verb	C1	source-backed	octanove-c1c2-1.0	advanced	editorial-band			octanove-c1c2-1.0,oewn-2025		validated
master-frostily-adverb	frostily	adverb	C1	source-backed	octanove-c1c2-1.0	advanced	editorial-band			octanove-c1c2-1.0,oewn-2025		validated
master-frosty-adjective	frosty	adjective	C1	source-backed	octanove-c1c2-1.0	advanced	editorial-band			octanove-c1c2-1.0,oewn-2025		validated
master-fuse-verb	fuse	verb	C1	source-backed	octanove-c1c2-1.0	less-common	source-backed-rank	ngsl-gr-1.0	4942	ngsl-gr-1.0,octanove-c1c2-1.0,oewn-2025		validated
master-fusion-noun	fusion	noun	C1	source-backed	octanove-c1c2-1.0	less-common	source-backed-rank	ngsl-gr-1.0	4672	nawl-1.2,ngsl-gr-1.0,octanove-c1c2-1.0,oewn-2025		validated
master-gadget-noun	gadget	noun	C1	source-backed	octanove-c1c2-1.0	advanced	editorial-band			octanove-c1c2-1.0,oewn-2025		validated
master-gamely-adverb	gamely	adverb	C1	source-backed	octanove-c1c2-1.0	advanced	editorial-band			octanove-c1c2-1.0,oewn-2025		validated
master-gape-verb	gape	verb	C1	source-backed	octanove-c1c2-1.0	advanced	editorial-band			octanove-c1c2-1.0,oewn-2025		validated
master-gem-noun	gem	noun	C1	source-backed	octanove-c1c2-1.0	advanced	editorial-band			octanove-c1c2-1.0,oewn-2025		validated
master-genome-noun	genome	noun	C1	source-backed	octanove-c1c2-1.0	advanced	editorial-band			octanove-c1c2-1.0,oewn-2025		validated
master-geological-adjective	geological	adjective	C1	source-backed	octanove-c1c2-1.0	advanced	editorial-band			octanove-c1c2-1.0,oewn-2025		validated
master-geologically-adverb	geologically	adverb	C1	source-backed	octanove-c1c2-1.0	advanced	editorial-band			octanove-c1c2-1.0,oewn-2025		validated
master-ghostly-adjective	ghostly	adjective	C1	source-backed	octanove-c1c2-1.0	advanced	editorial-band			octanove-c1c2-1.0,oewn-2025		validated
master-gig-noun	gig	noun	C1	source-backed	octanove-c1c2-1.0	advanced	editorial-band			octanove-c1c2-1.0,oewn-2025		validated
master-glean-verb	glean	verb	C1	source-backed	octanove-c1c2-1.0	advanced	editorial-band			octanove-c1c2-1.0,oewn-2025		validated
master-glum-adjective	glum	adjective	C1	source-backed	octanove-c1c2-1.0	advanced	editorial-band			octanove-c1c2-1.0,oewn-2025		validated
master-glumly-adverb	glumly	adverb	C1	source-backed	octanove-c1c2-1.0	advanced	editorial-band			octanove-c1c2-1.0,oewn-2025		validated
master-gnaw-verb	gnaw	verb	C1	source-backed	octanove-c1c2-1.0	advanced	editorial-band			octanove-c1c2-1.0,oewn-2025		validated
master-goose-noun	goose	noun	C1	source-backed	octanove-c1c2-1.0	advanced	editorial-band			octanove-c1c2-1.0,oewn-2025		validated
master-gourmet-noun	gourmet	noun	C1	source-backed	octanove-c1c2-1.0	advanced	editorial-band			octanove-c1c2-1.0,oewn-2025		validated
master-graft-verb	graft	verb	C1	source-backed	octanove-c1c2-1.0	advanced	editorial-band			octanove-c1c2-1.0,oewn-2025		validated
master-grapefruit-noun	grapefruit	noun	C1	source-backed	octanove-c1c2-1.0	advanced	editorial-band			octanove-c1c2-1.0,oewn-2025		validated
master-grounds-noun	grounds	noun	C1	source-backed	octanove-c1c2-1.0	advanced	editorial-band			octanove-c1c2-1.0,oewn-2025		validated
master-gruelling-adjective	gruelling	adjective	C1	source-backed	octanove-c1c2-1.0	advanced	editorial-band			octanove-c1c2-1.0,oewn-2025		validated
master-gruesome-adjective	gruesome	adjective	C1	source-backed	octanove-c1c2-1.0	advanced	editorial-band			octanove-c1c2-1.0,oewn-2025		validated
master-gruesomely-adverb	gruesomely	adverb	C1	source-backed	octanove-c1c2-1.0	advanced	editorial-band			octanove-c1c2-1.0,oewn-2025		validated
master-grumble-verb	grumble	verb	C1	source-backed	octanove-c1c2-1.0	advanced	editorial-band			octanove-c1c2-1.0,oewn-2025		validated
master-gush-noun	gush	noun	C1	source-backed	octanove-c1c2-1.0	advanced	editorial-band			octanove-c1c2-1.0,oewn-2025		validated
master-gush-verb	gush	verb	C1	source-backed	octanove-c1c2-1.0	advanced	editorial-band			octanove-c1c2-1.0,oewn-2025		validated
master-gushing-adjective	gushing	adjective	C1	source-backed	octanove-c1c2-1.0	advanced	editorial-band			octanove-c1c2-1.0,oewn-2025		validated
master-gushingly-adverb	gushingly	adverb	C1	source-backed	octanove-c1c2-1.0	advanced	editorial-band			octanove-c1c2-1.0,oewn-2025		validated
master-gusto-noun	gusto	noun	C1	source-backed	octanove-c1c2-1.0	advanced	editorial-band			octanove-c1c2-1.0,oewn-2025		validated
master-gutsy-adjective	gutsy	adjective	C1	source-backed	octanove-c1c2-1.0	advanced	editorial-band			octanove-c1c2-1.0,oewn-2025		validated
master-gypsy-noun	gypsy	noun	C1	source-backed	octanove-c1c2-1.0	advanced	editorial-band			octanove-c1c2-1.0,oewn-2025		validated
master-hack-noun	hack	noun	C1	source-backed	octanove-c1c2-1.0	advanced	editorial-band			octanove-c1c2-1.0,oewn-2025		validated
master-hack-verb	hack	verb	C1	source-backed	octanove-c1c2-1.0	advanced	editorial-band			octanove-c1c2-1.0,oewn-2025		validated
master-haggle-verb	haggle	verb	C1	source-backed	octanove-c1c2-1.0	advanced	editorial-band			octanove-c1c2-1.0,oewn-2025		validated
master-hanging-noun	hanging	noun	C1	source-backed	octanove-c1c2-1.0	advanced	editorial-band			octanove-c1c2-1.0,oewn-2025		validated
master-harass-verb	harass	verb	C1	source-backed	octanove-c1c2-1.0	advanced	editorial-band			octanove-c1c2-1.0,oewn-2025		validated
master-harassment-noun	harassment	noun	C1	source-backed	octanove-c1c2-1.0	advanced	editorial-band			octanove-c1c2-1.0,oewn-2025		validated
master-harvest-verb	harvest	verb	C1	source-backed	octanove-c1c2-1.0	common	source-backed-rank	ngsl-gr-1.0	3416	bsl-1.2,nawl-1.2,ngsl-gr-1.0,octanove-c1c2-1.0,oewn-2025		validated
master-headstrong-adjective	headstrong	adjective	C1	source-backed	octanove-c1c2-1.0	advanced	editorial-band			octanove-c1c2-1.0,oewn-2025		validated
master-hedgehog-noun	hedgehog	noun	C1	source-backed	octanove-c1c2-1.0	advanced	editorial-band			octanove-c1c2-1.0,oewn-2025		validated
master-heifer-noun	heifer	noun	C1	source-backed	octanove-c1c2-1.0	advanced	editorial-band			octanove-c1c2-1.0,oewn-2025		validated
master-heighten-verb	heighten	verb	C1	source-backed	octanove-c1c2-1.0	advanced	editorial-band			octanove-c1c2-1.0,oewn-2025		validated
master-hence-adverb	hence	adverb	C1	source-backed	octanove-c1c2-1.0	common	source-backed-rank	ngsl-gr-1.0	2144	ngsl-gr-1.0,octanove-c1c2-1.0,oewn-2025		validated
master-heroine-noun	heroine	noun	C1	source-backed	octanove-c1c2-1.0	advanced	editorial-band			octanove-c1c2-1.0,oewn-2025		validated
master-hibernate-verb	hibernate	verb	C1	source-backed	octanove-c1c2-1.0	advanced	editorial-band			octanove-c1c2-1.0,oewn-2025		validated
master-hibernation-noun	hibernation	noun	C1	source-backed	octanove-c1c2-1.0	advanced	editorial-band			octanove-c1c2-1.0,oewn-2025		validated
master-homely-adjective	homely	adjective	C1	source-backed	octanove-c1c2-1.0	advanced	editorial-band			octanove-c1c2-1.0,oewn-2025		validated
master-honk-noun	honk	noun	C1	source-backed	octanove-c1c2-1.0	advanced	editorial-band			octanove-c1c2-1.0,oewn-2025		validated
master-honk-verb	honk	verb	C1	source-backed	octanove-c1c2-1.0	advanced	editorial-band			octanove-c1c2-1.0,oewn-2025		validated
master-hostess-noun	hostess	noun	C1	source-backed	octanove-c1c2-1.0	advanced	editorial-band			octanove-c1c2-1.0,oewn-2025		validated
master-hostile-adjective	hostile	adjective	C1	source-backed	octanove-c1c2-1.0	less-common	source-backed-rank	ngsl-gr-1.0	3794	bsl-1.2,ngsl-gr-1.0,octanove-c1c2-1.0,oewn-2025		validated
master-hostility-noun	hostility	noun	C1	source-backed	octanove-c1c2-1.0	less-common	source-backed-rank	ngsl-gr-1.0	4263	bsl-1.2,ngsl-gr-1.0,octanove-c1c2-1.0,oewn-2025		validated
master-humble-verb	humble	verb	C1	source-backed	octanove-c1c2-1.0	less-common	source-backed-rank	ngsl-gr-1.0	4535	ngsl-gr-1.0,octanove-c1c2-1.0,oewn-2025		validated
master-hypocrisy-noun	hypocrisy	noun	C1	source-backed	octanove-c1c2-1.0	advanced	editorial-band			octanove-c1c2-1.0,oewn-2025		validated
master-hypocrite-noun	hypocrite	noun	C1	source-backed	octanove-c1c2-1.0	advanced	editorial-band			octanove-c1c2-1.0,oewn-2025		validated
master-hypocritical-adjective	hypocritical	adjective	C1	source-backed	octanove-c1c2-1.0	advanced	editorial-band			octanove-c1c2-1.0,oewn-2025		validated
master-hypocritically-adverb	hypocritically	adverb	C1	source-backed	octanove-c1c2-1.0	advanced	editorial-band			octanove-c1c2-1.0,oewn-2025		validated
master-immense-adjective	immense	adjective	C1	source-backed	octanove-c1c2-1.0	less-common	source-backed-rank	ngsl-gr-1.0	4412	ngsl-gr-1.0,octanove-c1c2-1.0,oewn-2025		validated
master-immensely-adverb	immensely	adverb	C1	source-backed	octanove-c1c2-1.0	advanced	editorial-band			octanove-c1c2-1.0,oewn-2025		validated
master-immortalize-verb	immortalize	verb	C1	source-backed	octanove-c1c2-1.0	advanced	editorial-band			octanove-c1c2-1.0,oewn-2025		validated
master-imp-noun	imp	noun	C1	source-backed	octanove-c1c2-1.0	advanced	editorial-band			octanove-c1c2-1.0,oewn-2025		validated
master-impede-verb	impede	verb	C1	source-backed	octanove-c1c2-1.0	advanced	editorial-band			octanove-c1c2-1.0,oewn-2025		validated
master-impediment-noun	impediment	noun	C1	source-backed	octanove-c1c2-1.0	advanced	editorial-band			octanove-c1c2-1.0,oewn-2025		validated
master-imperative-adjective	imperative	adjective	C1	source-backed	octanove-c1c2-1.0	less-common	source-backed-rank	ngsl-gr-1.0	4818	ngsl-gr-1.0,octanove-c1c2-1.0,oewn-2025		validated
master-impersonal-adjective	impersonal	adjective	C1	source-backed	octanove-c1c2-1.0	advanced	editorial-band			octanove-c1c2-1.0,oewn-2025		validated
master-impersonally-adverb	impersonally	adverb	C1	source-backed	octanove-c1c2-1.0	advanced	editorial-band			octanove-c1c2-1.0,oewn-2025		validated
master-impersonate-verb	impersonate	verb	C1	source-backed	octanove-c1c2-1.0	advanced	editorial-band			octanove-c1c2-1.0,oewn-2025		validated
master-impersonation-noun	impersonation	noun	C1	source-backed	octanove-c1c2-1.0	advanced	editorial-band			octanove-c1c2-1.0,oewn-2025		validated
master-impersonator-noun	impersonator	noun	C1	source-backed	octanove-c1c2-1.0	advanced	editorial-band			octanove-c1c2-1.0,oewn-2025		validated
master-impervious-adjective	impervious	adjective	C1	source-backed	octanove-c1c2-1.0	advanced	editorial-band			octanove-c1c2-1.0,oewn-2025		validated
master-impish-adjective	impish	adjective	C1	source-backed	octanove-c1c2-1.0	advanced	editorial-band			octanove-c1c2-1.0,oewn-2025		validated
master-impishly-adverb	impishly	adverb	C1	source-backed	octanove-c1c2-1.0	advanced	editorial-band			octanove-c1c2-1.0,oewn-2025		validated
master-implicate-verb	implicate	verb	C1	source-backed	octanove-c1c2-1.0	advanced	editorial-band			octanove-c1c2-1.0,oewn-2025		validated
master-impoverished-adjective	impoverished	adjective	C1	source-backed	octanove-c1c2-1.0	advanced	editorial-band			octanove-c1c2-1.0,oewn-2025		validated
master-incision-noun	incision	noun	C1	source-backed	octanove-c1c2-1.0	advanced	editorial-band			octanove-c1c2-1.0,oewn-2025		validated
master-incisor-noun	incisor	noun	C1	source-backed	octanove-c1c2-1.0	advanced	editorial-band			octanove-c1c2-1.0,oewn-2025		validated
master-inclusion-noun	inclusion	noun	C1	source-backed	octanove-c1c2-1.0	less-common	source-backed-rank	ngsl-gr-1.0	4347	bsl-1.2,nawl-1.2,ngsl-gr-1.0,octanove-c1c2-1.0,oewn-2025		validated
master-inclusive-adjective	inclusive	adjective	C1	source-backed	octanove-c1c2-1.0	advanced	editorial-band			octanove-c1c2-1.0,oewn-2025		validated
master-indefinite-adjective	indefinite	adjective	C1	source-backed	octanove-c1c2-1.0	advanced	editorial-band			octanove-c1c2-1.0,oewn-2025		validated
master-indefinitely-adverb	indefinitely	adverb	C1	source-backed	octanove-c1c2-1.0	advanced	editorial-band			octanove-c1c2-1.0,oewn-2025		validated
master-individuality-noun	individuality	noun	C1	source-backed	octanove-c1c2-1.0	advanced	editorial-band			octanove-c1c2-1.0,oewn-2025		validated
master-induct-verb	induct	verb	C1	source-backed	octanove-c1c2-1.0	advanced	editorial-band			octanove-c1c2-1.0,oewn-2025		validated
master-induction-noun	induction	noun	C1	source-backed	octanove-c1c2-1.0	advanced	editorial-band			nawl-1.2,octanove-c1c2-1.0,oewn-2025		validated
master-inexcusable-adjective	inexcusable	adjective	C1	source-backed	octanove-c1c2-1.0	advanced	editorial-band			octanove-c1c2-1.0,oewn-2025		validated
master-inexcusably-adverb	inexcusably	adverb	C1	source-backed	octanove-c1c2-1.0	advanced	editorial-band			octanove-c1c2-1.0,oewn-2025		validated
master-inexhaustible-adjective	inexhaustible	adjective	C1	source-backed	octanove-c1c2-1.0	advanced	editorial-band			octanove-c1c2-1.0,oewn-2025		validated
master-inexplicable-adjective	inexplicable	adjective	C1	source-backed	octanove-c1c2-1.0	advanced	editorial-band			octanove-c1c2-1.0,oewn-2025		validated
master-inexplicably-adverb	inexplicably	adverb	C1	source-backed	octanove-c1c2-1.0	advanced	editorial-band			octanove-c1c2-1.0,oewn-2025		validated
master-ingenious-adjective	ingenious	adjective	C1	source-backed	octanove-c1c2-1.0	advanced	editorial-band			octanove-c1c2-1.0,oewn-2025		validated
master-ingenuity-noun	ingenuity	noun	C1	source-backed	octanove-c1c2-1.0	advanced	editorial-band			octanove-c1c2-1.0,oewn-2025		validated
master-inherent-adjective	inherent	adjective	C1	source-backed	octanove-c1c2-1.0	less-common	source-backed-rank	ngsl-gr-1.0	4427	bsl-1.2,ngsl-gr-1.0,octanove-c1c2-1.0,oewn-2025		validated
master-inherently-adverb	inherently	adverb	C1	source-backed	octanove-c1c2-1.0	advanced	editorial-band			octanove-c1c2-1.0,oewn-2025		validated
master-inheritance-noun	inheritance	noun	C1	source-backed	octanove-c1c2-1.0	advanced	editorial-band			octanove-c1c2-1.0,oewn-2025		validated
master-injustice-noun	injustice	noun	C1	source-backed	octanove-c1c2-1.0	advanced	editorial-band			octanove-c1c2-1.0,oewn-2025		validated
master-innovate-verb	innovate	verb	C1	source-backed	octanove-c1c2-1.0	advanced	editorial-band			octanove-c1c2-1.0,oewn-2025		validated
master-insecure-adjective	insecure	adjective	C1	source-backed	octanove-c1c2-1.0	advanced	editorial-band			octanove-c1c2-1.0,oewn-2025		validated
master-insecurely-adverb	insecurely	adverb	C1	source-backed	octanove-c1c2-1.0	advanced	editorial-band			octanove-c1c2-1.0,oewn-2025		validated
master-insensitive-adjective	insensitive	adjective	C1	source-backed	octanove-c1c2-1.0	advanced	editorial-band			octanove-c1c2-1.0,oewn-2025		validated
master-insensitively-adverb	insensitively	adverb	C1	source-backed	octanove-c1c2-1.0	advanced	editorial-band			octanove-c1c2-1.0,oewn-2025		validated
master-insightful-adjective	insightful	adjective	C1	source-backed	octanove-c1c2-1.0	advanced	editorial-band			octanove-c1c2-1.0,oewn-2025		validated
master-instinctive-adjective	instinctive	adjective	C1	source-backed	octanove-c1c2-1.0	advanced	editorial-band			octanove-c1c2-1.0,oewn-2025		validated
master-instinctively-adverb	instinctively	adverb	C1	source-backed	octanove-c1c2-1.0	advanced	editorial-band			octanove-c1c2-1.0,oewn-2025		validated
master-institute-verb	institute	verb	C1	source-backed	octanove-c1c2-1.0	less-common	source-backed-rank	ngsl-gr-1.0	3705	bsl-1.2,ngsl-gr-1.0,octanove-c1c2-1.0,oewn-2025		validated
master-insubordinate-adjective	insubordinate	adjective	C1	source-backed	octanove-c1c2-1.0	advanced	editorial-band			octanove-c1c2-1.0,oewn-2025		validated
master-insubordination-noun	insubordination	noun	C1	source-backed	octanove-c1c2-1.0	advanced	editorial-band			octanove-c1c2-1.0,oewn-2025		validated
master-integral-adjective	integral	adjective	C1	source-backed	octanove-c1c2-1.0	less-common	source-backed-rank	ngsl-gr-1.0	4527	bsl-1.2,nawl-1.2,ngsl-gr-1.0,octanove-c1c2-1.0,oewn-2025		validated
master-intellect-noun	intellect	noun	C1	source-backed	octanove-c1c2-1.0	advanced	editorial-band			octanove-c1c2-1.0,oewn-2025		validated
master-interject-verb	interject	verb	C1	source-backed	octanove-c1c2-1.0	advanced	editorial-band			octanove-c1c2-1.0,oewn-2025		validated
master-interjection-noun	interjection	noun	C1	source-backed	octanove-c1c2-1.0	advanced	editorial-band			octanove-c1c2-1.0,oewn-2025		validated
master-intuit-verb	intuit	verb	C1	source-backed	octanove-c1c2-1.0	advanced	editorial-band			octanove-c1c2-1.0,oewn-2025		validated
master-intuition-noun	intuition	noun	C1	source-backed	octanove-c1c2-1.0	advanced	editorial-band			octanove-c1c2-1.0,oewn-2025		validated
master-intuitive-adjective	intuitive	adjective	C1	source-backed	octanove-c1c2-1.0	advanced	editorial-band			octanove-c1c2-1.0,oewn-2025		validated
master-intuitively-adverb	intuitively	adverb	C1	source-backed	octanove-c1c2-1.0	advanced	editorial-band			octanove-c1c2-1.0,oewn-2025		validated
master-invoice-noun	invoice	noun	C1	source-backed	octanove-c1c2-1.0	less-common	source-backed-rank	ngsl-gr-1.0	4759	bsl-1.2,ngsl-gr-1.0,octanove-c1c2-1.0,oewn-2025		validated
master-irate-adjective	irate	adjective	C1	source-backed	octanove-c1c2-1.0	advanced	editorial-band			octanove-c1c2-1.0,oewn-2025		validated
master-irately-adverb	irately	adverb	C1	source-backed	octanove-c1c2-1.0	advanced	editorial-band			octanove-c1c2-1.0,oewn-2025		validated
master-irony-noun	irony	noun	C1	source-backed	octanove-c1c2-1.0	less-common	source-backed-rank	ngsl-gr-1.0	4382	ngsl-gr-1.0,octanove-c1c2-1.0,oewn-2025		validated
master-isolate-verb	isolate	verb	C1	source-backed	octanove-c1c2-1.0	common	source-backed-rank	ngsl-gr-1.0	2130	ngsl-gr-1.0,octanove-c1c2-1.0,oewn-2025		validated
master-isolated-adjective	isolated	adjective	C1	source-backed	octanove-c1c2-1.0	advanced	editorial-band			octanove-c1c2-1.0,oewn-2025		validated
master-itinerary-noun	itinerary	noun	C1	source-backed	octanove-c1c2-1.0	advanced	editorial-band			octanove-c1c2-1.0,oewn-2025		validated
master-jersey-noun	jersey	noun	C1	source-backed	octanove-c1c2-1.0	advanced	editorial-band			octanove-c1c2-1.0,oewn-2025		validated
master-jurisdiction-noun	jurisdiction	noun	C1	source-backed	octanove-c1c2-1.0	less-common	source-backed-rank	ngsl-gr-1.0	4175	bsl-1.2,ngsl-gr-1.0,octanove-c1c2-1.0,oewn-2025		validated
master-justly-adverb	justly	adverb	C1	source-backed	octanove-c1c2-1.0	advanced	editorial-band			octanove-c1c2-1.0,oewn-2025		validated
master-juvenile-adjective	juvenile	adjective	C1	source-backed	octanove-c1c2-1.0	less-common	source-backed-rank	ngsl-gr-1.0	4814	ngsl-gr-1.0,octanove-c1c2-1.0,oewn-2025		validated
master-juvenile-noun	juvenile	noun	C1	source-backed	octanove-c1c2-1.0	less-common	source-backed-rank	ngsl-gr-1.0	4814	ngsl-gr-1.0,octanove-c1c2-1.0,oewn-2025		validated
master-knowledgeable-adjective	knowledgeable	adjective	C1	source-backed	octanove-c1c2-1.0	advanced	editorial-band			octanove-c1c2-1.0,oewn-2025		validated
master-landscape-verb	landscape	verb	C1	source-backed	octanove-c1c2-1.0	common	source-backed-rank	ngsl-gr-1.0	2042	ngsl-gr-1.0,octanove-c1c2-1.0,oewn-2025		validated
master-lapse-noun	lapse	noun	C1	source-backed	octanove-c1c2-1.0	advanced	editorial-band			octanove-c1c2-1.0,oewn-2025		validated
master-lapse-verb	lapse	verb	C1	source-backed	octanove-c1c2-1.0	advanced	editorial-band			octanove-c1c2-1.0,oewn-2025		validated
master-latent-adjective	latent	adjective	C1	source-backed	octanove-c1c2-1.0	advanced	editorial-band			octanove-c1c2-1.0,oewn-2025		validated
master-lavatory-noun	lavatory	noun	C1	source-backed	octanove-c1c2-1.0	advanced	editorial-band			octanove-c1c2-1.0,oewn-2025		validated
master-legacy-noun	legacy	noun	C1	source-backed	octanove-c1c2-1.0	less-common	source-backed-rank	ngsl-gr-1.0	3549	bsl-1.2,ngsl-gr-1.0,octanove-c1c2-1.0,oewn-2025		validated
master-lethargic-adjective	lethargic	adjective	C1	source-backed	octanove-c1c2-1.0	advanced	editorial-band			octanove-c1c2-1.0,oewn-2025		validated
master-lethargically-adverb	lethargically	adverb	C1	source-backed	octanove-c1c2-1.0	advanced	editorial-band			octanove-c1c2-1.0,oewn-2025		validated
master-lethargy-noun	lethargy	noun	C1	source-backed	octanove-c1c2-1.0	advanced	editorial-band			octanove-c1c2-1.0,oewn-2025		validated
master-liaison-noun	liaison	noun	C1	source-backed	octanove-c1c2-1.0	advanced	editorial-band			octanove-c1c2-1.0,oewn-2025		validated
master-likelihood-noun	likelihood	noun	C1	source-backed	octanove-c1c2-1.0	less-common	source-backed-rank	ngsl-gr-1.0	3923	bsl-1.2,nawl-1.2,ngsl-gr-1.0,octanove-c1c2-1.0,oewn-2025		validated
master-limitless-adjective	limitless	adjective	C1	source-backed	octanove-c1c2-1.0	advanced	editorial-band			octanove-c1c2-1.0,oewn-2025		validated
master-linear-adjective	linear	adjective	C1	source-backed	octanove-c1c2-1.0	less-common	source-backed-rank	ngsl-gr-1.0	4330	bsl-1.2,nawl-1.2,ngsl-gr-1.0,octanove-c1c2-1.0,oewn-2025		validated
master-linearly-adverb	linearly	adverb	C1	source-backed	octanove-c1c2-1.0	advanced	editorial-band			octanove-c1c2-1.0,oewn-2025		validated
master-lodge-verb	lodge	verb	C1	source-backed	octanove-c1c2-1.0	less-common	source-backed-rank	ngsl-gr-1.0	3917	ngsl-gr-1.0,octanove-c1c2-1.0,oewn-2025		validated
master-loom-verb	loom	verb	C1	source-backed	octanove-c1c2-1.0	less-common	source-backed-rank	ngsl-gr-1.0	4506	bsl-1.2,ngsl-gr-1.0,octanove-c1c2-1.0,oewn-2025		validated
master-ludicrous-adjective	ludicrous	adjective	C1	source-backed	octanove-c1c2-1.0	advanced	editorial-band			octanove-c1c2-1.0,oewn-2025		validated
master-ludicrously-adverb	ludicrously	adverb	C1	source-backed	octanove-c1c2-1.0	advanced	editorial-band			octanove-c1c2-1.0,oewn-2025		validated
master-lust-noun	lust	noun	C1	source-backed	octanove-c1c2-1.0	advanced	editorial-band			octanove-c1c2-1.0,oewn-2025		validated
master-macabre-adjective	macabre	adjective	C1	source-backed	octanove-c1c2-1.0	advanced	editorial-band			octanove-c1c2-1.0,oewn-2025		validated
master-magnetic-adjective	magnetic	adjective	C1	source-backed	octanove-c1c2-1.0	less-common	source-backed-rank	ngsl-gr-1.0	4112	bsl-1.2,nawl-1.2,ngsl-gr-1.0,octanove-c1c2-1.0,oewn-2025		validated
master-magnetically-adverb	magnetically	adverb	C1	source-backed	octanove-c1c2-1.0	advanced	editorial-band			octanove-c1c2-1.0,oewn-2025		validated
master-magnetism-noun	magnetism	noun	C1	source-backed	octanove-c1c2-1.0	advanced	editorial-band			octanove-c1c2-1.0,oewn-2025		validated
master-malfunction-verb	malfunction	verb	C1	source-backed	octanove-c1c2-1.0	advanced	editorial-band			octanove-c1c2-1.0,oewn-2025		validated
master-manicure-noun	manicure	noun	C1	source-backed	octanove-c1c2-1.0	advanced	editorial-band			octanove-c1c2-1.0,oewn-2025		validated
master-manicure-verb	manicure	verb	C1	source-backed	octanove-c1c2-1.0	advanced	editorial-band			octanove-c1c2-1.0,oewn-2025		validated
master-manipulation-noun	manipulation	noun	C1	source-backed	octanove-c1c2-1.0	less-common	source-backed-rank	ngsl-gr-1.0	4990	bsl-1.2,nawl-1.2,ngsl-gr-1.0,octanove-c1c2-1.0,oewn-2025		validated
master-marginal-adjective	marginal	adjective	C1	source-backed	octanove-c1c2-1.0	less-common	source-backed-rank	ngsl-gr-1.0	4296	bsl-1.2,nawl-1.2,ngsl-gr-1.0,octanove-c1c2-1.0,oewn-2025		validated
master-marginally-adverb	marginally	adverb	C1	source-backed	octanove-c1c2-1.0	advanced	editorial-band			octanove-c1c2-1.0,oewn-2025		validated
master-marvel-verb	marvel	verb	C1	source-backed	octanove-c1c2-1.0	advanced	editorial-band			octanove-c1c2-1.0,oewn-2025		validated
master-maternal-adjective	maternal	adjective	C1	source-backed	octanove-c1c2-1.0	less-common	source-backed-rank	ngsl-gr-1.0	4329	nawl-1.2,ngsl-gr-1.0,octanove-c1c2-1.0,oewn-2025		validated
master-maternalistic-adjective	maternalistic	adjective	C1	source-backed	octanove-c1c2-1.0	advanced	editorial-band			octanove-c1c2-1.0,oewn-2025		validated
master-meaningless-adjective	meaningless	adjective	C1	source-backed	octanove-c1c2-1.0	advanced	editorial-band			octanove-c1c2-1.0,oewn-2025		validated
master-mechanism-noun	mechanism	noun	C1	source-backed	octanove-c1c2-1.0	common	source-backed-rank	ngsl-gr-1.0	1912	ngsl-gr-1.0,octanove-c1c2-1.0,oewn-2025		validated
master-methodical-adjective	methodical	adjective	C1	source-backed	octanove-c1c2-1.0	advanced	editorial-band			octanove-c1c2-1.0,oewn-2025		validated
master-midwife-noun	midwife	noun	C1	source-backed	octanove-c1c2-1.0	advanced	editorial-band			octanove-c1c2-1.0,oewn-2025		validated
master-mingle-verb	mingle	verb	C1	source-backed	octanove-c1c2-1.0	advanced	editorial-band			octanove-c1c2-1.0,oewn-2025		validated
master-misplace-verb	misplace	verb	C1	source-backed	octanove-c1c2-1.0	advanced	editorial-band			octanove-c1c2-1.0,oewn-2025		validated
master-monotonous-adjective	monotonous	adjective	C1	source-backed	octanove-c1c2-1.0	advanced	editorial-band			octanove-c1c2-1.0,oewn-2025		validated
master-monotonously-adverb	monotonously	adverb	C1	source-backed	octanove-c1c2-1.0	advanced	editorial-band			octanove-c1c2-1.0,oewn-2025		validated
master-monotony-noun	monotony	noun	C1	source-backed	octanove-c1c2-1.0	advanced	editorial-band			octanove-c1c2-1.0,oewn-2025		validated
master-motley-adjective	motley	adjective	C1	source-backed	octanove-c1c2-1.0	advanced	editorial-band			octanove-c1c2-1.0,oewn-2025		validated
master-mountaineer-noun	mountaineer	noun	C1	source-backed	octanove-c1c2-1.0	advanced	editorial-band			octanove-c1c2-1.0,oewn-2025		validated
master-munch-verb	munch	verb	C1	source-backed	octanove-c1c2-1.0	advanced	editorial-band			octanove-c1c2-1.0,oewn-2025		validated
master-muscular-adjective	muscular	adjective	C1	source-backed	octanove-c1c2-1.0	advanced	editorial-band			octanove-c1c2-1.0,oewn-2025		validated
master-mutually-adverb	mutually	adverb	C1	source-backed	octanove-c1c2-1.0	advanced	editorial-band			bsl-1.2,octanove-c1c2-1.0,oewn-2025		validated
master-mythological-adjective	mythological	adjective	C1	source-backed	octanove-c1c2-1.0	advanced	editorial-band			octanove-c1c2-1.0,oewn-2025		validated
master-mythology-noun	mythology	noun	C1	source-backed	octanove-c1c2-1.0	advanced	editorial-band			octanove-c1c2-1.0,oewn-2025		validated
master-naive-adjective	naive	adjective	C1	source-backed	octanove-c1c2-1.0	less-common	source-backed-rank	ngsl-gr-1.0	4801	ngsl-gr-1.0,octanove-c1c2-1.0,oewn-2025		validated
master-naively-adverb	naively	adverb	C1	source-backed	octanove-c1c2-1.0	advanced	editorial-band			octanove-c1c2-1.0,oewn-2025		validated
master-naivety-noun	naivety	noun	C1	source-backed	octanove-c1c2-1.0	advanced	editorial-band			octanove-c1c2-1.0,oewn-2025		validated
master-naturalness-noun	naturalness	noun	C1	source-backed	octanove-c1c2-1.0	advanced	editorial-band			octanove-c1c2-1.0,oewn-2025		validated
master-neglectful-adjective	neglectful	adjective	C1	source-backed	octanove-c1c2-1.0	advanced	editorial-band			octanove-c1c2-1.0,oewn-2025		validated
master-negligent-adjective	negligent	adjective	C1	source-backed	octanove-c1c2-1.0	advanced	editorial-band			octanove-c1c2-1.0,oewn-2025		validated
master-negligently-adverb	negligently	adverb	C1	source-backed	octanove-c1c2-1.0	advanced	editorial-band			octanove-c1c2-1.0,oewn-2025		validated
master-negligible-adjective	negligible	adjective	C1	source-backed	octanove-c1c2-1.0	advanced	editorial-band			octanove-c1c2-1.0,oewn-2025		validated
master-niche-noun	niche	noun	C1	source-backed	octanove-c1c2-1.0	advanced	editorial-band			bsl-1.2,nawl-1.2,octanove-c1c2-1.0,oewn-2025		validated
master-nocturnal-adjective	nocturnal	adjective	C1	source-backed	octanove-c1c2-1.0	advanced	editorial-band			octanove-c1c2-1.0,oewn-2025		validated
master-nondescript-adjective	nondescript	adjective	C1	source-backed	octanove-c1c2-1.0	advanced	editorial-band			octanove-c1c2-1.0,oewn-2025		validated
master-notable-adjective	notable	adjective	C1	source-backed	octanove-c1c2-1.0	less-common	source-backed-rank	ngsl-gr-1.0	4133	bsl-1.2,ngsl-gr-1.0,octanove-c1c2-1.0,oewn-2025		validated
master-notwithstanding-preposition	notwithstanding	preposition	C1	source-backed	octanove-c1c2-1.0	advanced	editorial-band			octanove-c1c2-1.0		validated
v89	nuance	noun	C1	editorial-estimate		advanced	editorial-band			vocabulary-core-2026-08		validated
master-numb-adjective	numb	adjective	C1	source-backed	octanove-c1c2-1.0	advanced	editorial-band			octanove-c1c2-1.0,oewn-2025		validated
master-numb-verb	numb	verb	C1	source-backed	octanove-c1c2-1.0	advanced	editorial-band			octanove-c1c2-1.0,oewn-2025		validated
master-oblige-verb	oblige	verb	C1	source-backed	octanove-c1c2-1.0	common	source-backed-rank	ngsl-gr-1.0	3157	bsl-1.2,ngsl-gr-1.0,octanove-c1c2-1.0,oewn-2025		validated
master-obscure-adjective	obscure	adjective	C1	source-backed	octanove-c1c2-1.0	less-common	source-backed-rank	ngsl-gr-1.0	3745	bsl-1.2,nawl-1.2,ngsl-gr-1.0,octanove-c1c2-1.0,oewn-2025		validated
master-obscure-verb	obscure	verb	C1	source-backed	octanove-c1c2-1.0	less-common	source-backed-rank	ngsl-gr-1.0	3745	bsl-1.2,nawl-1.2,ngsl-gr-1.0,octanove-c1c2-1.0,oewn-2025		validated
master-obscurely-adverb	obscurely	adverb	C1	source-backed	octanove-c1c2-1.0	advanced	editorial-band			octanove-c1c2-1.0,oewn-2025		validated
master-occupant-noun	occupant	noun	C1	source-backed	octanove-c1c2-1.0	advanced	editorial-band			octanove-c1c2-1.0,oewn-2025		validated
master-occupational-adjective	occupational	adjective	C1	source-backed	octanove-c1c2-1.0	advanced	editorial-band			octanove-c1c2-1.0,oewn-2025		validated
master-oddity-noun	oddity	noun	C1	source-backed	octanove-c1c2-1.0	advanced	editorial-band			octanove-c1c2-1.0,oewn-2025		validated
master-offspring-noun	offspring	noun	C1	source-backed	octanove-c1c2-1.0	less-common	source-backed-rank	ngsl-gr-1.0	4493	nawl-1.2,ngsl-gr-1.0,octanove-c1c2-1.0,oewn-2025		validated
master-orchard-noun	orchard	noun	C1	source-backed	octanove-c1c2-1.0	advanced	editorial-band			octanove-c1c2-1.0,oewn-2025		validated
master-ordinarily-adverb	ordinarily	adverb	C1	source-backed	octanove-c1c2-1.0	advanced	editorial-band			octanove-c1c2-1.0,oewn-2025		validated
master-organizational-adjective	organizational	adjective	C1	source-backed	octanove-c1c2-1.0	common	source-backed-rank	ngsl-gr-1.0	2959	bsl-1.2,ngsl-gr-1.0,octanove-c1c2-1.0,oewn-2025		validated
master-ornamental-adjective	ornamental	adjective	C1	source-backed	octanove-c1c2-1.0	advanced	editorial-band			octanove-c1c2-1.0,oewn-2025		validated
master-orphan-verb	orphan	verb	C1	source-backed	octanove-c1c2-1.0	advanced	editorial-band			octanove-c1c2-1.0,oewn-2025		validated
master-otter-noun	otter	noun	C1	source-backed	octanove-c1c2-1.0	advanced	editorial-band			octanove-c1c2-1.0,oewn-2025		validated
master-outset-noun	outset	noun	C1	source-backed	octanove-c1c2-1.0	advanced	editorial-band			octanove-c1c2-1.0,oewn-2025		validated
master-overdraft-noun	overdraft	noun	C1	source-backed	octanove-c1c2-1.0	advanced	editorial-band			octanove-c1c2-1.0,oewn-2025		validated
master-oversee-verb	oversee	verb	C1	source-backed	octanove-c1c2-1.0	less-common	source-backed-rank	ngsl-gr-1.0	4411	bsl-1.2,ngsl-gr-1.0,octanove-c1c2-1.0,oewn-2025		validated
master-overseer-noun	overseer	noun	C1	source-backed	octanove-c1c2-1.0	advanced	editorial-band			octanove-c1c2-1.0,oewn-2025		validated
master-pace-verb	pace	verb	C1	source-backed	octanove-c1c2-1.0	common	source-backed-rank	ngsl-gr-1.0	2168	ngsl-gr-1.0,octanove-c1c2-1.0,oewn-2025		validated
master-paddle-verb	paddle	verb	C1	source-backed	octanove-c1c2-1.0	advanced	editorial-band			octanove-c1c2-1.0,oewn-2025		validated
master-panorama-noun	panorama	noun	C1	source-backed	octanove-c1c2-1.0	advanced	editorial-band			octanove-c1c2-1.0,oewn-2025		validated
master-panoramic-adjective	panoramic	adjective	C1	source-backed	octanove-c1c2-1.0	advanced	editorial-band			octanove-c1c2-1.0,oewn-2025		validated
master-parasite-noun	parasite	noun	C1	source-backed	octanove-c1c2-1.0	advanced	editorial-band			octanove-c1c2-1.0,oewn-2025		validated
master-paternal-adjective	paternal	adjective	C1	source-backed	octanove-c1c2-1.0	advanced	editorial-band			octanove-c1c2-1.0,oewn-2025		validated
master-paternalistic-adjective	paternalistic	adjective	C1	source-backed	octanove-c1c2-1.0	advanced	editorial-band			octanove-c1c2-1.0,oewn-2025		validated
master-pathos-noun	pathos	noun	C1	source-backed	octanove-c1c2-1.0	advanced	editorial-band			octanove-c1c2-1.0,oewn-2025		validated
master-paywall-noun	paywall	noun	C1	source-backed	octanove-c1c2-1.0	advanced	editorial-band			octanove-c1c2-1.0,oewn-2025		validated
master-peacock-noun	peacock	noun	C1	source-backed	octanove-c1c2-1.0	advanced	editorial-band			octanove-c1c2-1.0,oewn-2025		validated
master-peasant-noun	peasant	noun	C1	source-backed	octanove-c1c2-1.0	less-common	source-backed-rank	ngsl-gr-1.0	3845	nawl-1.2,ngsl-gr-1.0,octanove-c1c2-1.0,oewn-2025		validated
master-pedicure-noun	pedicure	noun	C1	source-backed	octanove-c1c2-1.0	advanced	editorial-band			octanove-c1c2-1.0,oewn-2025		validated
master-pendulous-adjective	pendulous	adjective	C1	source-backed	octanove-c1c2-1.0	advanced	editorial-band			octanove-c1c2-1.0,oewn-2025		validated
master-pendulum-noun	pendulum	noun	C1	source-backed	octanove-c1c2-1.0	advanced	editorial-band			octanove-c1c2-1.0,oewn-2025		validated
master-peninsula-noun	peninsula	noun	C1	source-backed	octanove-c1c2-1.0	advanced	editorial-band			octanove-c1c2-1.0,oewn-2025		validated
master-perceptive-adjective	perceptive	adjective	C1	source-backed	octanove-c1c2-1.0	advanced	editorial-band			octanove-c1c2-1.0,oewn-2025		validated
master-perceptively-adverb	perceptively	adverb	C1	source-backed	octanove-c1c2-1.0	advanced	editorial-band			octanove-c1c2-1.0,oewn-2025		validated
master-perpetuate-verb	perpetuate	verb	C1	source-backed	octanove-c1c2-1.0	advanced	editorial-band			octanove-c1c2-1.0,oewn-2025		validated
master-persecute-verb	persecute	verb	C1	source-backed	octanove-c1c2-1.0	advanced	editorial-band			octanove-c1c2-1.0,oewn-2025		validated
master-persecution-noun	persecution	noun	C1	source-backed	octanove-c1c2-1.0	advanced	editorial-band			octanove-c1c2-1.0,oewn-2025		validated
master-persuasively-adverb	persuasively	adverb	C1	source-backed	octanove-c1c2-1.0	advanced	editorial-band			octanove-c1c2-1.0,oewn-2025		validated
master-pertinent-adjective	pertinent	adjective	C1	source-backed	octanove-c1c2-1.0	advanced	editorial-band			octanove-c1c2-1.0,oewn-2025		validated
master-phenomenal-adjective	phenomenal	adjective	C1	source-backed	octanove-c1c2-1.0	advanced	editorial-band			nawl-1.2,octanove-c1c2-1.0,oewn-2025		validated
master-phenomenally-adverb	phenomenally	adverb	C1	source-backed	octanove-c1c2-1.0	advanced	editorial-band			octanove-c1c2-1.0,oewn-2025		validated
master-physicality-noun	physicality	noun	C1	source-backed	octanove-c1c2-1.0	advanced	editorial-band			octanove-c1c2-1.0,oewn-2025		validated
master-physique-noun	physique	noun	C1	source-backed	octanove-c1c2-1.0	advanced	editorial-band			octanove-c1c2-1.0,oewn-2025		validated
master-pigeon-noun	pigeon	noun	C1	source-backed	octanove-c1c2-1.0	advanced	editorial-band			octanove-c1c2-1.0,oewn-2025		validated
master-pinnacle-noun	pinnacle	noun	C1	source-backed	octanove-c1c2-1.0	advanced	editorial-band			octanove-c1c2-1.0,oewn-2025		validated
master-pioneer-noun	pioneer	noun	C1	source-backed	octanove-c1c2-1.0	common	source-backed-rank	ngsl-gr-1.0	3255	bsl-1.2,ngsl-gr-1.0,octanove-c1c2-1.0,oewn-2025		validated
master-pioneer-verb	pioneer	verb	C1	source-backed	octanove-c1c2-1.0	common	source-backed-rank	ngsl-gr-1.0	3255	bsl-1.2,ngsl-gr-1.0,octanove-c1c2-1.0,oewn-2025		validated
master-placid-adjective	placid	adjective	C1	source-backed	octanove-c1c2-1.0	advanced	editorial-band			octanove-c1c2-1.0,oewn-2025		validated
master-placidly-adverb	placidly	adverb	C1	source-backed	octanove-c1c2-1.0	advanced	editorial-band			octanove-c1c2-1.0,oewn-2025		validated
master-plague-verb	plague	verb	C1	source-backed	octanove-c1c2-1.0	less-common	source-backed-rank	ngsl-gr-1.0	4664	bsl-1.2,ngsl-gr-1.0,octanove-c1c2-1.0,oewn-2025		validated
master-plaque-noun	plaque	noun	C1	source-backed	octanove-c1c2-1.0	advanced	editorial-band			octanove-c1c2-1.0,oewn-2025		validated
master-plaster-noun	plaster	noun	C1	source-backed	octanove-c1c2-1.0	advanced	editorial-band			octanove-c1c2-1.0,oewn-2025		validated
master-plaster-verb	plaster	verb	C1	source-backed	octanove-c1c2-1.0	advanced	editorial-band			octanove-c1c2-1.0,oewn-2025		validated
master-plausibility-noun	plausibility	noun	C1	source-backed	octanove-c1c2-1.0	advanced	editorial-band			octanove-c1c2-1.0,oewn-2025		validated
master-plausible-adjective	plausible	adjective	C1	source-backed	octanove-c1c2-1.0	advanced	editorial-band			bsl-1.2,nawl-1.2,octanove-c1c2-1.0,oewn-2025		validated
master-plausibly-adverb	plausibly	adverb	C1	source-backed	octanove-c1c2-1.0	advanced	editorial-band			octanove-c1c2-1.0,oewn-2025		validated
master-pleasurable-adjective	pleasurable	adjective	C1	source-backed	octanove-c1c2-1.0	advanced	editorial-band			octanove-c1c2-1.0,oewn-2025		validated
master-ploy-noun	ploy	noun	C1	source-backed	octanove-c1c2-1.0	advanced	editorial-band			octanove-c1c2-1.0,oewn-2025		validated
master-plumbing-noun	plumbing	noun	C1	source-backed	octanove-c1c2-1.0	advanced	editorial-band			octanove-c1c2-1.0,oewn-2025		validated
master-plummet-verb	plummet	verb	C1	source-backed	octanove-c1c2-1.0	advanced	editorial-band			octanove-c1c2-1.0,oewn-2025		validated
master-plunge-noun	plunge	noun	C1	source-backed	octanove-c1c2-1.0	less-common	source-backed-rank	ngsl-gr-1.0	3769	bsl-1.2,ngsl-gr-1.0,octanove-c1c2-1.0,oewn-2025		validated
master-plunge-verb	plunge	verb	C1	source-backed	octanove-c1c2-1.0	less-common	source-backed-rank	ngsl-gr-1.0	3769	bsl-1.2,ngsl-gr-1.0,octanove-c1c2-1.0,oewn-2025		validated
master-poetess-noun	poetess	noun	C1	source-backed	octanove-c1c2-1.0	advanced	editorial-band			octanove-c1c2-1.0,oewn-2025		validated
master-poise-noun	poise	noun	C1	source-backed	octanove-c1c2-1.0	advanced	editorial-band			octanove-c1c2-1.0,oewn-2025		validated
master-popularization-noun	popularization	noun	C1	source-backed	octanove-c1c2-1.0	advanced	editorial-band			octanove-c1c2-1.0,oewn-2025		validated
master-portable-adjective	portable	adjective	C1	source-backed	octanove-c1c2-1.0	less-common	source-backed-rank	ngsl-gr-1.0	4673	bsl-1.2,ngsl-gr-1.0,octanove-c1c2-1.0,oewn-2025		validated
master-portable-noun	portable	noun	C1	source-backed	octanove-c1c2-1.0	less-common	source-backed-rank	ngsl-gr-1.0	4673	bsl-1.2,ngsl-gr-1.0,octanove-c1c2-1.0,oewn-2025		validated
master-portray-verb	portray	verb	C1	source-backed	octanove-c1c2-1.0	less-common	source-backed-rank	ngsl-gr-1.0	3594	bsl-1.2,nawl-1.2,ngsl-gr-1.0,octanove-c1c2-1.0,oewn-2025		validated
master-portrayal-noun	portrayal	noun	C1	source-backed	octanove-c1c2-1.0	advanced	editorial-band			nawl-1.2,octanove-c1c2-1.0,oewn-2025		validated
master-pose-verb	pose	verb	C1	source-backed	octanove-c1c2-1.0	common	source-backed-rank	ngsl-gr-1.0	2257	ngsl-gr-1.0,octanove-c1c2-1.0,oewn-2025		validated
master-possessor-noun	possessor	noun	C1	source-backed	octanove-c1c2-1.0	advanced	editorial-band			octanove-c1c2-1.0,oewn-2025		validated
master-posture-noun	posture	noun	C1	source-backed	octanove-c1c2-1.0	advanced	editorial-band			octanove-c1c2-1.0,oewn-2025		validated
master-pounce-verb	pounce	verb	C1	source-backed	octanove-c1c2-1.0	advanced	editorial-band			octanove-c1c2-1.0,oewn-2025		validated
v90	pragmatic	adjective	C1	editorial-estimate		less-common	source-backed-rank	ngsl-gr-1.0	4834	nawl-1.2,ngsl-gr-1.0,vocabulary-core-2026-08		validated
master-preach-verb	preach	verb	C1	source-backed	octanove-c1c2-1.0	less-common	source-backed-rank	ngsl-gr-1.0	4373	ngsl-gr-1.0,octanove-c1c2-1.0,oewn-2025		validated
master-preacher-noun	preacher	noun	C1	source-backed	octanove-c1c2-1.0	advanced	editorial-band			octanove-c1c2-1.0,oewn-2025		validated
master-precision-noun	precision	noun	C1	source-backed	octanove-c1c2-1.0	less-common	source-backed-rank	ngsl-gr-1.0	4632	bsl-1.2,ngsl-gr-1.0,octanove-c1c2-1.0,oewn-2025		validated
master-predecessor-noun	predecessor	noun	C1	source-backed	octanove-c1c2-1.0	less-common	source-backed-rank	ngsl-gr-1.0	4207	bsl-1.2,ngsl-gr-1.0,octanove-c1c2-1.0,oewn-2025		validated
master-premier-adjective	premier	adjective	C1	source-backed	octanove-c1c2-1.0	advanced	editorial-band			bsl-1.2,octanove-c1c2-1.0,oewn-2025		validated
master-premier-noun	premier	noun	C1	source-backed	octanove-c1c2-1.0	advanced	editorial-band			bsl-1.2,octanove-c1c2-1.0,oewn-2025		validated
master-premise-noun	premise	noun	C1	source-backed	octanove-c1c2-1.0	common	source-backed-rank	ngsl-gr-1.0	2023	ngsl-gr-1.0,octanove-c1c2-1.0,oewn-2025		validated
master-premises-noun	premises	noun	C1	source-backed	octanove-c1c2-1.0	advanced	editorial-band			octanove-c1c2-1.0,oewn-2025		validated
master-primitively-adverb	primitively	adverb	C1	source-backed	octanove-c1c2-1.0	advanced	editorial-band			octanove-c1c2-1.0,oewn-2025		validated
master-principally-adverb	principally	adverb	C1	source-backed	octanove-c1c2-1.0	advanced	editorial-band			octanove-c1c2-1.0,oewn-2025		validated
master-privileged-adjective	privileged	adjective	C1	source-backed	octanove-c1c2-1.0	advanced	editorial-band			octanove-c1c2-1.0,oewn-2025		validated
master-profess-verb	profess	verb	C1	source-backed	octanove-c1c2-1.0	advanced	editorial-band			octanove-c1c2-1.0,oewn-2025		validated
master-professionalism-noun	professionalism	noun	C1	source-backed	octanove-c1c2-1.0	advanced	editorial-band			octanove-c1c2-1.0,oewn-2025		validated
master-profound-adjective	profound	adjective	C1	source-backed	octanove-c1c2-1.0	less-common	source-backed-rank	ngsl-gr-1.0	3663	nawl-1.2,ngsl-gr-1.0,octanove-c1c2-1.0,oewn-2025		validated
master-profoundly-adverb	profoundly	adverb	C1	source-backed	octanove-c1c2-1.0	advanced	editorial-band			octanove-c1c2-1.0,oewn-2025		validated
master-prohibitive-adjective	prohibitive	adjective	C1	source-backed	octanove-c1c2-1.0	advanced	editorial-band			octanove-c1c2-1.0,oewn-2025		validated
master-prohibitively-adverb	prohibitively	adverb	C1	source-backed	octanove-c1c2-1.0	advanced	editorial-band			octanove-c1c2-1.0,oewn-2025		validated
master-proliferate-verb	proliferate	verb	C1	source-backed	octanove-c1c2-1.0	advanced	editorial-band			octanove-c1c2-1.0,oewn-2025		validated
master-prolific-adjective	prolific	adjective	C1	source-backed	octanove-c1c2-1.0	advanced	editorial-band			octanove-c1c2-1.0,oewn-2025		validated
master-prop-noun	prop	noun	C1	source-backed	octanove-c1c2-1.0	less-common	source-backed-rank	ngsl-gr-1.0	4144	bsl-1.2,ngsl-gr-1.0,octanove-c1c2-1.0,oewn-2025		validated
master-prop-verb	prop	verb	C1	source-backed	octanove-c1c2-1.0	less-common	source-backed-rank	ngsl-gr-1.0	4144	bsl-1.2,ngsl-gr-1.0,octanove-c1c2-1.0,oewn-2025		validated
master-prophet-noun	prophet	noun	C1	source-backed	octanove-c1c2-1.0	advanced	editorial-band			octanove-c1c2-1.0,oewn-2025		validated
master-prophetic-adjective	prophetic	adjective	C1	source-backed	octanove-c1c2-1.0	advanced	editorial-band			octanove-c1c2-1.0,oewn-2025		validated
master-prospective-adjective	prospective	adjective	C1	source-backed	octanove-c1c2-1.0	less-common	source-backed-rank	ngsl-gr-1.0	4196	bsl-1.2,ngsl-gr-1.0,octanove-c1c2-1.0,oewn-2025		validated
master-protagonist-noun	protagonist	noun	C1	source-backed	octanove-c1c2-1.0	advanced	editorial-band			octanove-c1c2-1.0,oewn-2025		validated
master-provisions-noun	provisions	noun	C1	source-backed	octanove-c1c2-1.0	advanced	editorial-band			octanove-c1c2-1.0,oewn-2025		validated
master-provocative-adjective	provocative	adjective	C1	source-backed	octanove-c1c2-1.0	advanced	editorial-band			octanove-c1c2-1.0,oewn-2025		validated
master-provocatively-adverb	provocatively	adverb	C1	source-backed	octanove-c1c2-1.0	advanced	editorial-band			octanove-c1c2-1.0,oewn-2025		validated
master-provoke-verb	provoke	verb	C1	source-backed	octanove-c1c2-1.0	less-common	source-backed-rank	ngsl-gr-1.0	3616	bsl-1.2,ngsl-gr-1.0,octanove-c1c2-1.0,oewn-2025		validated
master-prowl-verb	prowl	verb	C1	source-backed	octanove-c1c2-1.0	advanced	editorial-band			octanove-c1c2-1.0,oewn-2025		validated
master-psyche-noun	psyche	noun	C1	source-backed	octanove-c1c2-1.0	advanced	editorial-band			octanove-c1c2-1.0,oewn-2025		validated
master-psychiatric-adjective	psychiatric	adjective	C1	source-backed	octanove-c1c2-1.0	less-common	source-backed-rank	ngsl-gr-1.0	4931	nawl-1.2,ngsl-gr-1.0,octanove-c1c2-1.0,oewn-2025		validated
master-psychiatrist-noun	psychiatrist	noun	C1	source-backed	octanove-c1c2-1.0	advanced	editorial-band			octanove-c1c2-1.0,oewn-2025		validated
master-purity-noun	purity	noun	C1	source-backed	octanove-c1c2-1.0	advanced	editorial-band			octanove-c1c2-1.0,oewn-2025		validated
master-puzzle-verb	puzzle	verb	C1	source-backed	octanove-c1c2-1.0	common	source-backed-rank	ngsl-gr-1.0	3014	bsl-1.2,nawl-1.2,ngsl-gr-1.0,octanove-c1c2-1.0,oewn-2025		validated
master-quarry-noun	quarry	noun	C1	source-backed	octanove-c1c2-1.0	advanced	editorial-band			octanove-c1c2-1.0,oewn-2025		validated
master-query-verb	query	verb	C1	source-backed	octanove-c1c2-1.0	common	source-backed-rank	ngsl-gr-1.0	3393	bsl-1.2,ngsl-gr-1.0,octanove-c1c2-1.0,oewn-2025		validated
master-quest-noun	quest	noun	C1	source-backed	octanove-c1c2-1.0	less-common	source-backed-rank	ngsl-gr-1.0	4656	ngsl-gr-1.0,octanove-c1c2-1.0,oewn-2025		validated
master-quip-noun	quip	noun	C1	source-backed	octanove-c1c2-1.0	advanced	editorial-band			octanove-c1c2-1.0,oewn-2025		validated
master-quip-verb	quip	verb	C1	source-backed	octanove-c1c2-1.0	advanced	editorial-band			octanove-c1c2-1.0,oewn-2025		validated
master-quirk-noun	quirk	noun	C1	source-backed	octanove-c1c2-1.0	advanced	editorial-band			octanove-c1c2-1.0,oewn-2025		validated
master-quirky-adjective	quirky	adjective	C1	source-backed	octanove-c1c2-1.0	advanced	editorial-band			octanove-c1c2-1.0,oewn-2025		validated
master-radiator-noun	radiator	noun	C1	source-backed	octanove-c1c2-1.0	advanced	editorial-band			octanove-c1c2-1.0,oewn-2025		validated
master-rally-verb	rally	verb	C1	source-backed	octanove-c1c2-1.0	common	source-backed-rank	ngsl-gr-1.0	2988	bsl-1.2,ngsl-gr-1.0,octanove-c1c2-1.0,oewn-2025		validated
master-rapport-noun	rapport	noun	C1	source-backed	octanove-c1c2-1.0	advanced	editorial-band			octanove-c1c2-1.0,oewn-2025		validated
master-rarity-noun	rarity	noun	C1	source-backed	octanove-c1c2-1.0	advanced	editorial-band			octanove-c1c2-1.0,oewn-2025		validated
master-raunchy-adjective	raunchy	adjective	C1	source-backed	octanove-c1c2-1.0	advanced	editorial-band			octanove-c1c2-1.0,oewn-2025		validated
master-readable-adjective	readable	adjective	C1	source-backed	octanove-c1c2-1.0	advanced	editorial-band			octanove-c1c2-1.0,oewn-2025		validated
master-realism-noun	realism	noun	C1	source-backed	octanove-c1c2-1.0	advanced	editorial-band			nawl-1.2,octanove-c1c2-1.0,oewn-2025		validated
master-realist-noun	realist	noun	C1	source-backed	octanove-c1c2-1.0	advanced	editorial-band			octanove-c1c2-1.0,oewn-2025		validated
master-reap-verb	reap	verb	C1	source-backed	octanove-c1c2-1.0	advanced	editorial-band			bsl-1.2,octanove-c1c2-1.0,oewn-2025		validated
master-reassurance-noun	reassurance	noun	C1	source-backed	octanove-c1c2-1.0	advanced	editorial-band			octanove-c1c2-1.0,oewn-2025		validated
master-reassure-verb	reassure	verb	C1	source-backed	octanove-c1c2-1.0	less-common	source-backed-rank	ngsl-gr-1.0	3806	bsl-1.2,ngsl-gr-1.0,octanove-c1c2-1.0,oewn-2025		validated
master-recess-noun	recess	noun	C1	source-backed	octanove-c1c2-1.0	advanced	editorial-band			octanove-c1c2-1.0,oewn-2025		validated
master-recessive-adjective	recessive	adjective	C1	source-backed	octanove-c1c2-1.0	advanced	editorial-band			octanove-c1c2-1.0,oewn-2025		validated
master-recharge-verb	recharge	verb	C1	source-backed	octanove-c1c2-1.0	advanced	editorial-band			octanove-c1c2-1.0,oewn-2025		validated
master-rediscover-verb	rediscover	verb	C1	source-backed	octanove-c1c2-1.0	advanced	editorial-band			octanove-c1c2-1.0,oewn-2025		validated
master-reenact-verb	reenact	verb	C1	source-backed	octanove-c1c2-1.0	advanced	editorial-band			octanove-c1c2-1.0,oewn-2025		validated
master-refresh-verb	refresh	verb	C1	source-backed	octanove-c1c2-1.0	less-common	source-backed-rank	ngsl-gr-1.0	4410	ngsl-gr-1.0,octanove-c1c2-1.0,oewn-2025		validated
master-refreshing-adjective	refreshing	adjective	C1	source-backed	octanove-c1c2-1.0	advanced	editorial-band			octanove-c1c2-1.0,oewn-2025		validated
master-refreshingly-adverb	refreshingly	adverb	C1	source-backed	octanove-c1c2-1.0	advanced	editorial-band			octanove-c1c2-1.0,oewn-2025		validated
master-refurbish-verb	refurbish	verb	C1	source-backed	octanove-c1c2-1.0	advanced	editorial-band			octanove-c1c2-1.0,oewn-2025		validated
master-refurbishment-noun	refurbishment	noun	C1	source-backed	octanove-c1c2-1.0	advanced	editorial-band			octanove-c1c2-1.0,oewn-2025		validated
v116	register	noun	C1	editorial-estimate		common	source-backed-rank	ngsl-gr-1.0	1550	cefrj-1.5,ngsl-gr-1.0,oewn-2025,vocabulary-core-2026-08		validated
master-relapse-noun	relapse	noun	C1	source-backed	octanove-c1c2-1.0	advanced	editorial-band			octanove-c1c2-1.0,oewn-2025		validated
master-relapse-verb	relapse	verb	C1	source-backed	octanove-c1c2-1.0	advanced	editorial-band			octanove-c1c2-1.0,oewn-2025		validated
master-relinquish-verb	relinquish	verb	C1	source-backed	octanove-c1c2-1.0	advanced	editorial-band			octanove-c1c2-1.0,oewn-2025		validated
master-reluctantly-adverb	reluctantly	adverb	C1	source-backed	octanove-c1c2-1.0	advanced	editorial-band			octanove-c1c2-1.0,oewn-2025		validated
master-remedial-adjective	remedial	adjective	C1	source-backed	octanove-c1c2-1.0	advanced	editorial-band			octanove-c1c2-1.0,oewn-2025		validated
master-reminisce-verb	reminisce	verb	C1	source-backed	octanove-c1c2-1.0	advanced	editorial-band			octanove-c1c2-1.0,oewn-2025		validated
master-reminiscent-adjective	reminiscent	adjective	C1	source-backed	octanove-c1c2-1.0	advanced	editorial-band			octanove-c1c2-1.0,oewn-2025		validated
master-remorse-noun	remorse	noun	C1	source-backed	octanove-c1c2-1.0	advanced	editorial-band			octanove-c1c2-1.0,oewn-2025		validated
master-remorsefully-adverb	remorsefully	adverb	C1	source-backed	octanove-c1c2-1.0	advanced	editorial-band			octanove-c1c2-1.0,oewn-2025		validated
master-remorseless-adjective	remorseless	adjective	C1	source-backed	octanove-c1c2-1.0	advanced	editorial-band			octanove-c1c2-1.0,oewn-2025		validated
master-remorselessly-adverb	remorselessly	adverb	C1	source-backed	octanove-c1c2-1.0	advanced	editorial-band			octanove-c1c2-1.0,oewn-2025		validated
master-remotely-adverb	remotely	adverb	C1	source-backed	octanove-c1c2-1.0	advanced	editorial-band			octanove-c1c2-1.0,oewn-2025		validated
master-removed-adjective	removed	adjective	C1	source-backed	octanove-c1c2-1.0	advanced	editorial-band			octanove-c1c2-1.0,oewn-2025		validated
master-render-verb	render	verb	C1	source-backed	octanove-c1c2-1.0	common	source-backed-rank	ngsl-gr-1.0	3009	bsl-1.2,nawl-1.2,ngsl-gr-1.0,octanove-c1c2-1.0,oewn-2025		validated
master-rendering-noun	rendering	noun	C1	source-backed	octanove-c1c2-1.0	advanced	editorial-band			octanove-c1c2-1.0,oewn-2025		validated
master-renown-noun	renown	noun	C1	source-backed	octanove-c1c2-1.0	advanced	editorial-band			octanove-c1c2-1.0,oewn-2025		validated
master-repel-verb	repel	verb	C1	source-backed	octanove-c1c2-1.0	advanced	editorial-band			octanove-c1c2-1.0,oewn-2025		validated
master-repellant-adjective	repellant	adjective	C1	source-backed	octanove-c1c2-1.0	advanced	editorial-band			octanove-c1c2-1.0,oewn-2025		validated
master-repellant-noun	repellant	noun	C1	source-backed	octanove-c1c2-1.0	advanced	editorial-band			octanove-c1c2-1.0,oewn-2025		validated
master-repertory-noun	repertory	noun	C1	source-backed	octanove-c1c2-1.0	advanced	editorial-band			octanove-c1c2-1.0,oewn-2025		validated
master-repute-verb	repute	verb	C1	source-backed	octanove-c1c2-1.0	advanced	editorial-band			octanove-c1c2-1.0,oewn-2025		validated
master-resent-verb	resent	verb	C1	source-backed	octanove-c1c2-1.0	advanced	editorial-band			octanove-c1c2-1.0,oewn-2025		validated
master-resilience-noun	resilience	noun	C1	source-backed	octanove-c1c2-1.0	advanced	editorial-band			octanove-c1c2-1.0,oewn-2025		validated
master-resilient-adjective	resilient	adjective	C1	source-backed	octanove-c1c2-1.0	advanced	editorial-band			octanove-c1c2-1.0,oewn-2025		validated
master-resin-noun	resin	noun	C1	source-backed	octanove-c1c2-1.0	advanced	editorial-band			octanove-c1c2-1.0,oewn-2025		validated
master-resonate-verb	resonate	verb	C1	source-backed	octanove-c1c2-1.0	advanced	editorial-band			octanove-c1c2-1.0,oewn-2025		validated
master-resort-verb	resort	verb	C1	source-backed	octanove-c1c2-1.0	common	source-backed-rank	ngsl-gr-1.0	2308	ngsl-gr-1.0,octanove-c1c2-1.0,oewn-2025		validated
master-respite-noun	respite	noun	C1	source-backed	octanove-c1c2-1.0	advanced	editorial-band			octanove-c1c2-1.0,oewn-2025		validated
master-restoration-noun	restoration	noun	C1	source-backed	octanove-c1c2-1.0	less-common	source-backed-rank	ngsl-gr-1.0	4384	ngsl-gr-1.0,octanove-c1c2-1.0,oewn-2025		validated
master-restorative-adjective	restorative	adjective	C1	source-backed	octanove-c1c2-1.0	advanced	editorial-band			octanove-c1c2-1.0,oewn-2025		validated
master-retention-noun	retention	noun	C1	source-backed	octanove-c1c2-1.0	advanced	editorial-band			bsl-1.2,octanove-c1c2-1.0,oewn-2025		validated
master-retrace-verb	retrace	verb	C1	source-backed	octanove-c1c2-1.0	advanced	editorial-band			octanove-c1c2-1.0,oewn-2025		validated
master-revealing-adjective	revealing	adjective	C1	source-backed	octanove-c1c2-1.0	advanced	editorial-band			octanove-c1c2-1.0,oewn-2025		validated
master-revere-verb	revere	verb	C1	source-backed	octanove-c1c2-1.0	advanced	editorial-band			octanove-c1c2-1.0,oewn-2025		validated
v117	rhetorical	adjective	C1	editorial-estimate		advanced	editorial-band			octanove-c1c2-1.0,oewn-2025,vocabulary-core-2026-08		validated
master-riveting-adjective	riveting	adjective	C1	source-backed	octanove-c1c2-1.0	advanced	editorial-band			octanove-c1c2-1.0,oewn-2025		validated
master-robust-adjective	robust	adjective	C1	source-backed	octanove-c1c2-1.0	less-common	source-backed-rank	ngsl-gr-1.0	4616	bsl-1.2,ngsl-gr-1.0,octanove-c1c2-1.0,oewn-2025		validated
master-robustly-adverb	robustly	adverb	C1	source-backed	octanove-c1c2-1.0	advanced	editorial-band			octanove-c1c2-1.0,oewn-2025		validated
master-rotate-verb	rotate	verb	C1	source-backed	octanove-c1c2-1.0	less-common	source-backed-rank	ngsl-gr-1.0	4879	nawl-1.2,ngsl-gr-1.0,octanove-c1c2-1.0,oewn-2025		validated
master-roundup-noun	roundup	noun	C1	source-backed	octanove-c1c2-1.0	advanced	editorial-band			octanove-c1c2-1.0,oewn-2025		validated
master-rudimentary-adjective	rudimentary	adjective	C1	source-backed	octanove-c1c2-1.0	advanced	editorial-band			octanove-c1c2-1.0,oewn-2025		validated
master-rudiments-noun	rudiments	noun	C1	source-backed	octanove-c1c2-1.0	advanced	editorial-band			octanove-c1c2-1.0,oewn-2025		validated
master-rumble-noun	rumble	noun	C1	source-backed	octanove-c1c2-1.0	advanced	editorial-band			octanove-c1c2-1.0,oewn-2025		validated
master-rumble-verb	rumble	verb	C1	source-backed	octanove-c1c2-1.0	advanced	editorial-band			octanove-c1c2-1.0,oewn-2025		validated
master-rustle-noun	rustle	noun	C1	source-backed	octanove-c1c2-1.0	advanced	editorial-band			octanove-c1c2-1.0,oewn-2025		validated
master-rustle-verb	rustle	verb	C1	source-backed	octanove-c1c2-1.0	advanced	editorial-band			octanove-c1c2-1.0,oewn-2025		validated
master-ruthless-adjective	ruthless	adjective	C1	source-backed	octanove-c1c2-1.0	advanced	editorial-band			octanove-c1c2-1.0,oewn-2025		validated
master-ruthlessness-noun	ruthlessness	noun	C1	source-backed	octanove-c1c2-1.0	advanced	editorial-band			octanove-c1c2-1.0,oewn-2025		validated
master-sacrifice-noun	sacrifice	noun	C1	source-backed	octanove-c1c2-1.0	common	source-backed-rank	ngsl-gr-1.0	2950	bsl-1.2,ngsl-gr-1.0,octanove-c1c2-1.0,oewn-2025		validated
master-sacrifice-verb	sacrifice	verb	C1	source-backed	octanove-c1c2-1.0	common	source-backed-rank	ngsl-gr-1.0	2950	bsl-1.2,ngsl-gr-1.0,octanove-c1c2-1.0,oewn-2025		validated
master-salivate-verb	salivate	verb	C1	source-backed	octanove-c1c2-1.0	advanced	editorial-band			octanove-c1c2-1.0,oewn-2025		validated
master-saloon-noun	saloon	noun	C1	source-backed	octanove-c1c2-1.0	advanced	editorial-band			octanove-c1c2-1.0,oewn-2025		validated
master-salvage-verb	salvage	verb	C1	source-backed	octanove-c1c2-1.0	advanced	editorial-band			bsl-1.2,octanove-c1c2-1.0,oewn-2025		validated
master-salvation-noun	salvation	noun	C1	source-backed	octanove-c1c2-1.0	advanced	editorial-band			octanove-c1c2-1.0,oewn-2025		validated
master-salve-noun	salve	noun	C1	source-backed	octanove-c1c2-1.0	advanced	editorial-band			octanove-c1c2-1.0,oewn-2025		validated
master-sanctity-noun	sanctity	noun	C1	source-backed	octanove-c1c2-1.0	advanced	editorial-band			octanove-c1c2-1.0,oewn-2025		validated
master-sap-noun	sap	noun	C1	source-backed	octanove-c1c2-1.0	advanced	editorial-band			octanove-c1c2-1.0,oewn-2025		validated
master-sarcasm-noun	sarcasm	noun	C1	source-backed	octanove-c1c2-1.0	advanced	editorial-band			octanove-c1c2-1.0,oewn-2025		validated
master-sarcastic-adjective	sarcastic	adjective	C1	source-backed	octanove-c1c2-1.0	advanced	editorial-band			octanove-c1c2-1.0,oewn-2025		validated
master-sarcastically-adverb	sarcastically	adverb	C1	source-backed	octanove-c1c2-1.0	advanced	editorial-band			octanove-c1c2-1.0,oewn-2025		validated
master-sauna-noun	sauna	noun	C1	source-backed	octanove-c1c2-1.0	advanced	editorial-band			octanove-c1c2-1.0,oewn-2025		validated
master-scathing-adjective	scathing	adjective	C1	source-backed	octanove-c1c2-1.0	advanced	editorial-band			octanove-c1c2-1.0,oewn-2025		validated
master-scenario-noun	scenario	noun	C1	source-backed	octanove-c1c2-1.0	common	source-backed-rank	ngsl-gr-1.0	2997	bsl-1.2,nawl-1.2,ngsl-gr-1.0,octanove-c1c2-1.0,oewn-2025		validated
master-scoff-verb	scoff	verb	C1	source-backed	octanove-c1c2-1.0	advanced	editorial-band			octanove-c1c2-1.0,oewn-2025		validated
master-scorn-noun	scorn	noun	C1	source-backed	octanove-c1c2-1.0	advanced	editorial-band			octanove-c1c2-1.0,oewn-2025		validated
master-scornful-adjective	scornful	adjective	C1	source-backed	octanove-c1c2-1.0	advanced	editorial-band			octanove-c1c2-1.0,oewn-2025		validated
master-scornfully-adverb	scornfully	adverb	C1	source-backed	octanove-c1c2-1.0	advanced	editorial-band			octanove-c1c2-1.0,oewn-2025		validated
master-scramble-noun	scramble	noun	C1	source-backed	octanove-c1c2-1.0	less-common	source-backed-rank	ngsl-gr-1.0	4341	ngsl-gr-1.0,octanove-c1c2-1.0,oewn-2025		validated
master-screenplay-noun	screenplay	noun	C1	source-backed	octanove-c1c2-1.0	advanced	editorial-band			octanove-c1c2-1.0,oewn-2025		validated
master-screenwriter-noun	screenwriter	noun	C1	source-backed	octanove-c1c2-1.0	advanced	editorial-band			octanove-c1c2-1.0,oewn-2025		validated
master-scrutiny-noun	scrutiny	noun	C1	source-backed	octanove-c1c2-1.0	less-common	source-backed-rank	ngsl-gr-1.0	4591	bsl-1.2,ngsl-gr-1.0,octanove-c1c2-1.0,oewn-2025		validated
master-sedate-adjective	sedate	adjective	C1	source-backed	octanove-c1c2-1.0	advanced	editorial-band			octanove-c1c2-1.0,oewn-2025		validated
master-sedate-verb	sedate	verb	C1	source-backed	octanove-c1c2-1.0	advanced	editorial-band			octanove-c1c2-1.0,oewn-2025		validated
master-sedately-adverb	sedately	adverb	C1	source-backed	octanove-c1c2-1.0	advanced	editorial-band			octanove-c1c2-1.0,oewn-2025		validated
master-sedentary-adjective	sedentary	adjective	C1	source-backed	octanove-c1c2-1.0	advanced	editorial-band			octanove-c1c2-1.0,oewn-2025		validated
master-seedling-noun	seedling	noun	C1	source-backed	octanove-c1c2-1.0	advanced	editorial-band			octanove-c1c2-1.0,oewn-2025		validated
master-self-conscious-adjective	self-conscious	adjective	C1	source-backed	octanove-c1c2-1.0	advanced	editorial-band			octanove-c1c2-1.0,oewn-2025		validated
master-self-worth-noun	self-worth	noun	C1	source-backed	octanove-c1c2-1.0	advanced	editorial-band			octanove-c1c2-1.0,oewn-2025		validated
master-sentient-adjective	sentient	adjective	C1	source-backed	octanove-c1c2-1.0	advanced	editorial-band			octanove-c1c2-1.0,oewn-2025		validated
master-sentiment-noun	sentiment	noun	C1	source-backed	octanove-c1c2-1.0	less-common	source-backed-rank	ngsl-gr-1.0	3899	bsl-1.2,ngsl-gr-1.0,octanove-c1c2-1.0,oewn-2025		validated
master-sentimental-adjective	sentimental	adjective	C1	source-backed	octanove-c1c2-1.0	advanced	editorial-band			octanove-c1c2-1.0,oewn-2025		validated
master-sentimentally-adverb	sentimentally	adverb	C1	source-backed	octanove-c1c2-1.0	advanced	editorial-band			octanove-c1c2-1.0,oewn-2025		validated
master-sequel-noun	sequel	noun	C1	source-backed	octanove-c1c2-1.0	advanced	editorial-band			octanove-c1c2-1.0,oewn-2025		validated
master-settee-noun	settee	noun	C1	source-backed	octanove-c1c2-1.0	advanced	editorial-band			octanove-c1c2-1.0,oewn-2025		validated
master-shambles-noun	shambles	noun	C1	source-backed	octanove-c1c2-1.0	advanced	editorial-band			octanove-c1c2-1.0,oewn-2025		validated
master-shed-verb	shed	verb	C1	source-backed	octanove-c1c2-1.0	common	source-backed-rank	ngsl-gr-1.0	2968	bsl-1.2,ngsl-gr-1.0,octanove-c1c2-1.0,oewn-2025		validated
master-shortlist-noun	shortlist	noun	C1	source-backed	octanove-c1c2-1.0	advanced	editorial-band			octanove-c1c2-1.0,oewn-2025		validated
master-shortlist-verb	shortlist	verb	C1	source-backed	octanove-c1c2-1.0	advanced	editorial-band			octanove-c1c2-1.0,oewn-2025		validated
master-showy-adjective	showy	adjective	C1	source-backed	octanove-c1c2-1.0	advanced	editorial-band			octanove-c1c2-1.0,oewn-2025		validated
master-signal-verb	signal	verb	C1	source-backed	octanove-c1c2-1.0	common	source-backed-rank	ngsl-gr-1.0	1552	ngsl-gr-1.0,octanove-c1c2-1.0,oewn-2025		validated
master-silhouette-noun	silhouette	noun	C1	source-backed	octanove-c1c2-1.0	advanced	editorial-band			octanove-c1c2-1.0,oewn-2025		validated
master-simplicity-noun	simplicity	noun	C1	source-backed	octanove-c1c2-1.0	less-common	source-backed-rank	ngsl-gr-1.0	4944	bsl-1.2,ngsl-gr-1.0,octanove-c1c2-1.0,oewn-2025		validated
master-sketch-noun	sketch	noun	C1	source-backed	octanove-c1c2-1.0	less-common	source-backed-rank	ngsl-gr-1.0	3662	nawl-1.2,ngsl-gr-1.0,octanove-c1c2-1.0,oewn-2025		validated
master-sketchbook-noun	sketchbook	noun	C1	source-backed	octanove-c1c2-1.0	advanced	editorial-band			octanove-c1c2-1.0,oewn-2025		validated
master-slack-adjective	slack	adjective	C1	source-backed	octanove-c1c2-1.0	advanced	editorial-band			bsl-1.2,octanove-c1c2-1.0,oewn-2025		validated
master-slack-noun	slack	noun	C1	source-backed	octanove-c1c2-1.0	advanced	editorial-band			bsl-1.2,octanove-c1c2-1.0,oewn-2025		validated
master-slack-verb	slack	verb	C1	source-backed	octanove-c1c2-1.0	advanced	editorial-band			bsl-1.2,octanove-c1c2-1.0,oewn-2025		validated
master-slackly-adverb	slackly	adverb	C1	source-backed	octanove-c1c2-1.0	advanced	editorial-band			octanove-c1c2-1.0,oewn-2025		validated
master-slob-noun	slob	noun	C1	source-backed	octanove-c1c2-1.0	advanced	editorial-band			octanove-c1c2-1.0,oewn-2025		validated
master-smug-adjective	smug	adjective	C1	source-backed	octanove-c1c2-1.0	advanced	editorial-band			octanove-c1c2-1.0,oewn-2025		validated
master-smugly-adverb	smugly	adverb	C1	source-backed	octanove-c1c2-1.0	advanced	editorial-band			octanove-c1c2-1.0,oewn-2025		validated
master-snail-noun	snail	noun	C1	source-backed	octanove-c1c2-1.0	advanced	editorial-band			octanove-c1c2-1.0,oewn-2025		validated
master-snooze-verb	snooze	verb	C1	source-backed	octanove-c1c2-1.0	advanced	editorial-band			octanove-c1c2-1.0,oewn-2025		validated
master-socialization-noun	socialization	noun	C1	source-backed	octanove-c1c2-1.0	advanced	editorial-band			octanove-c1c2-1.0,oewn-2025		validated
master-somersault-noun	somersault	noun	C1	source-backed	octanove-c1c2-1.0	advanced	editorial-band			octanove-c1c2-1.0,oewn-2025		validated
master-somersault-verb	somersault	verb	C1	source-backed	octanove-c1c2-1.0	advanced	editorial-band			octanove-c1c2-1.0,oewn-2025		validated
master-spacious-adjective	spacious	adjective	C1	source-backed	octanove-c1c2-1.0	advanced	editorial-band			octanove-c1c2-1.0,oewn-2025		validated
master-spartan-adjective	spartan	adjective	C1	source-backed	octanove-c1c2-1.0	advanced	editorial-band			octanove-c1c2-1.0,oewn-2025		validated
master-specification-noun	specification	noun	C1	source-backed	octanove-c1c2-1.0	less-common	source-backed-rank	ngsl-gr-1.0	3642	bsl-1.2,nawl-1.2,ngsl-gr-1.0,octanove-c1c2-1.0,oewn-2025		validated
master-specimen-noun	specimen	noun	C1	source-backed	octanove-c1c2-1.0	less-common	source-backed-rank	ngsl-gr-1.0	4051	nawl-1.2,ngsl-gr-1.0,octanove-c1c2-1.0,oewn-2025		validated
master-speculate-verb	speculate	verb	C1	source-backed	octanove-c1c2-1.0	less-common	source-backed-rank	ngsl-gr-1.0	4370	bsl-1.2,ngsl-gr-1.0,octanove-c1c2-1.0,oewn-2025		validated
master-speculation-noun	speculation	noun	C1	source-backed	octanove-c1c2-1.0	less-common	source-backed-rank	ngsl-gr-1.0	3733	bsl-1.2,ngsl-gr-1.0,octanove-c1c2-1.0,oewn-2025		validated
master-speculative-adjective	speculative	adjective	C1	source-backed	octanove-c1c2-1.0	advanced	editorial-band			bsl-1.2,octanove-c1c2-1.0,oewn-2025		validated
master-splatter-verb	splatter	verb	C1	source-backed	octanove-c1c2-1.0	advanced	editorial-band			octanove-c1c2-1.0,oewn-2025		validated
master-sponsorship-noun	sponsorship	noun	C1	source-backed	octanove-c1c2-1.0	advanced	editorial-band			bsl-1.2,nawl-1.2,octanove-c1c2-1.0,oewn-2025		validated
master-spontaneous-adjective	spontaneous	adjective	C1	source-backed	octanove-c1c2-1.0	less-common	source-backed-rank	ngsl-gr-1.0	4661	nawl-1.2,ngsl-gr-1.0,octanove-c1c2-1.0,oewn-2025		validated
master-spontaneously-adverb	spontaneously	adverb	C1	source-backed	octanove-c1c2-1.0	advanced	editorial-band			octanove-c1c2-1.0,oewn-2025		validated
master-sprawl-noun	sprawl	noun	C1	source-backed	octanove-c1c2-1.0	advanced	editorial-band			octanove-c1c2-1.0,oewn-2025		validated
master-sprawl-verb	sprawl	verb	C1	source-backed	octanove-c1c2-1.0	advanced	editorial-band			octanove-c1c2-1.0,oewn-2025		validated
master-sprout-noun	sprout	noun	C1	source-backed	octanove-c1c2-1.0	advanced	editorial-band			octanove-c1c2-1.0,oewn-2025		validated
master-sprout-verb	sprout	verb	C1	source-backed	octanove-c1c2-1.0	advanced	editorial-band			octanove-c1c2-1.0,oewn-2025		validated
master-squander-verb	squander	verb	C1	source-backed	octanove-c1c2-1.0	advanced	editorial-band			octanove-c1c2-1.0,oewn-2025		validated
master-staccato-adjective	staccato	adjective	C1	source-backed	octanove-c1c2-1.0	advanced	editorial-band			octanove-c1c2-1.0,oewn-2025		validated
master-staccato-adverb	staccato	adverb	C1	source-backed	octanove-c1c2-1.0	advanced	editorial-band			octanove-c1c2-1.0,oewn-2025		validated
master-stagger-verb	stagger	verb	C1	source-backed	octanove-c1c2-1.0	less-common	source-backed-rank	ngsl-gr-1.0	4597	ngsl-gr-1.0,octanove-c1c2-1.0,oewn-2025		validated
master-staggering-adjective	staggering	adjective	C1	source-backed	octanove-c1c2-1.0	advanced	editorial-band			octanove-c1c2-1.0,oewn-2025		validated
master-stamina-noun	stamina	noun	C1	source-backed	octanove-c1c2-1.0	advanced	editorial-band			octanove-c1c2-1.0,oewn-2025		validated
master-staple-noun	staple	noun	C1	source-backed	octanove-c1c2-1.0	advanced	editorial-band			octanove-c1c2-1.0,oewn-2025		validated
master-startling-adjective	startling	adjective	C1	source-backed	octanove-c1c2-1.0	advanced	editorial-band			octanove-c1c2-1.0,oewn-2025		validated
master-startlingly-adverb	startlingly	adverb	C1	source-backed	octanove-c1c2-1.0	advanced	editorial-band			octanove-c1c2-1.0,oewn-2025		validated
master-stately-adjective	stately	adjective	C1	source-backed	octanove-c1c2-1.0	advanced	editorial-band			octanove-c1c2-1.0,oewn-2025		validated
master-stiffen-verb	stiffen	verb	C1	source-backed	octanove-c1c2-1.0	advanced	editorial-band			octanove-c1c2-1.0,oewn-2025		validated
master-stoke-verb	stoke	verb	C1	source-backed	octanove-c1c2-1.0	advanced	editorial-band			octanove-c1c2-1.0,oewn-2025		validated
master-strap-noun	strap	noun	C1	source-backed	octanove-c1c2-1.0	less-common	source-backed-rank	ngsl-gr-1.0	4530	ngsl-gr-1.0,octanove-c1c2-1.0,oewn-2025		validated
master-strap-verb	strap	verb	C1	source-backed	octanove-c1c2-1.0	less-common	source-backed-rank	ngsl-gr-1.0	4530	ngsl-gr-1.0,octanove-c1c2-1.0,oewn-2025		validated
master-strapping-adjective	strapping	adjective	C1	source-backed	octanove-c1c2-1.0	advanced	editorial-band			octanove-c1c2-1.0,oewn-2025		validated
master-stray-adjective	stray	adjective	C1	source-backed	octanove-c1c2-1.0	advanced	editorial-band			octanove-c1c2-1.0,oewn-2025		validated
master-stray-noun	stray	noun	C1	source-backed	octanove-c1c2-1.0	advanced	editorial-band			octanove-c1c2-1.0,oewn-2025		validated
master-stray-verb	stray	verb	C1	source-backed	octanove-c1c2-1.0	advanced	editorial-band			octanove-c1c2-1.0,oewn-2025		validated
master-stretching-noun	stretching	noun	C1	source-backed	octanove-c1c2-1.0	advanced	editorial-band			octanove-c1c2-1.0,oewn-2025		validated
master-structural-adjective	structural	adjective	C1	source-backed	octanove-c1c2-1.0	common	source-backed-rank	ngsl-gr-1.0	2813	ngsl-gr-1.0,octanove-c1c2-1.0,oewn-2025		validated
master-structurally-adverb	structurally	adverb	C1	source-backed	octanove-c1c2-1.0	advanced	editorial-band			octanove-c1c2-1.0,oewn-2025		validated
master-stuffily-adverb	stuffily	adverb	C1	source-backed	octanove-c1c2-1.0	advanced	editorial-band			octanove-c1c2-1.0,oewn-2025		validated
master-stuffiness-noun	stuffiness	noun	C1	source-backed	octanove-c1c2-1.0	advanced	editorial-band			octanove-c1c2-1.0,oewn-2025		validated
master-stuffy-adjective	stuffy	adjective	C1	source-backed	octanove-c1c2-1.0	advanced	editorial-band			octanove-c1c2-1.0,oewn-2025		validated
master-stylistic-adjective	stylistic	adjective	C1	source-backed	octanove-c1c2-1.0	advanced	editorial-band			octanove-c1c2-1.0,oewn-2025		validated
master-stylistically-adverb	stylistically	adverb	C1	source-backed	octanove-c1c2-1.0	advanced	editorial-band			octanove-c1c2-1.0,oewn-2025		validated
master-subordinate-noun	subordinate	noun	C1	source-backed	octanove-c1c2-1.0	less-common	source-backed-rank	ngsl-gr-1.0	4933	bsl-1.2,ngsl-gr-1.0,octanove-c1c2-1.0,oewn-2025		validated
master-substantially-adverb	substantially	adverb	C1	source-backed	octanove-c1c2-1.0	less-common	source-backed-rank	ngsl-gr-1.0	3668	bsl-1.2,ngsl-gr-1.0,octanove-c1c2-1.0,oewn-2025		validated
v29	subtle	adjective	C1	editorial-estimate		common	source-backed-rank	ngsl-gr-1.0	3424	bsl-1.2,cefrj-1.5,nawl-1.2,ngsl-gr-1.0,oewn-2025,vocabulary-core-2026-08		validated
master-subtly-adverb	subtly	adverb	C1	source-backed	octanove-c1c2-1.0	advanced	editorial-band			octanove-c1c2-1.0,oewn-2025		validated
master-suburban-adjective	suburban	adjective	C1	source-backed	octanove-c1c2-1.0	less-common	source-backed-rank	ngsl-gr-1.0	4613	ngsl-gr-1.0,octanove-c1c2-1.0,oewn-2025		validated
master-suburbia-noun	suburbia	noun	C1	source-backed	octanove-c1c2-1.0	advanced	editorial-band			octanove-c1c2-1.0,oewn-2025		validated
master-succession-noun	succession	noun	C1	source-backed	octanove-c1c2-1.0	less-common	source-backed-rank	ngsl-gr-1.0	4297	bsl-1.2,ngsl-gr-1.0,octanove-c1c2-1.0,oewn-2025		validated
master-succulent-adjective	succulent	adjective	C1	source-backed	octanove-c1c2-1.0	advanced	editorial-band			octanove-c1c2-1.0,oewn-2025		validated
master-succulent-noun	succulent	noun	C1	source-backed	octanove-c1c2-1.0	advanced	editorial-band			octanove-c1c2-1.0,oewn-2025		validated
master-suds-noun	suds	noun	C1	source-backed	octanove-c1c2-1.0	advanced	editorial-band			octanove-c1c2-1.0,oewn-2025		validated
master-suffice-verb	suffice	verb	C1	source-backed	octanove-c1c2-1.0	advanced	editorial-band			octanove-c1c2-1.0,oewn-2025		validated
master-suitor-noun	suitor	noun	C1	source-backed	octanove-c1c2-1.0	advanced	editorial-band			octanove-c1c2-1.0,oewn-2025		validated
master-superficial-adjective	superficial	adjective	C1	source-backed	octanove-c1c2-1.0	advanced	editorial-band			octanove-c1c2-1.0,oewn-2025		validated
master-superficially-adverb	superficially	adverb	C1	source-backed	octanove-c1c2-1.0	advanced	editorial-band			octanove-c1c2-1.0,oewn-2025		validated
master-supple-adjective	supple	adjective	C1	source-backed	octanove-c1c2-1.0	advanced	editorial-band			octanove-c1c2-1.0,oewn-2025		validated
master-suspension-noun	suspension	noun	C1	source-backed	octanove-c1c2-1.0	less-common	source-backed-rank	ngsl-gr-1.0	3848	ngsl-gr-1.0,octanove-c1c2-1.0,oewn-2025		validated
master-sustainable-adjective	sustainable	adjective	C1	source-backed	octanove-c1c2-1.0	less-common	source-backed-rank	ngsl-gr-1.0	4211	bsl-1.2,nawl-1.2,ngsl-gr-1.0,octanove-c1c2-1.0,oewn-2025		validated
master-swap-noun	swap	noun	C1	source-backed	octanove-c1c2-1.0	less-common	source-backed-rank	ngsl-gr-1.0	4378	bsl-1.2,nawl-1.2,ngsl-gr-1.0,octanove-c1c2-1.0,oewn-2025		validated
master-swap-verb	swap	verb	C1	source-backed	octanove-c1c2-1.0	less-common	source-backed-rank	ngsl-gr-1.0	4378	bsl-1.2,nawl-1.2,ngsl-gr-1.0,octanove-c1c2-1.0,oewn-2025		validated
master-symptomatic-adjective	symptomatic	adjective	C1	source-backed	octanove-c1c2-1.0	advanced	editorial-band			octanove-c1c2-1.0,oewn-2025		validated
master-synopsis-noun	synopsis	noun	C1	source-backed	octanove-c1c2-1.0	advanced	editorial-band			octanove-c1c2-1.0,oewn-2025		validated
master-synthetic-adjective	synthetic	adjective	C1	source-backed	octanove-c1c2-1.0	advanced	editorial-band			bsl-1.2,nawl-1.2,octanove-c1c2-1.0,oewn-2025		validated
master-synthetically-adverb	synthetically	adverb	C1	source-backed	octanove-c1c2-1.0	advanced	editorial-band			octanove-c1c2-1.0,oewn-2025		validated
master-tact-noun	tact	noun	C1	source-backed	octanove-c1c2-1.0	advanced	editorial-band			octanove-c1c2-1.0,oewn-2025		validated
master-tactful-adjective	tactful	adjective	C1	source-backed	octanove-c1c2-1.0	advanced	editorial-band			octanove-c1c2-1.0,oewn-2025		validated
master-tactfully-adverb	tactfully	adverb	C1	source-backed	octanove-c1c2-1.0	advanced	editorial-band			octanove-c1c2-1.0,oewn-2025		validated
master-tailor-noun	tailor	noun	C1	source-backed	octanove-c1c2-1.0	less-common	source-backed-rank	ngsl-gr-1.0	4552	bsl-1.2,ngsl-gr-1.0,octanove-c1c2-1.0,oewn-2025		validated
master-tailor-verb	tailor	verb	C1	source-backed	octanove-c1c2-1.0	less-common	source-backed-rank	ngsl-gr-1.0	4552	bsl-1.2,ngsl-gr-1.0,octanove-c1c2-1.0,oewn-2025		validated
master-tangle-noun	tangle	noun	C1	source-backed	octanove-c1c2-1.0	advanced	editorial-band			octanove-c1c2-1.0,oewn-2025		validated
master-tangle-verb	tangle	verb	C1	source-backed	octanove-c1c2-1.0	advanced	editorial-band			octanove-c1c2-1.0,oewn-2025		validated
master-tangled-adjective	tangled	adjective	C1	source-backed	octanove-c1c2-1.0	advanced	editorial-band			octanove-c1c2-1.0,oewn-2025		validated
master-tantamount-adjective	tantamount	adjective	C1	source-backed	octanove-c1c2-1.0	advanced	editorial-band			octanove-c1c2-1.0,oewn-2025		validated
master-tantrum-noun	tantrum	noun	C1	source-backed	octanove-c1c2-1.0	advanced	editorial-band			octanove-c1c2-1.0,oewn-2025		validated
master-tastebud-noun	tastebud	noun	C1	source-backed	octanove-c1c2-1.0	advanced	editorial-band			octanove-c1c2-1.0,oewn-2025		validated
master-taut-adjective	taut	adjective	C1	source-backed	octanove-c1c2-1.0	advanced	editorial-band			octanove-c1c2-1.0,oewn-2025		validated
master-tautly-adverb	tautly	adverb	C1	source-backed	octanove-c1c2-1.0	advanced	editorial-band			octanove-c1c2-1.0,oewn-2025		validated
master-tedious-adjective	tedious	adjective	C1	source-backed	octanove-c1c2-1.0	advanced	editorial-band			octanove-c1c2-1.0,oewn-2025		validated
master-tediously-adverb	tediously	adverb	C1	source-backed	octanove-c1c2-1.0	advanced	editorial-band			octanove-c1c2-1.0,oewn-2025		validated
master-tedium-noun	tedium	noun	C1	source-backed	octanove-c1c2-1.0	advanced	editorial-band			octanove-c1c2-1.0,oewn-2025		validated
master-telltale-adjective	telltale	adjective	C1	source-backed	octanove-c1c2-1.0	advanced	editorial-band			octanove-c1c2-1.0,oewn-2025		validated
master-temperament-noun	temperament	noun	C1	source-backed	octanove-c1c2-1.0	advanced	editorial-band			octanove-c1c2-1.0,oewn-2025		validated
master-temperamental-adjective	temperamental	adjective	C1	source-backed	octanove-c1c2-1.0	advanced	editorial-band			octanove-c1c2-1.0,oewn-2025		validated
master-temperamentally-adverb	temperamentally	adverb	C1	source-backed	octanove-c1c2-1.0	advanced	editorial-band			octanove-c1c2-1.0,oewn-2025		validated
v118	tentative	adjective	C1	editorial-estimate		advanced	editorial-band			vocabulary-core-2026-08		validated
master-terrain-noun	terrain	noun	C1	source-backed	octanove-c1c2-1.0	advanced	editorial-band			octanove-c1c2-1.0,oewn-2025		validated
master-testament-noun	testament	noun	C1	source-backed	octanove-c1c2-1.0	advanced	editorial-band			octanove-c1c2-1.0,oewn-2025		validated
master-thereby-adverb	thereby	adverb	C1	source-backed	octanove-c1c2-1.0	common	source-backed-rank	ngsl-gr-1.0	3196	bsl-1.2,nawl-1.2,ngsl-gr-1.0,octanove-c1c2-1.0,oewn-2025		validated
master-till-noun	till	noun	C1	source-backed	octanove-c1c2-1.0	common	source-backed-rank	ngsl-gr-1.0	1621	ngsl-gr-1.0,octanove-c1c2-1.0,oewn-2025		validated
master-timid-adjective	timid	adjective	C1	source-backed	octanove-c1c2-1.0	advanced	editorial-band			octanove-c1c2-1.0,oewn-2025		validated
master-tinker-noun	tinker	noun	C1	source-backed	octanove-c1c2-1.0	advanced	editorial-band			octanove-c1c2-1.0,oewn-2025		validated
master-tinker-verb	tinker	verb	C1	source-backed	octanove-c1c2-1.0	advanced	editorial-band			octanove-c1c2-1.0,oewn-2025		validated
master-tone-verb	tone	verb	C1	source-backed	octanove-c1c2-1.0	common	source-backed-rank	ngsl-gr-1.0	1743	ngsl-gr-1.0,octanove-c1c2-1.0,oewn-2025		validated
master-torment-noun	torment	noun	C1	source-backed	octanove-c1c2-1.0	advanced	editorial-band			octanove-c1c2-1.0,oewn-2025		validated
master-torment-verb	torment	verb	C1	source-backed	octanove-c1c2-1.0	advanced	editorial-band			octanove-c1c2-1.0,oewn-2025		validated
master-torturous-adjective	torturous	adjective	C1	source-backed	octanove-c1c2-1.0	advanced	editorial-band			octanove-c1c2-1.0,oewn-2025		validated
master-toughness-noun	toughness	noun	C1	source-backed	octanove-c1c2-1.0	advanced	editorial-band			octanove-c1c2-1.0,oewn-2025		validated
master-tract-noun	tract	noun	C1	source-backed	octanove-c1c2-1.0	advanced	editorial-band			nawl-1.2,octanove-c1c2-1.0,oewn-2025		validated
master-trampoline-noun	trampoline	noun	C1	source-backed	octanove-c1c2-1.0	advanced	editorial-band			octanove-c1c2-1.0,oewn-2025		validated
master-tranquil-adjective	tranquil	adjective	C1	source-backed	octanove-c1c2-1.0	advanced	editorial-band			octanove-c1c2-1.0,oewn-2025		validated
master-tranquility-noun	tranquility	noun	C1	source-backed	octanove-c1c2-1.0	advanced	editorial-band			octanove-c1c2-1.0,oewn-2025		validated
master-transatlantic-adjective	transatlantic	adjective	C1	source-backed	octanove-c1c2-1.0	advanced	editorial-band			octanove-c1c2-1.0,oewn-2025		validated
master-transfix-verb	transfix	verb	C1	source-backed	octanove-c1c2-1.0	advanced	editorial-band			octanove-c1c2-1.0,oewn-2025		validated
master-transit-noun	transit	noun	C1	source-backed	octanove-c1c2-1.0	advanced	editorial-band			bsl-1.2,octanove-c1c2-1.0,oewn-2025		validated
master-trauma-noun	trauma	noun	C1	source-backed	octanove-c1c2-1.0	less-common	source-backed-rank	ngsl-gr-1.0	4719	nawl-1.2,ngsl-gr-1.0,octanove-c1c2-1.0,oewn-2025		validated
master-traumatic-adjective	traumatic	adjective	C1	source-backed	octanove-c1c2-1.0	advanced	editorial-band			octanove-c1c2-1.0,oewn-2025		validated
master-tread-noun	tread	noun	C1	source-backed	octanove-c1c2-1.0	advanced	editorial-band			octanove-c1c2-1.0,oewn-2025		validated
master-trying-adjective	trying	adjective	C1	source-backed	octanove-c1c2-1.0	advanced	editorial-band			octanove-c1c2-1.0,oewn-2025		validated
master-tune-verb	tune	verb	C1	source-backed	octanove-c1c2-1.0	common	source-backed-rank	ngsl-gr-1.0	2242	ngsl-gr-1.0,octanove-c1c2-1.0,oewn-2025		validated
master-turmoil-noun	turmoil	noun	C1	source-backed	octanove-c1c2-1.0	advanced	editorial-band			bsl-1.2,octanove-c1c2-1.0,oewn-2025		validated
master-twitch-noun	twitch	noun	C1	source-backed	octanove-c1c2-1.0	advanced	editorial-band			octanove-c1c2-1.0,oewn-2025		validated
master-twitch-verb	twitch	verb	C1	source-backed	octanove-c1c2-1.0	advanced	editorial-band			octanove-c1c2-1.0,oewn-2025		validated
master-tycoon-noun	tycoon	noun	C1	source-backed	octanove-c1c2-1.0	advanced	editorial-band			octanove-c1c2-1.0,oewn-2025		validated
master-unassisted-adjective	unassisted	adjective	C1	source-backed	octanove-c1c2-1.0	advanced	editorial-band			octanove-c1c2-1.0,oewn-2025		validated
master-unconventional-adjective	unconventional	adjective	C1	source-backed	octanove-c1c2-1.0	advanced	editorial-band			octanove-c1c2-1.0,oewn-2025		validated
master-unconvincing-adjective	unconvincing	adjective	C1	source-backed	octanove-c1c2-1.0	advanced	editorial-band			octanove-c1c2-1.0,oewn-2025		validated
master-unconvincingly-adverb	unconvincingly	adverb	C1	source-backed	octanove-c1c2-1.0	advanced	editorial-band			octanove-c1c2-1.0,oewn-2025		validated
master-undaunted-adjective	undaunted	adjective	C1	source-backed	octanove-c1c2-1.0	advanced	editorial-band			octanove-c1c2-1.0,oewn-2025		validated
master-unenviable-adjective	unenviable	adjective	C1	source-backed	octanove-c1c2-1.0	advanced	editorial-band			octanove-c1c2-1.0,oewn-2025		validated
master-uneventful-adjective	uneventful	adjective	C1	source-backed	octanove-c1c2-1.0	advanced	editorial-band			octanove-c1c2-1.0,oewn-2025		validated
master-uniformity-noun	uniformity	noun	C1	source-backed	octanove-c1c2-1.0	advanced	editorial-band			octanove-c1c2-1.0,oewn-2025		validated
master-uninspiring-adjective	uninspiring	adjective	C1	source-backed	octanove-c1c2-1.0	advanced	editorial-band			octanove-c1c2-1.0,oewn-2025		validated
master-unison-noun	unison	noun	C1	source-backed	octanove-c1c2-1.0	advanced	editorial-band			octanove-c1c2-1.0,oewn-2025		validated
master-unmanageable-adjective	unmanageable	adjective	C1	source-backed	octanove-c1c2-1.0	advanced	editorial-band			octanove-c1c2-1.0,oewn-2025		validated
master-unmanned-adjective	unmanned	adjective	C1	source-backed	octanove-c1c2-1.0	advanced	editorial-band			octanove-c1c2-1.0,oewn-2025		validated
master-unmusical-adjective	unmusical	adjective	C1	source-backed	octanove-c1c2-1.0	advanced	editorial-band			octanove-c1c2-1.0,oewn-2025		validated
master-unmusically-adverb	unmusically	adverb	C1	source-backed	octanove-c1c2-1.0	advanced	editorial-band			octanove-c1c2-1.0,oewn-2025		validated
master-unoccupied-adjective	unoccupied	adjective	C1	source-backed	octanove-c1c2-1.0	advanced	editorial-band			octanove-c1c2-1.0,oewn-2025		validated
master-unplug-verb	unplug	verb	C1	source-backed	octanove-c1c2-1.0	advanced	editorial-band			octanove-c1c2-1.0,oewn-2025		validated
master-unreliably-adverb	unreliably	adverb	C1	source-backed	octanove-c1c2-1.0	advanced	editorial-band			octanove-c1c2-1.0,oewn-2025		validated
master-unsettle-verb	unsettle	verb	C1	source-backed	octanove-c1c2-1.0	advanced	editorial-band			octanove-c1c2-1.0,oewn-2025		validated
master-untangle-verb	untangle	verb	C1	source-backed	octanove-c1c2-1.0	advanced	editorial-band			octanove-c1c2-1.0,oewn-2025		validated
master-untangled-adjective	untangled	adjective	C1	source-backed	octanove-c1c2-1.0	advanced	editorial-band			octanove-c1c2-1.0,oewn-2025		validated
master-unwavering-adjective	unwavering	adjective	C1	source-backed	octanove-c1c2-1.0	advanced	editorial-band			octanove-c1c2-1.0,oewn-2025		validated
master-unwaveringly-adverb	unwaveringly	adverb	C1	source-backed	octanove-c1c2-1.0	advanced	editorial-band			octanove-c1c2-1.0,oewn-2025		validated
master-upheaval-noun	upheaval	noun	C1	source-backed	octanove-c1c2-1.0	advanced	editorial-band			octanove-c1c2-1.0,oewn-2025		validated
master-usher-noun	usher	noun	C1	source-backed	octanove-c1c2-1.0	advanced	editorial-band			octanove-c1c2-1.0,oewn-2025		validated
master-utensil-noun	utensil	noun	C1	source-backed	octanove-c1c2-1.0	advanced	editorial-band			octanove-c1c2-1.0,oewn-2025		validated
master-vegetation-noun	vegetation	noun	C1	source-backed	octanove-c1c2-1.0	advanced	editorial-band			nawl-1.2,octanove-c1c2-1.0,oewn-2025		validated
master-venerate-verb	venerate	verb	C1	source-backed	octanove-c1c2-1.0	advanced	editorial-band			octanove-c1c2-1.0,oewn-2025		validated
master-veneration-noun	veneration	noun	C1	source-backed	octanove-c1c2-1.0	advanced	editorial-band			octanove-c1c2-1.0,oewn-2025		validated
master-ventilate-verb	ventilate	verb	C1	source-backed	octanove-c1c2-1.0	advanced	editorial-band			octanove-c1c2-1.0,oewn-2025		validated
master-ventilation-noun	ventilation	noun	C1	source-backed	octanove-c1c2-1.0	advanced	editorial-band			octanove-c1c2-1.0,oewn-2025		validated
master-verandah-noun	verandah	noun	C1	source-backed	octanove-c1c2-1.0	advanced	editorial-band			octanove-c1c2-1.0,oewn-2025		validated
master-verdict-noun	verdict	noun	C1	source-backed	octanove-c1c2-1.0	less-common	source-backed-rank	ngsl-gr-1.0	4482	bsl-1.2,ngsl-gr-1.0,octanove-c1c2-1.0,oewn-2025		validated
master-versatile-adjective	versatile	adjective	C1	source-backed	octanove-c1c2-1.0	advanced	editorial-band			octanove-c1c2-1.0,oewn-2025		validated
master-versatility-noun	versatility	noun	C1	source-backed	octanove-c1c2-1.0	advanced	editorial-band			octanove-c1c2-1.0,oewn-2025		validated
master-vertical-adjective	vertical	adjective	C1	source-backed	octanove-c1c2-1.0	less-common	source-backed-rank	ngsl-gr-1.0	3648	bsl-1.2,nawl-1.2,ngsl-gr-1.0,octanove-c1c2-1.0,oewn-2025		validated
master-verve-noun	verve	noun	C1	source-backed	octanove-c1c2-1.0	advanced	editorial-band			octanove-c1c2-1.0,oewn-2025		validated
master-vicious-adjective	vicious	adjective	C1	source-backed	octanove-c1c2-1.0	advanced	editorial-band			octanove-c1c2-1.0,oewn-2025		validated
master-viciously-adverb	viciously	adverb	C1	source-backed	octanove-c1c2-1.0	advanced	editorial-band			octanove-c1c2-1.0,oewn-2025		validated
master-victorious-adjective	victorious	adjective	C1	source-backed	octanove-c1c2-1.0	advanced	editorial-band			octanove-c1c2-1.0,oewn-2025		validated
master-victoriously-adverb	victoriously	adverb	C1	source-backed	octanove-c1c2-1.0	advanced	editorial-band			octanove-c1c2-1.0,oewn-2025		validated
master-violet-adjective	violet	adjective	C1	source-backed	octanove-c1c2-1.0	advanced	editorial-band			octanove-c1c2-1.0,oewn-2025		validated
master-vitality-noun	vitality	noun	C1	source-backed	octanove-c1c2-1.0	advanced	editorial-band			octanove-c1c2-1.0,oewn-2025		validated
master-voluntarily-adverb	voluntarily	adverb	C1	source-backed	octanove-c1c2-1.0	advanced	editorial-band			octanove-c1c2-1.0,oewn-2025		validated
master-voluntary-adjective	voluntary	adjective	C1	source-backed	octanove-c1c2-1.0	common	source-backed-rank	ngsl-gr-1.0	2806	ngsl-gr-1.0,octanove-c1c2-1.0,oewn-2025		validated
master-voracious-adjective	voracious	adjective	C1	source-backed	octanove-c1c2-1.0	advanced	editorial-band			octanove-c1c2-1.0,oewn-2025		validated
master-voraciously-adverb	voraciously	adverb	C1	source-backed	octanove-c1c2-1.0	advanced	editorial-band			octanove-c1c2-1.0,oewn-2025		validated
master-wary-adjective	wary	adjective	C1	source-backed	octanove-c1c2-1.0	advanced	editorial-band			bsl-1.2,octanove-c1c2-1.0,oewn-2025		validated
master-washtub-noun	washtub	noun	C1	source-backed	octanove-c1c2-1.0	advanced	editorial-band			octanove-c1c2-1.0,oewn-2025		validated
master-waterfront-noun	waterfront	noun	C1	source-backed	octanove-c1c2-1.0	advanced	editorial-band			octanove-c1c2-1.0,oewn-2025		validated
master-wayside-noun	wayside	noun	C1	source-backed	octanove-c1c2-1.0	advanced	editorial-band			octanove-c1c2-1.0,oewn-2025		validated
master-whilst-conjunction	whilst	conjunction	C1	source-backed	octanove-c1c2-1.0	common	source-backed-rank	ngsl-gr-1.0	2603	ngsl-gr-1.0,octanove-c1c2-1.0		validated
master-wicked-adjective	wicked	adjective	C1	source-backed	octanove-c1c2-1.0	advanced	editorial-band			octanove-c1c2-1.0,oewn-2025		validated
master-wickedly-adverb	wickedly	adverb	C1	source-backed	octanove-c1c2-1.0	advanced	editorial-band			octanove-c1c2-1.0,oewn-2025		validated
master-withdrawn-adjective	withdrawn	adjective	C1	source-backed	octanove-c1c2-1.0	advanced	editorial-band			octanove-c1c2-1.0,oewn-2025		validated
master-wizened-adjective	wizened	adjective	C1	source-backed	octanove-c1c2-1.0	advanced	editorial-band			octanove-c1c2-1.0,oewn-2025		validated
master-woo-verb	woo	verb	C1	source-backed	octanove-c1c2-1.0	advanced	editorial-band			octanove-c1c2-1.0,oewn-2025		validated
master-wooded-adjective	wooded	adjective	C1	source-backed	octanove-c1c2-1.0	advanced	editorial-band			octanove-c1c2-1.0,oewn-2025		validated
master-wrangle-verb	wrangle	verb	C1	source-backed	octanove-c1c2-1.0	advanced	editorial-band			octanove-c1c2-1.0,oewn-2025		validated
master-wrench-verb	wrench	verb	C1	source-backed	octanove-c1c2-1.0	advanced	editorial-band			octanove-c1c2-1.0,oewn-2025		validated
master-wry-adjective	wry	adjective	C1	source-backed	octanove-c1c2-1.0	advanced	editorial-band			octanove-c1c2-1.0,oewn-2025		validated
master-wryly-adverb	wryly	adverb	C1	source-backed	octanove-c1c2-1.0	advanced	editorial-band			octanove-c1c2-1.0,oewn-2025		validated
master-zany-adjective	zany	adjective	C1	source-backed	octanove-c1c2-1.0	advanced	editorial-band			octanove-c1c2-1.0,oewn-2025		validated
master-abject-adjective	abject	adjective	C2	source-backed	octanove-c1c2-1.0	advanced	editorial-band			octanove-c1c2-1.0,oewn-2025		validated
master-abundantly-adverb	abundantly	adverb	C2	source-backed	octanove-c1c2-1.0	advanced	editorial-band			octanove-c1c2-1.0,oewn-2025		validated
master-accountability-noun	accountability	noun	C2	source-backed	octanove-c1c2-1.0	less-common	source-backed-rank	ngsl-gr-1.0	4272	bsl-1.2,ngsl-gr-1.0,octanove-c1c2-1.0,oewn-2025		validated
master-accrue-verb	accrue	verb	C2	source-backed	octanove-c1c2-1.0	advanced	editorial-band			bsl-1.2,octanove-c1c2-1.0,oewn-2025		validated
master-acreage-noun	acreage	noun	C2	source-backed	octanove-c1c2-1.0	advanced	editorial-band			octanove-c1c2-1.0,oewn-2025		validated
master-adept-adjective	adept	adjective	C2	source-backed	octanove-c1c2-1.0	advanced	editorial-band			octanove-c1c2-1.0,oewn-2025		validated
master-adept-noun	adept	noun	C2	source-backed	octanove-c1c2-1.0	advanced	editorial-band			octanove-c1c2-1.0,oewn-2025		validated
master-adhere-verb	adhere	verb	C2	source-backed	octanove-c1c2-1.0	advanced	editorial-band			bsl-1.2,octanove-c1c2-1.0,oewn-2025		validated
master-adhesion-noun	adhesion	noun	C2	source-backed	octanove-c1c2-1.0	advanced	editorial-band			octanove-c1c2-1.0,oewn-2025		validated
master-adornment-noun	adornment	noun	C2	source-backed	octanove-c1c2-1.0	advanced	editorial-band			octanove-c1c2-1.0,oewn-2025		validated
master-affectation-noun	affectation	noun	C2	source-backed	octanove-c1c2-1.0	advanced	editorial-band			octanove-c1c2-1.0,oewn-2025		validated
master-all-encompassing-adjective	all-encompassing	adjective	C2	source-backed	octanove-c1c2-1.0	advanced	editorial-band			octanove-c1c2-1.0,oewn-2025		validated
master-allot-verb	allot	verb	C2	source-backed	octanove-c1c2-1.0	advanced	editorial-band			octanove-c1c2-1.0,oewn-2025		validated
master-allotment-noun	allotment	noun	C2	source-backed	octanove-c1c2-1.0	advanced	editorial-band			octanove-c1c2-1.0,oewn-2025		validated
master-allude-verb	allude	verb	C2	source-backed	octanove-c1c2-1.0	advanced	editorial-band			octanove-c1c2-1.0,oewn-2025		validated
master-allusion-noun	allusion	noun	C2	source-backed	octanove-c1c2-1.0	advanced	editorial-band			octanove-c1c2-1.0,oewn-2025		validated
master-ally-verb	ally	verb	C2	source-backed	octanove-c1c2-1.0	common	source-backed-rank	ngsl-gr-1.0	2316	ngsl-gr-1.0,octanove-c1c2-1.0,oewn-2025		validated
master-anarchic-adjective	anarchic	adjective	C2	source-backed	octanove-c1c2-1.0	advanced	editorial-band			octanove-c1c2-1.0,oewn-2025		validated
master-angst-noun	angst	noun	C2	source-backed	octanove-c1c2-1.0	advanced	editorial-band			octanove-c1c2-1.0,oewn-2025		validated
master-anonymity-noun	anonymity	noun	C2	source-backed	octanove-c1c2-1.0	advanced	editorial-band			octanove-c1c2-1.0,oewn-2025		validated
master-antediluvian-adjective	antediluvian	adjective	C2	source-backed	octanove-c1c2-1.0	advanced	editorial-band			octanove-c1c2-1.0,oewn-2025		validated
master-anthology-noun	anthology	noun	C2	source-backed	octanove-c1c2-1.0	advanced	editorial-band			octanove-c1c2-1.0,oewn-2025		validated
master-anthropological-adjective	anthropological	adjective	C2	source-backed	octanove-c1c2-1.0	advanced	editorial-band			octanove-c1c2-1.0,oewn-2025		validated
master-antidote-noun	antidote	noun	C2	source-backed	octanove-c1c2-1.0	advanced	editorial-band			octanove-c1c2-1.0,oewn-2025		validated
master-antithesis-noun	antithesis	noun	C2	source-backed	octanove-c1c2-1.0	advanced	editorial-band			octanove-c1c2-1.0,oewn-2025		validated
master-antithetical-adjective	antithetical	adjective	C2	source-backed	octanove-c1c2-1.0	advanced	editorial-band			octanove-c1c2-1.0,oewn-2025		validated
master-apprehend-verb	apprehend	verb	C2	source-backed	octanove-c1c2-1.0	advanced	editorial-band			octanove-c1c2-1.0,oewn-2025		validated
master-arcane-adjective	arcane	adjective	C2	source-backed	octanove-c1c2-1.0	advanced	editorial-band			octanove-c1c2-1.0,oewn-2025		validated
master-archetypal-adjective	archetypal	adjective	C2	source-backed	octanove-c1c2-1.0	advanced	editorial-band			octanove-c1c2-1.0,oewn-2025		validated
master-archetype-noun	archetype	noun	C2	source-backed	octanove-c1c2-1.0	advanced	editorial-band			octanove-c1c2-1.0,oewn-2025		validated
master-archival-adjective	archival	adjective	C2	source-backed	octanove-c1c2-1.0	advanced	editorial-band			octanove-c1c2-1.0,oewn-2025		validated
master-articulate-adjective	articulate	adjective	C2	source-backed	octanove-c1c2-1.0	less-common	source-backed-rank	ngsl-gr-1.0	3831	nawl-1.2,ngsl-gr-1.0,octanove-c1c2-1.0,oewn-2025		validated
master-articulation-noun	articulation	noun	C2	source-backed	octanove-c1c2-1.0	advanced	editorial-band			octanove-c1c2-1.0,oewn-2025		validated
master-artifact-noun	artifact	noun	C2	source-backed	octanove-c1c2-1.0	less-common	source-backed-rank	ngsl-gr-1.0	4556	nawl-1.2,ngsl-gr-1.0,octanove-c1c2-1.0,oewn-2025		validated
master-athleticism-noun	athleticism	noun	C2	source-backed	octanove-c1c2-1.0	advanced	editorial-band			octanove-c1c2-1.0,oewn-2025		validated
master-attrition-noun	attrition	noun	C2	source-backed	octanove-c1c2-1.0	advanced	editorial-band			octanove-c1c2-1.0,oewn-2025		validated
master-audit-verb	audit	verb	C2	source-backed	octanove-c1c2-1.0	common	source-backed-rank	ngsl-gr-1.0	3102	bsl-1.2,nawl-1.2,ngsl-gr-1.0,octanove-c1c2-1.0,oewn-2025		validated
master-austere-adjective	austere	adjective	C2	source-backed	octanove-c1c2-1.0	advanced	editorial-band			octanove-c1c2-1.0,oewn-2025		validated
master-austerely-adverb	austerely	adverb	C2	source-backed	octanove-c1c2-1.0	advanced	editorial-band			octanove-c1c2-1.0,oewn-2025		validated
master-austerity-noun	austerity	noun	C2	source-backed	octanove-c1c2-1.0	advanced	editorial-band			octanove-c1c2-1.0,oewn-2025		validated
master-automate-verb	automate	verb	C2	source-backed	octanove-c1c2-1.0	advanced	editorial-band			bsl-1.2,octanove-c1c2-1.0,oewn-2025		validated
master-autonomous-adjective	autonomous	adjective	C2	source-backed	octanove-c1c2-1.0	advanced	editorial-band			bsl-1.2,octanove-c1c2-1.0,oewn-2025		validated
master-autopilot-noun	autopilot	noun	C2	source-backed	octanove-c1c2-1.0	advanced	editorial-band			octanove-c1c2-1.0,oewn-2025		validated
master-averse-adjective	averse	adjective	C2	source-backed	octanove-c1c2-1.0	advanced	editorial-band			bsl-1.2,octanove-c1c2-1.0,oewn-2025		validated
master-avian-adjective	avian	adjective	C2	source-backed	octanove-c1c2-1.0	advanced	editorial-band			octanove-c1c2-1.0,oewn-2025		validated
master-axiom-noun	axiom	noun	C2	source-backed	octanove-c1c2-1.0	advanced	editorial-band			nawl-1.2,octanove-c1c2-1.0,oewn-2025		validated
master-axiomatic-adjective	axiomatic	adjective	C2	source-backed	octanove-c1c2-1.0	advanced	editorial-band			octanove-c1c2-1.0,oewn-2025		validated
master-babble-verb	babble	verb	C2	source-backed	octanove-c1c2-1.0	advanced	editorial-band			octanove-c1c2-1.0,oewn-2025		validated
master-bauble-noun	bauble	noun	C2	source-backed	octanove-c1c2-1.0	advanced	editorial-band			octanove-c1c2-1.0,oewn-2025		validated
master-belligerence-noun	belligerence	noun	C2	source-backed	octanove-c1c2-1.0	advanced	editorial-band			octanove-c1c2-1.0,oewn-2025		validated
master-belligerent-adjective	belligerent	adjective	C2	source-backed	octanove-c1c2-1.0	advanced	editorial-band			octanove-c1c2-1.0,oewn-2025		validated
master-beneficiary-noun	beneficiary	noun	C2	source-backed	octanove-c1c2-1.0	advanced	editorial-band			bsl-1.2,octanove-c1c2-1.0,oewn-2025		validated
master-bereft-adjective	bereft	adjective	C2	source-backed	octanove-c1c2-1.0	advanced	editorial-band			octanove-c1c2-1.0,oewn-2025		validated
master-blandishment-noun	blandishment	noun	C2	source-backed	octanove-c1c2-1.0	advanced	editorial-band			octanove-c1c2-1.0,oewn-2025		validated
master-blight-noun	blight	noun	C2	source-backed	octanove-c1c2-1.0	advanced	editorial-band			octanove-c1c2-1.0,oewn-2025		validated
master-blight-verb	blight	verb	C2	source-backed	octanove-c1c2-1.0	advanced	editorial-band			octanove-c1c2-1.0,oewn-2025		validated
master-blitz-noun	blitz	noun	C2	source-backed	octanove-c1c2-1.0	advanced	editorial-band			octanove-c1c2-1.0,oewn-2025		validated
master-blitz-verb	blitz	verb	C2	source-backed	octanove-c1c2-1.0	advanced	editorial-band			octanove-c1c2-1.0,oewn-2025		validated
master-blurb-noun	blurb	noun	C2	source-backed	octanove-c1c2-1.0	advanced	editorial-band			octanove-c1c2-1.0,oewn-2025		validated
master-brandish-verb	brandish	verb	C2	source-backed	octanove-c1c2-1.0	advanced	editorial-band			octanove-c1c2-1.0,oewn-2025		validated
master-brevity-noun	brevity	noun	C2	source-backed	octanove-c1c2-1.0	advanced	editorial-band			octanove-c1c2-1.0,oewn-2025		validated
master-brimstone-noun	brimstone	noun	C2	source-backed	octanove-c1c2-1.0	advanced	editorial-band			octanove-c1c2-1.0,oewn-2025		validated
master-brink-noun	brink	noun	C2	source-backed	octanove-c1c2-1.0	advanced	editorial-band			octanove-c1c2-1.0,oewn-2025		validated
master-brood-noun	brood	noun	C2	source-backed	octanove-c1c2-1.0	advanced	editorial-band			octanove-c1c2-1.0,oewn-2025		validated
master-brood-verb	brood	verb	C2	source-backed	octanove-c1c2-1.0	advanced	editorial-band			octanove-c1c2-1.0,oewn-2025		validated
master-brouhaha-noun	brouhaha	noun	C2	source-backed	octanove-c1c2-1.0	advanced	editorial-band			octanove-c1c2-1.0,oewn-2025		validated
master-buffoonery-noun	buffoonery	noun	C2	source-backed	octanove-c1c2-1.0	advanced	editorial-band			octanove-c1c2-1.0,oewn-2025		validated
master-calamitous-adjective	calamitous	adjective	C2	source-backed	octanove-c1c2-1.0	advanced	editorial-band			octanove-c1c2-1.0,oewn-2025		validated
master-calamity-noun	calamity	noun	C2	source-backed	octanove-c1c2-1.0	advanced	editorial-band			octanove-c1c2-1.0,oewn-2025		validated
master-callous-adjective	callous	adjective	C2	source-backed	octanove-c1c2-1.0	advanced	editorial-band			octanove-c1c2-1.0,oewn-2025		validated
master-callously-adverb	callously	adverb	C2	source-backed	octanove-c1c2-1.0	advanced	editorial-band			octanove-c1c2-1.0,oewn-2025		validated
master-calorific-adjective	calorific	adjective	C2	source-backed	octanove-c1c2-1.0	advanced	editorial-band			octanove-c1c2-1.0,oewn-2025		validated
master-capacious-adjective	capacious	adjective	C2	source-backed	octanove-c1c2-1.0	advanced	editorial-band			octanove-c1c2-1.0,oewn-2025		validated
master-catastrophically-adverb	catastrophically	adverb	C2	source-backed	octanove-c1c2-1.0	advanced	editorial-band			octanove-c1c2-1.0,oewn-2025		validated
master-choreography-noun	choreography	noun	C2	source-backed	octanove-c1c2-1.0	advanced	editorial-band			octanove-c1c2-1.0,oewn-2025		validated
master-chronologically-adverb	chronologically	adverb	C2	source-backed	octanove-c1c2-1.0	advanced	editorial-band			octanove-c1c2-1.0,oewn-2025		validated
master-chronology-noun	chronology	noun	C2	source-backed	octanove-c1c2-1.0	advanced	editorial-band			octanove-c1c2-1.0,oewn-2025		validated
master-chrysalis-noun	chrysalis	noun	C2	source-backed	octanove-c1c2-1.0	advanced	editorial-band			octanove-c1c2-1.0,oewn-2025		validated
master-cinematographer-noun	cinematographer	noun	C2	source-backed	octanove-c1c2-1.0	advanced	editorial-band			octanove-c1c2-1.0,oewn-2025		validated
master-cinematography-noun	cinematography	noun	C2	source-backed	octanove-c1c2-1.0	advanced	editorial-band			octanove-c1c2-1.0,oewn-2025		validated
master-circumnavigate-verb	circumnavigate	verb	C2	source-backed	octanove-c1c2-1.0	advanced	editorial-band			octanove-c1c2-1.0,oewn-2025		validated
master-circumnavigation-noun	circumnavigation	noun	C2	source-backed	octanove-c1c2-1.0	advanced	editorial-band			octanove-c1c2-1.0,oewn-2025		validated
master-clinch-verb	clinch	verb	C2	source-backed	octanove-c1c2-1.0	advanced	editorial-band			octanove-c1c2-1.0,oewn-2025		validated
master-cocoon-verb	cocoon	verb	C2	source-backed	octanove-c1c2-1.0	advanced	editorial-band			octanove-c1c2-1.0,oewn-2025		validated
master-cognitive-adjective	cognitive	adjective	C2	source-backed	octanove-c1c2-1.0	common	source-backed-rank	ngsl-gr-1.0	3422	bsl-1.2,nawl-1.2,ngsl-gr-1.0,octanove-c1c2-1.0,oewn-2025		validated
master-colloquial-adjective	colloquial	adjective	C2	source-backed	octanove-c1c2-1.0	advanced	editorial-band			octanove-c1c2-1.0,oewn-2025		validated
master-colloquially-adverb	colloquially	adverb	C2	source-backed	octanove-c1c2-1.0	advanced	editorial-band			octanove-c1c2-1.0,oewn-2025		validated
master-colloquium-noun	colloquium	noun	C2	source-backed	octanove-c1c2-1.0	advanced	editorial-band			octanove-c1c2-1.0,oewn-2025		validated
master-combustion-noun	combustion	noun	C2	source-backed	octanove-c1c2-1.0	advanced	editorial-band			octanove-c1c2-1.0,oewn-2025		validated
master-commensurate-adjective	commensurate	adjective	C2	source-backed	octanove-c1c2-1.0	advanced	editorial-band			octanove-c1c2-1.0,oewn-2025		validated
master-commodity-noun	commodity	noun	C2	source-backed	octanove-c1c2-1.0	less-common	source-backed-rank	ngsl-gr-1.0	3676	bsl-1.2,nawl-1.2,ngsl-gr-1.0,octanove-c1c2-1.0,oewn-2025		validated
master-concurrence-noun	concurrence	noun	C2	source-backed	octanove-c1c2-1.0	advanced	editorial-band			octanove-c1c2-1.0,oewn-2025		validated
master-condensation-noun	condensation	noun	C2	source-backed	octanove-c1c2-1.0	advanced	editorial-band			octanove-c1c2-1.0,oewn-2025		validated
master-conduit-noun	conduit	noun	C2	source-backed	octanove-c1c2-1.0	advanced	editorial-band			octanove-c1c2-1.0,oewn-2025		validated
master-confabulate-verb	confabulate	verb	C2	source-backed	octanove-c1c2-1.0	advanced	editorial-band			octanove-c1c2-1.0,oewn-2025		validated
master-confabulation-noun	confabulation	noun	C2	source-backed	octanove-c1c2-1.0	advanced	editorial-band			octanove-c1c2-1.0,oewn-2025		validated
master-conglomerate-noun	conglomerate	noun	C2	source-backed	octanove-c1c2-1.0	advanced	editorial-band			bsl-1.2,octanove-c1c2-1.0,oewn-2025		validated
master-conjecture-noun	conjecture	noun	C2	source-backed	octanove-c1c2-1.0	advanced	editorial-band			octanove-c1c2-1.0,oewn-2025		validated
master-conjecture-verb	conjecture	verb	C2	source-backed	octanove-c1c2-1.0	advanced	editorial-band			octanove-c1c2-1.0,oewn-2025		validated
master-connotation-noun	connotation	noun	C2	source-backed	octanove-c1c2-1.0	advanced	editorial-band			nawl-1.2,octanove-c1c2-1.0,oewn-2025		validated
master-connote-verb	connote	verb	C2	source-backed	octanove-c1c2-1.0	advanced	editorial-band			octanove-c1c2-1.0,oewn-2025		validated
master-consign-verb	consign	verb	C2	source-backed	octanove-c1c2-1.0	advanced	editorial-band			octanove-c1c2-1.0,oewn-2025		validated
master-consignment-noun	consignment	noun	C2	source-backed	octanove-c1c2-1.0	advanced	editorial-band			octanove-c1c2-1.0,oewn-2025		validated
master-consternation-noun	consternation	noun	C2	source-backed	octanove-c1c2-1.0	advanced	editorial-band			octanove-c1c2-1.0,oewn-2025		validated
master-constrained-adjective	constrained	adjective	C2	source-backed	octanove-c1c2-1.0	advanced	editorial-band			octanove-c1c2-1.0,oewn-2025		validated
master-contagion-noun	contagion	noun	C2	source-backed	octanove-c1c2-1.0	advanced	editorial-band			octanove-c1c2-1.0,oewn-2025		validated
master-contractual-adjective	contractual	adjective	C2	source-backed	octanove-c1c2-1.0	advanced	editorial-band			bsl-1.2,octanove-c1c2-1.0,oewn-2025		validated
master-contractually-adverb	contractually	adverb	C2	source-backed	octanove-c1c2-1.0	advanced	editorial-band			octanove-c1c2-1.0,oewn-2025		validated
master-contraption-noun	contraption	noun	C2	source-backed	octanove-c1c2-1.0	advanced	editorial-band			octanove-c1c2-1.0,oewn-2025		validated
master-contrive-verb	contrive	verb	C2	source-backed	octanove-c1c2-1.0	advanced	editorial-band			octanove-c1c2-1.0,oewn-2025		validated
master-converse-adjective	converse	adjective	C2	source-backed	octanove-c1c2-1.0	advanced	editorial-band			octanove-c1c2-1.0,oewn-2025		validated
master-corpse-noun	corpse	noun	C2	source-backed	octanove-c1c2-1.0	advanced	editorial-band			octanove-c1c2-1.0,oewn-2025		validated
master-corpus-noun	corpus	noun	C2	source-backed	octanove-c1c2-1.0	advanced	editorial-band			nawl-1.2,octanove-c1c2-1.0,oewn-2025		validated
master-correlate-noun	correlate	noun	C2	source-backed	octanove-c1c2-1.0	less-common	source-backed-rank	ngsl-gr-1.0	4674	bsl-1.2,nawl-1.2,ngsl-gr-1.0,octanove-c1c2-1.0,oewn-2025		validated
master-correlate-verb	correlate	verb	C2	source-backed	octanove-c1c2-1.0	less-common	source-backed-rank	ngsl-gr-1.0	4674	bsl-1.2,nawl-1.2,ngsl-gr-1.0,octanove-c1c2-1.0,oewn-2025		validated
master-correlation-noun	correlation	noun	C2	source-backed	octanove-c1c2-1.0	less-common	source-backed-rank	ngsl-gr-1.0	3510	bsl-1.2,nawl-1.2,ngsl-gr-1.0,octanove-c1c2-1.0,oewn-2025		validated
master-cosmic-adjective	cosmic	adjective	C2	source-backed	octanove-c1c2-1.0	advanced	editorial-band			octanove-c1c2-1.0,oewn-2025		validated
master-counsel-noun	counsel	noun	C2	source-backed	octanove-c1c2-1.0	common	source-backed-rank	ngsl-gr-1.0	2457	ngsl-gr-1.0,octanove-c1c2-1.0,oewn-2025		validated
master-crony-noun	crony	noun	C2	source-backed	octanove-c1c2-1.0	advanced	editorial-band			octanove-c1c2-1.0,oewn-2025		validated
master-cull-verb	cull	verb	C2	source-backed	octanove-c1c2-1.0	advanced	editorial-band			octanove-c1c2-1.0,oewn-2025		validated
master-curator-noun	curator	noun	C2	source-backed	octanove-c1c2-1.0	advanced	editorial-band			octanove-c1c2-1.0,oewn-2025		validated
master-declination-noun	declination	noun	C2	source-backed	octanove-c1c2-1.0	advanced	editorial-band			octanove-c1c2-1.0,oewn-2025		validated
master-deficient-adjective	deficient	adjective	C2	source-backed	octanove-c1c2-1.0	advanced	editorial-band			octanove-c1c2-1.0,oewn-2025		validated
master-deliberate-verb	deliberate	verb	C2	source-backed	octanove-c1c2-1.0	less-common	source-backed-rank	ngsl-gr-1.0	4326	bsl-1.2,ngsl-gr-1.0,octanove-c1c2-1.0,oewn-2025		validated
master-delicatessen-noun	delicatessen	noun	C2	source-backed	octanove-c1c2-1.0	advanced	editorial-band			octanove-c1c2-1.0,oewn-2025		validated
master-demystify-verb	demystify	verb	C2	source-backed	octanove-c1c2-1.0	advanced	editorial-band			octanove-c1c2-1.0,oewn-2025		validated
master-denotation-noun	denotation	noun	C2	source-backed	octanove-c1c2-1.0	advanced	editorial-band			octanove-c1c2-1.0,oewn-2025		validated
master-denote-verb	denote	verb	C2	source-backed	octanove-c1c2-1.0	less-common	source-backed-rank	ngsl-gr-1.0	4623	bsl-1.2,nawl-1.2,ngsl-gr-1.0,octanove-c1c2-1.0,oewn-2025		validated
master-denounce-verb	denounce	verb	C2	source-backed	octanove-c1c2-1.0	advanced	editorial-band			bsl-1.2,octanove-c1c2-1.0,oewn-2025		validated
master-denunciation-noun	denunciation	noun	C2	source-backed	octanove-c1c2-1.0	advanced	editorial-band			octanove-c1c2-1.0,oewn-2025		validated
master-depraved-adjective	depraved	adjective	C2	source-backed	octanove-c1c2-1.0	advanced	editorial-band			octanove-c1c2-1.0,oewn-2025		validated
master-depravity-noun	depravity	noun	C2	source-backed	octanove-c1c2-1.0	advanced	editorial-band			octanove-c1c2-1.0,oewn-2025		validated
master-deprecate-verb	deprecate	verb	C2	source-backed	octanove-c1c2-1.0	advanced	editorial-band			octanove-c1c2-1.0,oewn-2025		validated
master-derelict-adjective	derelict	adjective	C2	source-backed	octanove-c1c2-1.0	advanced	editorial-band			octanove-c1c2-1.0,oewn-2025		validated
master-derelict-noun	derelict	noun	C2	source-backed	octanove-c1c2-1.0	advanced	editorial-band			octanove-c1c2-1.0,oewn-2025		validated
master-detract-verb	detract	verb	C2	source-backed	octanove-c1c2-1.0	advanced	editorial-band			octanove-c1c2-1.0,oewn-2025		validated
master-deviant-adjective	deviant	adjective	C2	source-backed	octanove-c1c2-1.0	advanced	editorial-band			octanove-c1c2-1.0,oewn-2025		validated
master-deviant-noun	deviant	noun	C2	source-backed	octanove-c1c2-1.0	advanced	editorial-band			octanove-c1c2-1.0,oewn-2025		validated
master-diffuse-adjective	diffuse	adjective	C2	source-backed	octanove-c1c2-1.0	advanced	editorial-band			octanove-c1c2-1.0,oewn-2025		validated
master-diffuse-verb	diffuse	verb	C2	source-backed	octanove-c1c2-1.0	advanced	editorial-band			octanove-c1c2-1.0,oewn-2025		validated
master-diligently-adverb	diligently	adverb	C2	source-backed	octanove-c1c2-1.0	advanced	editorial-band			octanove-c1c2-1.0,oewn-2025		validated
master-diminish-verb	diminish	verb	C2	source-backed	octanove-c1c2-1.0	common	source-backed-rank	ngsl-gr-1.0	3390	bsl-1.2,ngsl-gr-1.0,octanove-c1c2-1.0,oewn-2025		validated
master-disdainful-adjective	disdainful	adjective	C2	source-backed	octanove-c1c2-1.0	advanced	editorial-band			octanove-c1c2-1.0,oewn-2025		validated
master-disparage-verb	disparage	verb	C2	source-backed	octanove-c1c2-1.0	advanced	editorial-band			octanove-c1c2-1.0,oewn-2025		validated
master-disparagement-noun	disparagement	noun	C2	source-backed	octanove-c1c2-1.0	advanced	editorial-band			octanove-c1c2-1.0,oewn-2025		validated
master-disparaging-adjective	disparaging	adjective	C2	source-backed	octanove-c1c2-1.0	advanced	editorial-band			octanove-c1c2-1.0,oewn-2025		validated
master-disparagingly-adverb	disparagingly	adverb	C2	source-backed	octanove-c1c2-1.0	advanced	editorial-band			octanove-c1c2-1.0,oewn-2025		validated
master-dispersal-noun	dispersal	noun	C2	source-backed	octanove-c1c2-1.0	advanced	editorial-band			octanove-c1c2-1.0,oewn-2025		validated
master-disperse-verb	disperse	verb	C2	source-backed	octanove-c1c2-1.0	advanced	editorial-band			octanove-c1c2-1.0,oewn-2025		validated
master-dissemble-verb	dissemble	verb	C2	source-backed	octanove-c1c2-1.0	advanced	editorial-band			octanove-c1c2-1.0,oewn-2025		validated
master-disseminate-verb	disseminate	verb	C2	source-backed	octanove-c1c2-1.0	advanced	editorial-band			octanove-c1c2-1.0,oewn-2025		validated
master-dissemination-noun	dissemination	noun	C2	source-backed	octanove-c1c2-1.0	advanced	editorial-band			octanove-c1c2-1.0,oewn-2025		validated
master-dissension-noun	dissension	noun	C2	source-backed	octanove-c1c2-1.0	advanced	editorial-band			octanove-c1c2-1.0,oewn-2025		validated
master-distill-verb	distill	verb	C2	source-backed	octanove-c1c2-1.0	advanced	editorial-band			octanove-c1c2-1.0,oewn-2025		validated
master-distillation-noun	distillation	noun	C2	source-backed	octanove-c1c2-1.0	advanced	editorial-band			octanove-c1c2-1.0,oewn-2025		validated
master-divination-noun	divination	noun	C2	source-backed	octanove-c1c2-1.0	advanced	editorial-band			octanove-c1c2-1.0,oewn-2025		validated
master-domesticity-noun	domesticity	noun	C2	source-backed	octanove-c1c2-1.0	advanced	editorial-band			octanove-c1c2-1.0,oewn-2025		validated
master-drabness-noun	drabness	noun	C2	source-backed	octanove-c1c2-1.0	advanced	editorial-band			octanove-c1c2-1.0,oewn-2025		validated
master-dribble-noun	dribble	noun	C2	source-backed	octanove-c1c2-1.0	advanced	editorial-band			octanove-c1c2-1.0,oewn-2025		validated
master-dribble-verb	dribble	verb	C2	source-backed	octanove-c1c2-1.0	advanced	editorial-band			octanove-c1c2-1.0,oewn-2025		validated
master-drudgery-noun	drudgery	noun	C2	source-backed	octanove-c1c2-1.0	advanced	editorial-band			octanove-c1c2-1.0,oewn-2025		validated
master-dubiously-adverb	dubiously	adverb	C2	source-backed	octanove-c1c2-1.0	advanced	editorial-band			octanove-c1c2-1.0,oewn-2025		validated
master-ebb-verb	ebb	verb	C2	source-backed	octanove-c1c2-1.0	advanced	editorial-band			octanove-c1c2-1.0,oewn-2025		validated
master-eccentricity-noun	eccentricity	noun	C2	source-backed	octanove-c1c2-1.0	advanced	editorial-band			octanove-c1c2-1.0,oewn-2025		validated
master-echo-noun	echo	noun	C2	source-backed	octanove-c1c2-1.0	common	source-backed-rank	ngsl-gr-1.0	2961	bsl-1.2,ngsl-gr-1.0,octanove-c1c2-1.0,oewn-2025		validated
master-echo-verb	echo	verb	C2	source-backed	octanove-c1c2-1.0	common	source-backed-rank	ngsl-gr-1.0	2961	bsl-1.2,ngsl-gr-1.0,octanove-c1c2-1.0,oewn-2025		validated
master-edification-noun	edification	noun	C2	source-backed	octanove-c1c2-1.0	advanced	editorial-band			octanove-c1c2-1.0,oewn-2025		validated
master-edify-verb	edify	verb	C2	source-backed	octanove-c1c2-1.0	advanced	editorial-band			octanove-c1c2-1.0,oewn-2025		validated
master-egalitarian-adjective	egalitarian	adjective	C2	source-backed	octanove-c1c2-1.0	advanced	editorial-band			octanove-c1c2-1.0,oewn-2025		validated
master-egalitarian-noun	egalitarian	noun	C2	source-backed	octanove-c1c2-1.0	advanced	editorial-band			octanove-c1c2-1.0,oewn-2025		validated
master-elasticity-noun	elasticity	noun	C2	source-backed	octanove-c1c2-1.0	advanced	editorial-band			bsl-1.2,nawl-1.2,octanove-c1c2-1.0,oewn-2025		validated
master-electrode-noun	electrode	noun	C2	source-backed	octanove-c1c2-1.0	advanced	editorial-band			octanove-c1c2-1.0,oewn-2025		validated
master-embed-verb	embed	verb	C2	source-backed	octanove-c1c2-1.0	less-common	source-backed-rank	ngsl-gr-1.0	3791	bsl-1.2,nawl-1.2,ngsl-gr-1.0,octanove-c1c2-1.0,oewn-2025		validated
master-embody-verb	embody	verb	C2	source-backed	octanove-c1c2-1.0	less-common	source-backed-rank	ngsl-gr-1.0	4676	bsl-1.2,ngsl-gr-1.0,octanove-c1c2-1.0,oewn-2025		validated
master-eminence-noun	eminence	noun	C2	source-backed	octanove-c1c2-1.0	advanced	editorial-band			octanove-c1c2-1.0,oewn-2025		validated
master-eminent-adjective	eminent	adjective	C2	source-backed	octanove-c1c2-1.0	advanced	editorial-band			octanove-c1c2-1.0,oewn-2025		validated
master-emolument-noun	emolument	noun	C2	source-backed	octanove-c1c2-1.0	advanced	editorial-band			octanove-c1c2-1.0,oewn-2025		validated
master-emulate-verb	emulate	verb	C2	source-backed	octanove-c1c2-1.0	advanced	editorial-band			octanove-c1c2-1.0,oewn-2025		validated
master-emulation-noun	emulation	noun	C2	source-backed	octanove-c1c2-1.0	advanced	editorial-band			octanove-c1c2-1.0,oewn-2025		validated
master-encompass-verb	encompass	verb	C2	source-backed	octanove-c1c2-1.0	less-common	source-backed-rank	ngsl-gr-1.0	4983	bsl-1.2,ngsl-gr-1.0,octanove-c1c2-1.0,oewn-2025		validated
master-encumber-verb	encumber	verb	C2	source-backed	octanove-c1c2-1.0	advanced	editorial-band			octanove-c1c2-1.0,oewn-2025		validated
master-encumbrance-noun	encumbrance	noun	C2	source-backed	octanove-c1c2-1.0	advanced	editorial-band			octanove-c1c2-1.0,oewn-2025		validated
master-enduringly-adverb	enduringly	adverb	C2	source-backed	octanove-c1c2-1.0	advanced	editorial-band			octanove-c1c2-1.0,oewn-2025		validated
master-engender-verb	engender	verb	C2	source-backed	octanove-c1c2-1.0	advanced	editorial-band			octanove-c1c2-1.0,oewn-2025		validated
master-enthuse-verb	enthuse	verb	C2	source-backed	octanove-c1c2-1.0	advanced	editorial-band			octanove-c1c2-1.0,oewn-2025		validated
master-ephemera-noun	ephemera	noun	C2	source-backed	octanove-c1c2-1.0	advanced	editorial-band			octanove-c1c2-1.0,oewn-2025		validated
master-ephemeral-adjective	ephemeral	adjective	C2	source-backed	octanove-c1c2-1.0	advanced	editorial-band			octanove-c1c2-1.0,oewn-2025		validated
master-ephemerality-noun	ephemerality	noun	C2	source-backed	octanove-c1c2-1.0	advanced	editorial-band			octanove-c1c2-1.0,oewn-2025		validated
master-equable-adjective	equable	adjective	C2	source-backed	octanove-c1c2-1.0	advanced	editorial-band			octanove-c1c2-1.0,oewn-2025		validated
master-equilibrium-noun	equilibrium	noun	C2	source-backed	octanove-c1c2-1.0	less-common	source-backed-rank	ngsl-gr-1.0	4782	bsl-1.2,nawl-1.2,ngsl-gr-1.0,octanove-c1c2-1.0,oewn-2025		validated
v120	equivocal	adjective	C2	editorial-estimate		advanced	editorial-band			vocabulary-core-2026-08		validated
master-euphemism-noun	euphemism	noun	C2	source-backed	octanove-c1c2-1.0	advanced	editorial-band			octanove-c1c2-1.0,oewn-2025		validated
master-euphemistic-adjective	euphemistic	adjective	C2	source-backed	octanove-c1c2-1.0	advanced	editorial-band			octanove-c1c2-1.0,oewn-2025		validated
master-euphemistically-adverb	euphemistically	adverb	C2	source-backed	octanove-c1c2-1.0	advanced	editorial-band			octanove-c1c2-1.0,oewn-2025		validated
master-euphoria-noun	euphoria	noun	C2	source-backed	octanove-c1c2-1.0	advanced	editorial-band			octanove-c1c2-1.0,oewn-2025		validated
master-euphoric-adjective	euphoric	adjective	C2	source-backed	octanove-c1c2-1.0	advanced	editorial-band			octanove-c1c2-1.0,oewn-2025		validated
master-exact-verb	exact	verb	C2	source-backed	octanove-c1c2-1.0	common	source-backed-rank	ngsl-gr-1.0	2377	ngsl-gr-1.0,octanove-c1c2-1.0,oewn-2025		validated
master-exalted-adjective	exalted	adjective	C2	source-backed	octanove-c1c2-1.0	advanced	editorial-band			octanove-c1c2-1.0,oewn-2025		validated
master-exorcism-noun	exorcism	noun	C2	source-backed	octanove-c1c2-1.0	advanced	editorial-band			octanove-c1c2-1.0,oewn-2025		validated
master-exorcist-noun	exorcist	noun	C2	source-backed	octanove-c1c2-1.0	advanced	editorial-band			octanove-c1c2-1.0,oewn-2025		validated
master-extant-adjective	extant	adjective	C2	source-backed	octanove-c1c2-1.0	advanced	editorial-band			octanove-c1c2-1.0,oewn-2025		validated
master-extracurricular-adjective	extracurricular	adjective	C2	source-backed	octanove-c1c2-1.0	advanced	editorial-band			octanove-c1c2-1.0,oewn-2025		validated
master-exude-verb	exude	verb	C2	source-backed	octanove-c1c2-1.0	advanced	editorial-band			octanove-c1c2-1.0,oewn-2025		validated
master-facsimile-noun	facsimile	noun	C2	source-backed	octanove-c1c2-1.0	advanced	editorial-band			octanove-c1c2-1.0,oewn-2025		validated
master-fallacy-noun	fallacy	noun	C2	source-backed	octanove-c1c2-1.0	advanced	editorial-band			octanove-c1c2-1.0,oewn-2025		validated
master-ferocity-noun	ferocity	noun	C2	source-backed	octanove-c1c2-1.0	advanced	editorial-band			octanove-c1c2-1.0,oewn-2025		validated
master-fete-noun	fete	noun	C2	source-backed	octanove-c1c2-1.0	advanced	editorial-band			octanove-c1c2-1.0,oewn-2025		validated
master-figuratively-adverb	figuratively	adverb	C2	source-backed	octanove-c1c2-1.0	advanced	editorial-band			octanove-c1c2-1.0,oewn-2025		validated
master-flagging-adjective	flagging	adjective	C2	source-backed	octanove-c1c2-1.0	advanced	editorial-band			octanove-c1c2-1.0,oewn-2025		validated
master-flightiness-noun	flightiness	noun	C2	source-backed	octanove-c1c2-1.0	advanced	editorial-band			octanove-c1c2-1.0,oewn-2025		validated
master-flighty-adjective	flighty	adjective	C2	source-backed	octanove-c1c2-1.0	advanced	editorial-band			octanove-c1c2-1.0,oewn-2025		validated
master-flit-verb	flit	verb	C2	source-backed	octanove-c1c2-1.0	advanced	editorial-band			octanove-c1c2-1.0,oewn-2025		validated
master-fluctuate-verb	fluctuate	verb	C2	source-backed	octanove-c1c2-1.0	less-common	source-backed-rank	ngsl-gr-1.0	4829	bsl-1.2,ngsl-gr-1.0,octanove-c1c2-1.0,oewn-2025		validated
master-fluctuation-noun	fluctuation	noun	C2	source-backed	octanove-c1c2-1.0	less-common	source-backed-rank	ngsl-gr-1.0	4287	bsl-1.2,ngsl-gr-1.0,octanove-c1c2-1.0,oewn-2025		validated
master-forfeiture-noun	forfeiture	noun	C2	source-backed	octanove-c1c2-1.0	advanced	editorial-band			octanove-c1c2-1.0,oewn-2025		validated
master-frolic-verb	frolic	verb	C2	source-backed	octanove-c1c2-1.0	advanced	editorial-band			octanove-c1c2-1.0,oewn-2025		validated
master-gale-noun	gale	noun	C2	source-backed	octanove-c1c2-1.0	advanced	editorial-band			octanove-c1c2-1.0,oewn-2025		validated
master-gambit-noun	gambit	noun	C2	source-backed	octanove-c1c2-1.0	advanced	editorial-band			octanove-c1c2-1.0,oewn-2025		validated
master-gauche-adjective	gauche	adjective	C2	source-backed	octanove-c1c2-1.0	advanced	editorial-band			octanove-c1c2-1.0,oewn-2025		validated
master-glitz-noun	glitz	noun	C2	source-backed	octanove-c1c2-1.0	advanced	editorial-band			octanove-c1c2-1.0,oewn-2025		validated
master-graft-noun	graft	noun	C2	source-backed	octanove-c1c2-1.0	advanced	editorial-band			octanove-c1c2-1.0,oewn-2025		validated
master-gravitate-verb	gravitate	verb	C2	source-backed	octanove-c1c2-1.0	advanced	editorial-band			octanove-c1c2-1.0,oewn-2025		validated
master-gravitational-adjective	gravitational	adjective	C2	source-backed	octanove-c1c2-1.0	advanced	editorial-band			octanove-c1c2-1.0,oewn-2025		validated
master-gravitationally-adverb	gravitationally	adverb	C2	source-backed	octanove-c1c2-1.0	advanced	editorial-band			octanove-c1c2-1.0,oewn-2025		validated
master-grievance-noun	grievance	noun	C2	source-backed	octanove-c1c2-1.0	advanced	editorial-band			octanove-c1c2-1.0,oewn-2025		validated
master-habitation-noun	habitation	noun	C2	source-backed	octanove-c1c2-1.0	advanced	editorial-band			octanove-c1c2-1.0,oewn-2025		validated
master-haphazard-adjective	haphazard	adjective	C2	source-backed	octanove-c1c2-1.0	advanced	editorial-band			octanove-c1c2-1.0,oewn-2025		validated
master-haphazardly-adverb	haphazardly	adverb	C2	source-backed	octanove-c1c2-1.0	advanced	editorial-band			octanove-c1c2-1.0,oewn-2025		validated
master-hapless-adjective	hapless	adjective	C2	source-backed	octanove-c1c2-1.0	advanced	editorial-band			octanove-c1c2-1.0,oewn-2025		validated
master-haughtily-adverb	haughtily	adverb	C2	source-backed	octanove-c1c2-1.0	advanced	editorial-band			octanove-c1c2-1.0,oewn-2025		validated
master-haughty-adjective	haughty	adjective	C2	source-backed	octanove-c1c2-1.0	advanced	editorial-band			octanove-c1c2-1.0,oewn-2025		validated
master-hazard-verb	hazard	verb	C2	source-backed	octanove-c1c2-1.0	less-common	source-backed-rank	ngsl-gr-1.0	4099	bsl-1.2,ngsl-gr-1.0,octanove-c1c2-1.0,oewn-2025		validated
master-headmistress-noun	headmistress	noun	C2	source-backed	octanove-c1c2-1.0	advanced	editorial-band			octanove-c1c2-1.0,oewn-2025		validated
master-helm-noun	helm	noun	C2	source-backed	octanove-c1c2-1.0	advanced	editorial-band			octanove-c1c2-1.0,oewn-2025		validated
master-herald-noun	herald	noun	C2	source-backed	octanove-c1c2-1.0	advanced	editorial-band			octanove-c1c2-1.0,oewn-2025		validated
master-herald-verb	herald	verb	C2	source-backed	octanove-c1c2-1.0	advanced	editorial-band			octanove-c1c2-1.0,oewn-2025		validated
master-hermetic-adjective	hermetic	adjective	C2	source-backed	octanove-c1c2-1.0	advanced	editorial-band			octanove-c1c2-1.0,oewn-2025		validated
master-hermit-noun	hermit	noun	C2	source-backed	octanove-c1c2-1.0	advanced	editorial-band			octanove-c1c2-1.0,oewn-2025		validated
master-hindsight-noun	hindsight	noun	C2	source-backed	octanove-c1c2-1.0	advanced	editorial-band			octanove-c1c2-1.0,oewn-2025		validated
master-hitch-verb	hitch	verb	C2	source-backed	octanove-c1c2-1.0	advanced	editorial-band			octanove-c1c2-1.0,oewn-2025		validated
master-hitherto-adverb	hitherto	adverb	C2	source-backed	octanove-c1c2-1.0	advanced	editorial-band			bsl-1.2,octanove-c1c2-1.0,oewn-2025		validated
master-homestead-noun	homestead	noun	C2	source-backed	octanove-c1c2-1.0	advanced	editorial-band			octanove-c1c2-1.0,oewn-2025		validated
master-hotelier-noun	hotelier	noun	C2	source-backed	octanove-c1c2-1.0	advanced	editorial-band			octanove-c1c2-1.0,oewn-2025		validated
master-huddle-noun	huddle	noun	C2	source-backed	octanove-c1c2-1.0	advanced	editorial-band			octanove-c1c2-1.0,oewn-2025		validated
master-huddle-verb	huddle	verb	C2	source-backed	octanove-c1c2-1.0	advanced	editorial-band			octanove-c1c2-1.0,oewn-2025		validated
master-hull-noun	hull	noun	C2	source-backed	octanove-c1c2-1.0	advanced	editorial-band			octanove-c1c2-1.0,oewn-2025		validated
master-hypothesis-noun	hypothesis	noun	C2	source-backed	octanove-c1c2-1.0	common	source-backed-rank	ngsl-gr-1.0	2825	ngsl-gr-1.0,octanove-c1c2-1.0,oewn-2025		validated
master-hypothesize-verb	hypothesize	verb	C2	source-backed	octanove-c1c2-1.0	advanced	editorial-band			octanove-c1c2-1.0,oewn-2025		validated
master-hypothetical-adjective	hypothetical	adjective	C2	source-backed	octanove-c1c2-1.0	advanced	editorial-band			bsl-1.2,octanove-c1c2-1.0,oewn-2025		validated
master-idiomatic-adjective	idiomatic	adjective	C2	source-backed	octanove-c1c2-1.0	advanced	editorial-band			octanove-c1c2-1.0,oewn-2025		validated
master-idiomatically-adverb	idiomatically	adverb	C2	source-backed	octanove-c1c2-1.0	advanced	editorial-band			octanove-c1c2-1.0,oewn-2025		validated
master-idiosyncrasy-noun	idiosyncrasy	noun	C2	source-backed	octanove-c1c2-1.0	advanced	editorial-band			octanove-c1c2-1.0,oewn-2025		validated
master-idiosyncratic-adjective	idiosyncratic	adjective	C2	source-backed	octanove-c1c2-1.0	advanced	editorial-band			octanove-c1c2-1.0,oewn-2025		validated
master-idle-verb	idle	verb	C2	source-backed	octanove-c1c2-1.0	advanced	editorial-band			bsl-1.2,octanove-c1c2-1.0,oewn-2025		validated
master-ignominious-adjective	ignominious	adjective	C2	source-backed	octanove-c1c2-1.0	advanced	editorial-band			octanove-c1c2-1.0,oewn-2025		validated
master-ignominiously-adverb	ignominiously	adverb	C2	source-backed	octanove-c1c2-1.0	advanced	editorial-band			octanove-c1c2-1.0,oewn-2025		validated
master-impeccable-adjective	impeccable	adjective	C2	source-backed	octanove-c1c2-1.0	advanced	editorial-band			octanove-c1c2-1.0,oewn-2025		validated
master-impeccably-adverb	impeccably	adverb	C2	source-backed	octanove-c1c2-1.0	advanced	editorial-band			octanove-c1c2-1.0,oewn-2025		validated
master-imperceptible-adjective	imperceptible	adjective	C2	source-backed	octanove-c1c2-1.0	advanced	editorial-band			octanove-c1c2-1.0,oewn-2025		validated
master-imperceptibly-adverb	imperceptibly	adverb	C2	source-backed	octanove-c1c2-1.0	advanced	editorial-band			octanove-c1c2-1.0,oewn-2025		validated
master-imposition-noun	imposition	noun	C2	source-backed	octanove-c1c2-1.0	advanced	editorial-band			octanove-c1c2-1.0,oewn-2025		validated
master-impressionistic-adjective	impressionistic	adjective	C2	source-backed	octanove-c1c2-1.0	advanced	editorial-band			octanove-c1c2-1.0,oewn-2025		validated
master-inartistic-adjective	inartistic	adjective	C2	source-backed	octanove-c1c2-1.0	advanced	editorial-band			octanove-c1c2-1.0,oewn-2025		validated
master-incumbent-adjective	incumbent	adjective	C2	source-backed	octanove-c1c2-1.0	advanced	editorial-band			bsl-1.2,nawl-1.2,octanove-c1c2-1.0,oewn-2025		validated
master-incumbent-noun	incumbent	noun	C2	source-backed	octanove-c1c2-1.0	advanced	editorial-band			bsl-1.2,nawl-1.2,octanove-c1c2-1.0,oewn-2025		validated
master-indignant-adjective	indignant	adjective	C2	source-backed	octanove-c1c2-1.0	advanced	editorial-band			octanove-c1c2-1.0,oewn-2025		validated
master-indignantly-adverb	indignantly	adverb	C2	source-backed	octanove-c1c2-1.0	advanced	editorial-band			octanove-c1c2-1.0,oewn-2025		validated
master-individualism-noun	individualism	noun	C2	source-backed	octanove-c1c2-1.0	advanced	editorial-band			octanove-c1c2-1.0,oewn-2025		validated
master-indolence-noun	indolence	noun	C2	source-backed	octanove-c1c2-1.0	advanced	editorial-band			octanove-c1c2-1.0,oewn-2025		validated
master-indolent-adjective	indolent	adjective	C2	source-backed	octanove-c1c2-1.0	advanced	editorial-band			octanove-c1c2-1.0,oewn-2025		validated
master-indolently-adverb	indolently	adverb	C2	source-backed	octanove-c1c2-1.0	advanced	editorial-band			octanove-c1c2-1.0,oewn-2025		validated
master-induce-verb	induce	verb	C2	source-backed	octanove-c1c2-1.0	common	source-backed-rank	ngsl-gr-1.0	3091	bsl-1.2,nawl-1.2,ngsl-gr-1.0,octanove-c1c2-1.0,oewn-2025		validated
master-inducement-noun	inducement	noun	C2	source-backed	octanove-c1c2-1.0	advanced	editorial-band			octanove-c1c2-1.0,oewn-2025		validated
master-indulgence-noun	indulgence	noun	C2	source-backed	octanove-c1c2-1.0	advanced	editorial-band			octanove-c1c2-1.0,oewn-2025		validated
master-indulgently-adverb	indulgently	adverb	C2	source-backed	octanove-c1c2-1.0	advanced	editorial-band			octanove-c1c2-1.0,oewn-2025		validated
master-infallibility-noun	infallibility	noun	C2	source-backed	octanove-c1c2-1.0	advanced	editorial-band			octanove-c1c2-1.0,oewn-2025		validated
master-infallible-adjective	infallible	adjective	C2	source-backed	octanove-c1c2-1.0	advanced	editorial-band			octanove-c1c2-1.0,oewn-2025		validated
master-informant-noun	informant	noun	C2	source-backed	octanove-c1c2-1.0	advanced	editorial-band			octanove-c1c2-1.0,oewn-2025		validated
master-ingrate-noun	ingrate	noun	C2	source-backed	octanove-c1c2-1.0	advanced	editorial-band			octanove-c1c2-1.0,oewn-2025		validated
master-ingratiate-verb	ingratiate	verb	C2	source-backed	octanove-c1c2-1.0	advanced	editorial-band			octanove-c1c2-1.0,oewn-2025		validated
master-ingratiating-adjective	ingratiating	adjective	C2	source-backed	octanove-c1c2-1.0	advanced	editorial-band			octanove-c1c2-1.0,oewn-2025		validated
master-ingratiatingly-adverb	ingratiatingly	adverb	C2	source-backed	octanove-c1c2-1.0	advanced	editorial-band			octanove-c1c2-1.0,oewn-2025		validated
master-innuendo-noun	innuendo	noun	C2	source-backed	octanove-c1c2-1.0	advanced	editorial-band			octanove-c1c2-1.0,oewn-2025		validated
master-inscrutable-adjective	inscrutable	adjective	C2	source-backed	octanove-c1c2-1.0	advanced	editorial-band			octanove-c1c2-1.0,oewn-2025		validated
master-insular-adjective	insular	adjective	C2	source-backed	octanove-c1c2-1.0	advanced	editorial-band			octanove-c1c2-1.0,oewn-2025		validated
master-integration-noun	integration	noun	C2	source-backed	octanove-c1c2-1.0	common	source-backed-rank	ngsl-gr-1.0	2960	bsl-1.2,nawl-1.2,ngsl-gr-1.0,octanove-c1c2-1.0,oewn-2025		validated
master-interlocking-adjective	interlocking	adjective	C2	source-backed	octanove-c1c2-1.0	advanced	editorial-band			octanove-c1c2-1.0,oewn-2025		validated
master-interlude-noun	interlude	noun	C2	source-backed	octanove-c1c2-1.0	advanced	editorial-band			octanove-c1c2-1.0,oewn-2025		validated
master-intermediary-noun	intermediary	noun	C2	source-backed	octanove-c1c2-1.0	advanced	editorial-band			bsl-1.2,octanove-c1c2-1.0,oewn-2025		validated
master-interrogate-verb	interrogate	verb	C2	source-backed	octanove-c1c2-1.0	advanced	editorial-band			octanove-c1c2-1.0,oewn-2025		validated
master-interrogation-noun	interrogation	noun	C2	source-backed	octanove-c1c2-1.0	advanced	editorial-band			octanove-c1c2-1.0,oewn-2025		validated
master-interrogative-adjective	interrogative	adjective	C2	source-backed	octanove-c1c2-1.0	advanced	editorial-band			octanove-c1c2-1.0,oewn-2025		validated
master-interrogatively-adverb	interrogatively	adverb	C2	source-backed	octanove-c1c2-1.0	advanced	editorial-band			octanove-c1c2-1.0,oewn-2025		validated
master-intrinsic-adjective	intrinsic	adjective	C2	source-backed	octanove-c1c2-1.0	advanced	editorial-band			bsl-1.2,octanove-c1c2-1.0,oewn-2025		validated
master-intrinsically-adverb	intrinsically	adverb	C2	source-backed	octanove-c1c2-1.0	advanced	editorial-band			octanove-c1c2-1.0,oewn-2025		validated
master-ironic-adjective	ironic	adjective	C2	source-backed	octanove-c1c2-1.0	advanced	editorial-band			octanove-c1c2-1.0,oewn-2025		validated
master-irrelevancy-noun	irrelevancy	noun	C2	source-backed	octanove-c1c2-1.0	advanced	editorial-band			octanove-c1c2-1.0,oewn-2025		validated
master-irrevocable-adjective	irrevocable	adjective	C2	source-backed	octanove-c1c2-1.0	advanced	editorial-band			octanove-c1c2-1.0,oewn-2025		validated
master-irrevocably-adverb	irrevocably	adverb	C2	source-backed	octanove-c1c2-1.0	advanced	editorial-band			octanove-c1c2-1.0,oewn-2025		validated
master-jargon-noun	jargon	noun	C2	source-backed	octanove-c1c2-1.0	advanced	editorial-band			octanove-c1c2-1.0,oewn-2025		validated
master-kinetic-adjective	kinetic	adjective	C2	source-backed	octanove-c1c2-1.0	advanced	editorial-band			octanove-c1c2-1.0,oewn-2025		validated
master-lament-verb	lament	verb	C2	source-backed	octanove-c1c2-1.0	advanced	editorial-band			octanove-c1c2-1.0,oewn-2025		validated
master-lamentation-noun	lamentation	noun	C2	source-backed	octanove-c1c2-1.0	advanced	editorial-band			octanove-c1c2-1.0,oewn-2025		validated
master-lassitude-noun	lassitude	noun	C2	source-backed	octanove-c1c2-1.0	advanced	editorial-band			octanove-c1c2-1.0,oewn-2025		validated
master-laud-verb	laud	verb	C2	source-backed	octanove-c1c2-1.0	advanced	editorial-band			octanove-c1c2-1.0,oewn-2025		validated
master-laudatory-adjective	laudatory	adjective	C2	source-backed	octanove-c1c2-1.0	advanced	editorial-band			octanove-c1c2-1.0,oewn-2025		validated
master-liaise-verb	liaise	verb	C2	source-backed	octanove-c1c2-1.0	advanced	editorial-band			octanove-c1c2-1.0,oewn-2025		validated
master-locomotion-noun	locomotion	noun	C2	source-backed	octanove-c1c2-1.0	advanced	editorial-band			octanove-c1c2-1.0,oewn-2025		validated
master-locomotive-noun	locomotive	noun	C2	source-backed	octanove-c1c2-1.0	advanced	editorial-band			octanove-c1c2-1.0,oewn-2025		validated
master-loiter-verb	loiter	verb	C2	source-backed	octanove-c1c2-1.0	advanced	editorial-band			octanove-c1c2-1.0,oewn-2025		validated
master-lurid-adjective	lurid	adjective	C2	source-backed	octanove-c1c2-1.0	advanced	editorial-band			octanove-c1c2-1.0,oewn-2025		validated
master-luridly-adverb	luridly	adverb	C2	source-backed	octanove-c1c2-1.0	advanced	editorial-band			octanove-c1c2-1.0,oewn-2025		validated
master-lyrical-adjective	lyrical	adjective	C2	source-backed	octanove-c1c2-1.0	advanced	editorial-band			octanove-c1c2-1.0,oewn-2025		validated
master-lyrically-adverb	lyrically	adverb	C2	source-backed	octanove-c1c2-1.0	advanced	editorial-band			octanove-c1c2-1.0,oewn-2025		validated
master-lyricist-noun	lyricist	noun	C2	source-backed	octanove-c1c2-1.0	advanced	editorial-band			octanove-c1c2-1.0,oewn-2025		validated
master-maggot-noun	maggot	noun	C2	source-backed	octanove-c1c2-1.0	advanced	editorial-band			octanove-c1c2-1.0,oewn-2025		validated
master-magnanimity-noun	magnanimity	noun	C2	source-backed	octanove-c1c2-1.0	advanced	editorial-band			octanove-c1c2-1.0,oewn-2025		validated
master-magnanimous-adjective	magnanimous	adjective	C2	source-backed	octanove-c1c2-1.0	advanced	editorial-band			octanove-c1c2-1.0,oewn-2025		validated
master-magnanimously-adverb	magnanimously	adverb	C2	source-backed	octanove-c1c2-1.0	advanced	editorial-band			octanove-c1c2-1.0,oewn-2025		validated
master-magnate-noun	magnate	noun	C2	source-backed	octanove-c1c2-1.0	advanced	editorial-band			octanove-c1c2-1.0,oewn-2025		validated
master-magpie-noun	magpie	noun	C2	source-backed	octanove-c1c2-1.0	advanced	editorial-band			octanove-c1c2-1.0,oewn-2025		validated
master-malice-noun	malice	noun	C2	source-backed	octanove-c1c2-1.0	advanced	editorial-band			octanove-c1c2-1.0,oewn-2025		validated
master-malicious-adjective	malicious	adjective	C2	source-backed	octanove-c1c2-1.0	advanced	editorial-band			octanove-c1c2-1.0,oewn-2025		validated
master-maliciously-adverb	maliciously	adverb	C2	source-backed	octanove-c1c2-1.0	advanced	editorial-band			octanove-c1c2-1.0,oewn-2025		validated
master-malleability-noun	malleability	noun	C2	source-backed	octanove-c1c2-1.0	advanced	editorial-band			octanove-c1c2-1.0,oewn-2025		validated
master-malleable-adjective	malleable	adjective	C2	source-backed	octanove-c1c2-1.0	advanced	editorial-band			octanove-c1c2-1.0,oewn-2025		validated
master-mangle-verb	mangle	verb	C2	source-backed	octanove-c1c2-1.0	advanced	editorial-band			octanove-c1c2-1.0,oewn-2025		validated
master-mariner-noun	mariner	noun	C2	source-backed	octanove-c1c2-1.0	advanced	editorial-band			octanove-c1c2-1.0,oewn-2025		validated
master-marvel-noun	marvel	noun	C2	source-backed	octanove-c1c2-1.0	advanced	editorial-band			octanove-c1c2-1.0,oewn-2025		validated
master-materialism-noun	materialism	noun	C2	source-backed	octanove-c1c2-1.0	advanced	editorial-band			octanove-c1c2-1.0,oewn-2025		validated
master-materialistic-adjective	materialistic	adjective	C2	source-backed	octanove-c1c2-1.0	advanced	editorial-band			octanove-c1c2-1.0,oewn-2025		validated
master-maverick-noun	maverick	noun	C2	source-backed	octanove-c1c2-1.0	advanced	editorial-band			octanove-c1c2-1.0,oewn-2025		validated
master-mediate-verb	mediate	verb	C2	source-backed	octanove-c1c2-1.0	advanced	editorial-band			nawl-1.2,octanove-c1c2-1.0,oewn-2025		validated
master-mediation-noun	mediation	noun	C2	source-backed	octanove-c1c2-1.0	advanced	editorial-band			octanove-c1c2-1.0,oewn-2025		validated
master-mediocrity-noun	mediocrity	noun	C2	source-backed	octanove-c1c2-1.0	advanced	editorial-band			octanove-c1c2-1.0,oewn-2025		validated
master-melancholy-adjective	melancholy	adjective	C2	source-backed	octanove-c1c2-1.0	advanced	editorial-band			octanove-c1c2-1.0,oewn-2025		validated
master-melancholy-noun	melancholy	noun	C2	source-backed	octanove-c1c2-1.0	advanced	editorial-band			octanove-c1c2-1.0,oewn-2025		validated
master-melodious-adjective	melodious	adjective	C2	source-backed	octanove-c1c2-1.0	advanced	editorial-band			octanove-c1c2-1.0,oewn-2025		validated
master-melodiously-adverb	melodiously	adverb	C2	source-backed	octanove-c1c2-1.0	advanced	editorial-band			octanove-c1c2-1.0,oewn-2025		validated
master-menace-noun	menace	noun	C2	source-backed	octanove-c1c2-1.0	advanced	editorial-band			octanove-c1c2-1.0,oewn-2025		validated
master-menacing-adjective	menacing	adjective	C2	source-backed	octanove-c1c2-1.0	advanced	editorial-band			octanove-c1c2-1.0,oewn-2025		validated
master-menacingly-adverb	menacingly	adverb	C2	source-backed	octanove-c1c2-1.0	advanced	editorial-band			octanove-c1c2-1.0,oewn-2025		validated
master-menial-adjective	menial	adjective	C2	source-backed	octanove-c1c2-1.0	advanced	editorial-band			octanove-c1c2-1.0,oewn-2025		validated
master-mercenary-noun	mercenary	noun	C2	source-backed	octanove-c1c2-1.0	advanced	editorial-band			octanove-c1c2-1.0,oewn-2025		validated
master-merit-noun	merit	noun	C2	source-backed	octanove-c1c2-1.0	common	source-backed-rank	ngsl-gr-1.0	3214	bsl-1.2,ngsl-gr-1.0,octanove-c1c2-1.0,oewn-2025		validated
master-merit-verb	merit	verb	C2	source-backed	octanove-c1c2-1.0	common	source-backed-rank	ngsl-gr-1.0	3214	bsl-1.2,ngsl-gr-1.0,octanove-c1c2-1.0,oewn-2025		validated
master-mesh-verb	mesh	verb	C2	source-backed	octanove-c1c2-1.0	advanced	editorial-band			octanove-c1c2-1.0,oewn-2025		validated
master-mesmeric-adjective	mesmeric	adjective	C2	source-backed	octanove-c1c2-1.0	advanced	editorial-band			octanove-c1c2-1.0,oewn-2025		validated
master-meteorological-adjective	meteorological	adjective	C2	source-backed	octanove-c1c2-1.0	advanced	editorial-band			octanove-c1c2-1.0,oewn-2025		validated
master-meteorology-noun	meteorology	noun	C2	source-backed	octanove-c1c2-1.0	advanced	editorial-band			octanove-c1c2-1.0,oewn-2025		validated
master-methodological-adjective	methodological	adjective	C2	source-backed	octanove-c1c2-1.0	advanced	editorial-band			octanove-c1c2-1.0,oewn-2025		validated
master-methodologically-adverb	methodologically	adverb	C2	source-backed	octanove-c1c2-1.0	advanced	editorial-band			octanove-c1c2-1.0,oewn-2025		validated
master-methodology-noun	methodology	noun	C2	source-backed	octanove-c1c2-1.0	less-common	source-backed-rank	ngsl-gr-1.0	4356	bsl-1.2,nawl-1.2,ngsl-gr-1.0,octanove-c1c2-1.0,oewn-2025		validated
master-meticulous-adjective	meticulous	adjective	C2	source-backed	octanove-c1c2-1.0	advanced	editorial-band			octanove-c1c2-1.0,oewn-2025		validated
master-meticulously-adverb	meticulously	adverb	C2	source-backed	octanove-c1c2-1.0	advanced	editorial-band			octanove-c1c2-1.0,oewn-2025		validated
master-midwifery-noun	midwifery	noun	C2	source-backed	octanove-c1c2-1.0	advanced	editorial-band			octanove-c1c2-1.0,oewn-2025		validated
master-mien-noun	mien	noun	C2	source-backed	octanove-c1c2-1.0	advanced	editorial-band			octanove-c1c2-1.0,oewn-2025		validated
master-minefield-noun	minefield	noun	C2	source-backed	octanove-c1c2-1.0	advanced	editorial-band			octanove-c1c2-1.0,oewn-2025		validated
master-modernism-noun	modernism	noun	C2	source-backed	octanove-c1c2-1.0	advanced	editorial-band			octanove-c1c2-1.0,oewn-2025		validated
master-monastic-adjective	monastic	adjective	C2	source-backed	octanove-c1c2-1.0	advanced	editorial-band			octanove-c1c2-1.0,oewn-2025		validated
master-moor-noun	moor	noun	C2	source-backed	octanove-c1c2-1.0	advanced	editorial-band			octanove-c1c2-1.0,oewn-2025		validated
master-moribund-adjective	moribund	adjective	C2	source-backed	octanove-c1c2-1.0	advanced	editorial-band			octanove-c1c2-1.0,oewn-2025		validated
master-mundanity-noun	mundanity	noun	C2	source-backed	octanove-c1c2-1.0	advanced	editorial-band			octanove-c1c2-1.0,oewn-2025		validated
master-munificence-noun	munificence	noun	C2	source-backed	octanove-c1c2-1.0	advanced	editorial-band			octanove-c1c2-1.0,oewn-2025		validated
master-muscle-bound-adjective	muscle-bound	adjective	C2	source-backed	octanove-c1c2-1.0	advanced	editorial-band			octanove-c1c2-1.0,oewn-2025		validated
master-mutinous-adjective	mutinous	adjective	C2	source-backed	octanove-c1c2-1.0	advanced	editorial-band			octanove-c1c2-1.0,oewn-2025		validated
master-nigh-adverb	nigh	adverb	C2	source-backed	octanove-c1c2-1.0	advanced	editorial-band			octanove-c1c2-1.0,oewn-2025		validated
master-nonchalant-adjective	nonchalant	adjective	C2	source-backed	octanove-c1c2-1.0	advanced	editorial-band			octanove-c1c2-1.0,oewn-2025		validated
master-nonchalantly-adverb	nonchalantly	adverb	C2	source-backed	octanove-c1c2-1.0	advanced	editorial-band			octanove-c1c2-1.0,oewn-2025		validated
master-nostalgia-noun	nostalgia	noun	C2	source-backed	octanove-c1c2-1.0	advanced	editorial-band			octanove-c1c2-1.0,oewn-2025		validated
master-nostalgic-adjective	nostalgic	adjective	C2	source-backed	octanove-c1c2-1.0	advanced	editorial-band			octanove-c1c2-1.0,oewn-2025		validated
master-nostalgically-adverb	nostalgically	adverb	C2	source-backed	octanove-c1c2-1.0	advanced	editorial-band			octanove-c1c2-1.0,oewn-2025		validated
master-notoriety-noun	notoriety	noun	C2	source-backed	octanove-c1c2-1.0	advanced	editorial-band			octanove-c1c2-1.0,oewn-2025		validated
master-notoriously-adverb	notoriously	adverb	C2	source-backed	octanove-c1c2-1.0	advanced	editorial-band			octanove-c1c2-1.0,oewn-2025		validated
master-oblique-adjective	oblique	adjective	C2	source-backed	octanove-c1c2-1.0	advanced	editorial-band			octanove-c1c2-1.0,oewn-2025		validated
master-octogenarian-noun	octogenarian	noun	C2	source-backed	octanove-c1c2-1.0	advanced	editorial-band			octanove-c1c2-1.0,oewn-2025		validated
master-opacity-noun	opacity	noun	C2	source-backed	octanove-c1c2-1.0	advanced	editorial-band			octanove-c1c2-1.0,oewn-2025		validated
master-opaque-adjective	opaque	adjective	C2	source-backed	octanove-c1c2-1.0	advanced	editorial-band			octanove-c1c2-1.0,oewn-2025		validated
master-opulence-noun	opulence	noun	C2	source-backed	octanove-c1c2-1.0	advanced	editorial-band			octanove-c1c2-1.0,oewn-2025		validated
master-opulent-adjective	opulent	adjective	C2	source-backed	octanove-c1c2-1.0	advanced	editorial-band			octanove-c1c2-1.0,oewn-2025		validated
master-opulently-adverb	opulently	adverb	C2	source-backed	octanove-c1c2-1.0	advanced	editorial-band			octanove-c1c2-1.0,oewn-2025		validated
master-ore-noun	ore	noun	C2	source-backed	octanove-c1c2-1.0	advanced	editorial-band			octanove-c1c2-1.0,oewn-2025		validated
master-ornate-adjective	ornate	adjective	C2	source-backed	octanove-c1c2-1.0	advanced	editorial-band			octanove-c1c2-1.0,oewn-2025		validated
master-ostensible-adjective	ostensible	adjective	C2	source-backed	octanove-c1c2-1.0	advanced	editorial-band			octanove-c1c2-1.0,oewn-2025		validated
master-ostensibly-adverb	ostensibly	adverb	C2	source-backed	octanove-c1c2-1.0	advanced	editorial-band			octanove-c1c2-1.0,oewn-2025		validated
master-outmoded-adjective	outmoded	adjective	C2	source-backed	octanove-c1c2-1.0	advanced	editorial-band			octanove-c1c2-1.0,oewn-2025		validated
master-overlay-verb	overlay	verb	C2	source-backed	octanove-c1c2-1.0	advanced	editorial-band			octanove-c1c2-1.0,oewn-2025		validated
master-painstaking-adjective	painstaking	adjective	C2	source-backed	octanove-c1c2-1.0	advanced	editorial-band			octanove-c1c2-1.0,oewn-2025		validated
master-painstakingly-adverb	painstakingly	adverb	C2	source-backed	octanove-c1c2-1.0	advanced	editorial-band			octanove-c1c2-1.0,oewn-2025		validated
master-palatable-adjective	palatable	adjective	C2	source-backed	octanove-c1c2-1.0	advanced	editorial-band			octanove-c1c2-1.0,oewn-2025		validated
master-palate-noun	palate	noun	C2	source-backed	octanove-c1c2-1.0	advanced	editorial-band			octanove-c1c2-1.0,oewn-2025		validated
master-parable-noun	parable	noun	C2	source-backed	octanove-c1c2-1.0	advanced	editorial-band			octanove-c1c2-1.0,oewn-2025		validated
master-parameter-noun	parameter	noun	C2	source-backed	octanove-c1c2-1.0	common	source-backed-rank	ngsl-gr-1.0	3161	bsl-1.2,nawl-1.2,ngsl-gr-1.0,octanove-c1c2-1.0,oewn-2025		validated
master-parasitic-adjective	parasitic	adjective	C2	source-backed	octanove-c1c2-1.0	advanced	editorial-band			octanove-c1c2-1.0,oewn-2025		validated
master-parochial-adjective	parochial	adjective	C2	source-backed	octanove-c1c2-1.0	advanced	editorial-band			octanove-c1c2-1.0,oewn-2025		validated
master-pedestal-noun	pedestal	noun	C2	source-backed	octanove-c1c2-1.0	advanced	editorial-band			octanove-c1c2-1.0,oewn-2025		validated
master-pedestrian-adjective	pedestrian	adjective	C2	source-backed	octanove-c1c2-1.0	advanced	editorial-band			octanove-c1c2-1.0,oewn-2025		validated
master-perch-noun	perch	noun	C2	source-backed	octanove-c1c2-1.0	advanced	editorial-band			octanove-c1c2-1.0,oewn-2025		validated
master-perch-verb	perch	verb	C2	source-backed	octanove-c1c2-1.0	advanced	editorial-band			octanove-c1c2-1.0,oewn-2025		validated
master-pervasive-adjective	pervasive	adjective	C2	source-backed	octanove-c1c2-1.0	advanced	editorial-band			octanove-c1c2-1.0,oewn-2025		validated
master-pervasiveness-noun	pervasiveness	noun	C2	source-backed	octanove-c1c2-1.0	advanced	editorial-band			octanove-c1c2-1.0,oewn-2025		validated
master-perverse-adjective	perverse	adjective	C2	source-backed	octanove-c1c2-1.0	advanced	editorial-band			octanove-c1c2-1.0,oewn-2025		validated
master-perversity-noun	perversity	noun	C2	source-backed	octanove-c1c2-1.0	advanced	editorial-band			octanove-c1c2-1.0,oewn-2025		validated
master-phantom-noun	phantom	noun	C2	source-backed	octanove-c1c2-1.0	advanced	editorial-band			octanove-c1c2-1.0,oewn-2025		validated
master-philanthropic-adjective	philanthropic	adjective	C2	source-backed	octanove-c1c2-1.0	advanced	editorial-band			octanove-c1c2-1.0,oewn-2025		validated
master-philanthropically-adverb	philanthropically	adverb	C2	source-backed	octanove-c1c2-1.0	advanced	editorial-band			octanove-c1c2-1.0,oewn-2025		validated
master-philanthropist-noun	philanthropist	noun	C2	source-backed	octanove-c1c2-1.0	advanced	editorial-band			octanove-c1c2-1.0,oewn-2025		validated
master-philanthropy-noun	philanthropy	noun	C2	source-backed	octanove-c1c2-1.0	advanced	editorial-band			octanove-c1c2-1.0,oewn-2025		validated
master-philistine-noun	philistine	noun	C2	source-backed	octanove-c1c2-1.0	advanced	editorial-band			octanove-c1c2-1.0,oewn-2025		validated
master-physiological-adjective	physiological	adjective	C2	source-backed	octanove-c1c2-1.0	advanced	editorial-band			nawl-1.2,octanove-c1c2-1.0,oewn-2025		validated
master-physiologically-adverb	physiologically	adverb	C2	source-backed	octanove-c1c2-1.0	advanced	editorial-band			octanove-c1c2-1.0,oewn-2025		validated
master-pluck-noun	pluck	noun	C2	source-backed	octanove-c1c2-1.0	advanced	editorial-band			octanove-c1c2-1.0,oewn-2025		validated
master-plumage-noun	plumage	noun	C2	source-backed	octanove-c1c2-1.0	advanced	editorial-band			octanove-c1c2-1.0,oewn-2025		validated
master-plutocrat-noun	plutocrat	noun	C2	source-backed	octanove-c1c2-1.0	advanced	editorial-band			octanove-c1c2-1.0,oewn-2025		validated
master-poise-verb	poise	verb	C2	source-backed	octanove-c1c2-1.0	advanced	editorial-band			octanove-c1c2-1.0,oewn-2025		validated
master-polysyllabic-adjective	polysyllabic	adjective	C2	source-backed	octanove-c1c2-1.0	advanced	editorial-band			octanove-c1c2-1.0,oewn-2025		validated
master-ponderous-adjective	ponderous	adjective	C2	source-backed	octanove-c1c2-1.0	advanced	editorial-band			octanove-c1c2-1.0,oewn-2025		validated
master-ponderously-adverb	ponderously	adverb	C2	source-backed	octanove-c1c2-1.0	advanced	editorial-band			octanove-c1c2-1.0,oewn-2025		validated
master-portraiture-noun	portraiture	noun	C2	source-backed	octanove-c1c2-1.0	advanced	editorial-band			octanove-c1c2-1.0,oewn-2025		validated
master-posit-verb	posit	verb	C2	source-backed	octanove-c1c2-1.0	advanced	editorial-band			octanove-c1c2-1.0,oewn-2025		validated
master-posterity-noun	posterity	noun	C2	source-backed	octanove-c1c2-1.0	advanced	editorial-band			octanove-c1c2-1.0,oewn-2025		validated
master-postural-adjective	postural	adjective	C2	source-backed	octanove-c1c2-1.0	advanced	editorial-band			octanove-c1c2-1.0,oewn-2025		validated
master-posture-verb	posture	verb	C2	source-backed	octanove-c1c2-1.0	advanced	editorial-band			octanove-c1c2-1.0,oewn-2025		validated
master-posturing-noun	posturing	noun	C2	source-backed	octanove-c1c2-1.0	advanced	editorial-band			octanove-c1c2-1.0,oewn-2025		validated
master-practitioner-noun	practitioner	noun	C2	source-backed	octanove-c1c2-1.0	less-common	source-backed-rank	ngsl-gr-1.0	3727	bsl-1.2,nawl-1.2,ngsl-gr-1.0,octanove-c1c2-1.0,oewn-2025		validated
master-precocious-adjective	precocious	adjective	C2	source-backed	octanove-c1c2-1.0	advanced	editorial-band			octanove-c1c2-1.0,oewn-2025		validated
master-precociously-adverb	precociously	adverb	C2	source-backed	octanove-c1c2-1.0	advanced	editorial-band			octanove-c1c2-1.0,oewn-2025		validated
master-predilection-noun	predilection	noun	C2	source-backed	octanove-c1c2-1.0	advanced	editorial-band			octanove-c1c2-1.0,oewn-2025		validated
master-preeminent-adjective	preeminent	adjective	C2	source-backed	octanove-c1c2-1.0	advanced	editorial-band			octanove-c1c2-1.0,oewn-2025		validated
master-preoccupation-noun	preoccupation	noun	C2	source-backed	octanove-c1c2-1.0	advanced	editorial-band			octanove-c1c2-1.0,oewn-2025		validated
master-prescriptive-adjective	prescriptive	adjective	C2	source-backed	octanove-c1c2-1.0	advanced	editorial-band			octanove-c1c2-1.0,oewn-2025		validated
master-pressurize-verb	pressurize	verb	C2	source-backed	octanove-c1c2-1.0	advanced	editorial-band			octanove-c1c2-1.0,oewn-2025		validated
master-presuppose-verb	presuppose	verb	C2	source-backed	octanove-c1c2-1.0	advanced	editorial-band			octanove-c1c2-1.0,oewn-2025		validated
master-presupposition-noun	presupposition	noun	C2	source-backed	octanove-c1c2-1.0	advanced	editorial-band			octanove-c1c2-1.0,oewn-2025		validated
master-primeval-adjective	primeval	adjective	C2	source-backed	octanove-c1c2-1.0	advanced	editorial-band			octanove-c1c2-1.0,oewn-2025		validated
master-prise-verb	prise	verb	C2	source-backed	octanove-c1c2-1.0	advanced	editorial-band			octanove-c1c2-1.0,oewn-2025		validated
master-prissy-adjective	prissy	adjective	C2	source-backed	octanove-c1c2-1.0	advanced	editorial-band			octanove-c1c2-1.0,oewn-2025		validated
master-procedural-adjective	procedural	adjective	C2	source-backed	octanove-c1c2-1.0	advanced	editorial-band			octanove-c1c2-1.0,oewn-2025		validated
master-profitability-noun	profitability	noun	C2	source-backed	octanove-c1c2-1.0	advanced	editorial-band			bsl-1.2,octanove-c1c2-1.0,oewn-2025		validated
master-proliferation-noun	proliferation	noun	C2	source-backed	octanove-c1c2-1.0	advanced	editorial-band			bsl-1.2,octanove-c1c2-1.0,oewn-2025		validated
master-prolong-verb	prolong	verb	C2	source-backed	octanove-c1c2-1.0	less-common	source-backed-rank	ngsl-gr-1.0	4093	bsl-1.2,ngsl-gr-1.0,octanove-c1c2-1.0,oewn-2025		validated
master-promenade-noun	promenade	noun	C2	source-backed	octanove-c1c2-1.0	advanced	editorial-band			octanove-c1c2-1.0,oewn-2025		validated
master-prone-adjective	prone	adjective	C2	source-backed	octanove-c1c2-1.0	advanced	editorial-band			bsl-1.2,octanove-c1c2-1.0,oewn-2025		validated
master-proportional-adjective	proportional	adjective	C2	source-backed	octanove-c1c2-1.0	advanced	editorial-band			bsl-1.2,octanove-c1c2-1.0,oewn-2025		validated
master-proportionally-adverb	proportionally	adverb	C2	source-backed	octanove-c1c2-1.0	advanced	editorial-band			octanove-c1c2-1.0,oewn-2025		validated
master-proposition-noun	proposition	noun	C2	source-backed	octanove-c1c2-1.0	common	source-backed-rank	ngsl-gr-1.0	3159	bsl-1.2,nawl-1.2,ngsl-gr-1.0,octanove-c1c2-1.0,oewn-2025		validated
master-proprietary-adjective	proprietary	adjective	C2	source-backed	octanove-c1c2-1.0	advanced	editorial-band			bsl-1.2,octanove-c1c2-1.0,oewn-2025		validated
master-proscribe-verb	proscribe	verb	C2	source-backed	octanove-c1c2-1.0	advanced	editorial-band			octanove-c1c2-1.0,oewn-2025		validated
master-proscription-noun	proscription	noun	C2	source-backed	octanove-c1c2-1.0	advanced	editorial-band			octanove-c1c2-1.0,oewn-2025		validated
master-prostrate-adjective	prostrate	adjective	C2	source-backed	octanove-c1c2-1.0	advanced	editorial-band			octanove-c1c2-1.0,oewn-2025		validated
master-prostrate-verb	prostrate	verb	C2	source-backed	octanove-c1c2-1.0	advanced	editorial-band			octanove-c1c2-1.0,oewn-2025		validated
master-protrude-verb	protrude	verb	C2	source-backed	octanove-c1c2-1.0	advanced	editorial-band			octanove-c1c2-1.0,oewn-2025		validated
master-protrusion-noun	protrusion	noun	C2	source-backed	octanove-c1c2-1.0	advanced	editorial-band			octanove-c1c2-1.0,oewn-2025		validated
master-provincial-adjective	provincial	adjective	C2	source-backed	octanove-c1c2-1.0	less-common	source-backed-rank	ngsl-gr-1.0	4761	bsl-1.2,ngsl-gr-1.0,octanove-c1c2-1.0,oewn-2025		validated
master-provocation-noun	provocation	noun	C2	source-backed	octanove-c1c2-1.0	advanced	editorial-band			octanove-c1c2-1.0,oewn-2025		validated
master-puritanical-adjective	puritanical	adjective	C2	source-backed	octanove-c1c2-1.0	advanced	editorial-band			octanove-c1c2-1.0,oewn-2025		validated
master-qualitative-adjective	qualitative	adjective	C2	source-backed	octanove-c1c2-1.0	advanced	editorial-band			bsl-1.2,nawl-1.2,octanove-c1c2-1.0,oewn-2025		validated
master-quirk-verb	quirk	verb	C2	source-backed	octanove-c1c2-1.0	advanced	editorial-band			octanove-c1c2-1.0,oewn-2025		validated
master-quiver-verb	quiver	verb	C2	source-backed	octanove-c1c2-1.0	advanced	editorial-band			octanove-c1c2-1.0,oewn-2025		validated
master-rebound-noun	rebound	noun	C2	source-backed	octanove-c1c2-1.0	advanced	editorial-band			bsl-1.2,octanove-c1c2-1.0,oewn-2025		validated
master-rebound-verb	rebound	verb	C2	source-backed	octanove-c1c2-1.0	advanced	editorial-band			bsl-1.2,octanove-c1c2-1.0,oewn-2025		validated
master-recitation-noun	recitation	noun	C2	source-backed	octanove-c1c2-1.0	advanced	editorial-band			octanove-c1c2-1.0,oewn-2025		validated
master-recluse-noun	recluse	noun	C2	source-backed	octanove-c1c2-1.0	advanced	editorial-band			octanove-c1c2-1.0,oewn-2025		validated
master-reclusive-adjective	reclusive	adjective	C2	source-backed	octanove-c1c2-1.0	advanced	editorial-band			octanove-c1c2-1.0,oewn-2025		validated
master-reconcile-verb	reconcile	verb	C2	source-backed	octanove-c1c2-1.0	less-common	source-backed-rank	ngsl-gr-1.0	4954	bsl-1.2,ngsl-gr-1.0,octanove-c1c2-1.0,oewn-2025		validated
master-reconciliation-noun	reconciliation	noun	C2	source-backed	octanove-c1c2-1.0	advanced	editorial-band			bsl-1.2,octanove-c1c2-1.0,oewn-2025		validated
master-recourse-noun	recourse	noun	C2	source-backed	octanove-c1c2-1.0	advanced	editorial-band			octanove-c1c2-1.0,oewn-2025		validated
master-recumbent-adjective	recumbent	adjective	C2	source-backed	octanove-c1c2-1.0	advanced	editorial-band			octanove-c1c2-1.0,oewn-2025		validated
master-recuperate-verb	recuperate	verb	C2	source-backed	octanove-c1c2-1.0	advanced	editorial-band			octanove-c1c2-1.0,oewn-2025		validated
master-recuperation-noun	recuperation	noun	C2	source-backed	octanove-c1c2-1.0	advanced	editorial-band			octanove-c1c2-1.0,oewn-2025		validated
master-recuperative-adjective	recuperative	adjective	C2	source-backed	octanove-c1c2-1.0	advanced	editorial-band			octanove-c1c2-1.0,oewn-2025		validated
master-redundancy-noun	redundancy	noun	C2	source-backed	octanove-c1c2-1.0	advanced	editorial-band			bsl-1.2,octanove-c1c2-1.0,oewn-2025		validated
master-regulatory-adjective	regulatory	adjective	C2	source-backed	octanove-c1c2-1.0	less-common	source-backed-rank	ngsl-gr-1.0	3533	bsl-1.2,ngsl-gr-1.0,octanove-c1c2-1.0,oewn-2025		validated
master-reissue-verb	reissue	verb	C2	source-backed	octanove-c1c2-1.0	advanced	editorial-band			octanove-c1c2-1.0,oewn-2025		validated
master-relegate-verb	relegate	verb	C2	source-backed	octanove-c1c2-1.0	advanced	editorial-band			octanove-c1c2-1.0,oewn-2025		validated
master-remit-verb	remit	verb	C2	source-backed	octanove-c1c2-1.0	advanced	editorial-band			octanove-c1c2-1.0,oewn-2025		validated
master-remittance-noun	remittance	noun	C2	source-backed	octanove-c1c2-1.0	advanced	editorial-band			octanove-c1c2-1.0,oewn-2025		validated
master-repose-noun	repose	noun	C2	source-backed	octanove-c1c2-1.0	advanced	editorial-band			octanove-c1c2-1.0,oewn-2025		validated
master-repose-verb	repose	verb	C2	source-backed	octanove-c1c2-1.0	advanced	editorial-band			octanove-c1c2-1.0,oewn-2025		validated
master-reproach-verb	reproach	verb	C2	source-backed	octanove-c1c2-1.0	advanced	editorial-band			octanove-c1c2-1.0,oewn-2025		validated
master-reptilian-adjective	reptilian	adjective	C2	source-backed	octanove-c1c2-1.0	advanced	editorial-band			octanove-c1c2-1.0,oewn-2025		validated
master-repute-noun	repute	noun	C2	source-backed	octanove-c1c2-1.0	advanced	editorial-band			octanove-c1c2-1.0,oewn-2025		validated
master-requisition-noun	requisition	noun	C2	source-backed	octanove-c1c2-1.0	advanced	editorial-band			octanove-c1c2-1.0,oewn-2025		validated
master-residual-adjective	residual	adjective	C2	source-backed	octanove-c1c2-1.0	advanced	editorial-band			bsl-1.2,nawl-1.2,octanove-c1c2-1.0,oewn-2025		validated
master-residue-noun	residue	noun	C2	source-backed	octanove-c1c2-1.0	advanced	editorial-band			nawl-1.2,octanove-c1c2-1.0,oewn-2025		validated
master-retrospection-noun	retrospection	noun	C2	source-backed	octanove-c1c2-1.0	advanced	editorial-band			octanove-c1c2-1.0,oewn-2025		validated
master-retrospective-adjective	retrospective	adjective	C2	source-backed	octanove-c1c2-1.0	advanced	editorial-band			octanove-c1c2-1.0,oewn-2025		validated
master-revelatory-adjective	revelatory	adjective	C2	source-backed	octanove-c1c2-1.0	advanced	editorial-band			octanove-c1c2-1.0,oewn-2025		validated
master-revile-verb	revile	verb	C2	source-backed	octanove-c1c2-1.0	advanced	editorial-band			octanove-c1c2-1.0,oewn-2025		validated
master-revulsion-noun	revulsion	noun	C2	source-backed	octanove-c1c2-1.0	advanced	editorial-band			octanove-c1c2-1.0,oewn-2025		validated
master-rhetoric-noun	rhetoric	noun	C2	source-backed	octanove-c1c2-1.0	less-common	source-backed-rank	ngsl-gr-1.0	4063	bsl-1.2,nawl-1.2,ngsl-gr-1.0,octanove-c1c2-1.0,oewn-2025		validated
master-rhetorically-adverb	rhetorically	adverb	C2	source-backed	octanove-c1c2-1.0	advanced	editorial-band			octanove-c1c2-1.0,oewn-2025		validated
master-rickety-adjective	rickety	adjective	C2	source-backed	octanove-c1c2-1.0	advanced	editorial-band			octanove-c1c2-1.0,oewn-2025		validated
master-rife-adjective	rife	adjective	C2	source-backed	octanove-c1c2-1.0	advanced	editorial-band			octanove-c1c2-1.0,oewn-2025		validated
master-rift-noun	rift	noun	C2	source-backed	octanove-c1c2-1.0	advanced	editorial-band			octanove-c1c2-1.0,oewn-2025		validated
master-romp-verb	romp	verb	C2	source-backed	octanove-c1c2-1.0	advanced	editorial-band			octanove-c1c2-1.0,oewn-2025		validated
master-romper-noun	romper	noun	C2	source-backed	octanove-c1c2-1.0	advanced	editorial-band			octanove-c1c2-1.0,oewn-2025		validated
master-scavenger-noun	scavenger	noun	C2	source-backed	octanove-c1c2-1.0	advanced	editorial-band			octanove-c1c2-1.0,oewn-2025		validated
master-scroll-noun	scroll	noun	C2	source-backed	octanove-c1c2-1.0	advanced	editorial-band			nawl-1.2,octanove-c1c2-1.0,oewn-2025		validated
master-secular-adjective	secular	adjective	C2	source-backed	octanove-c1c2-1.0	less-common	source-backed-rank	ngsl-gr-1.0	4830	bsl-1.2,ngsl-gr-1.0,octanove-c1c2-1.0,oewn-2025		validated
master-secure-verb	secure	verb	C2	source-backed	octanove-c1c2-1.0	common	source-backed-rank	ngsl-gr-1.0	1573	ngsl-gr-1.0,octanove-c1c2-1.0,oewn-2025		validated
master-seismic-adjective	seismic	adjective	C2	source-backed	octanove-c1c2-1.0	advanced	editorial-band			octanove-c1c2-1.0,oewn-2025		validated
master-shamble-verb	shamble	verb	C2	source-backed	octanove-c1c2-1.0	advanced	editorial-band			octanove-c1c2-1.0,oewn-2025		validated
master-sheaf-noun	sheaf	noun	C2	source-backed	octanove-c1c2-1.0	advanced	editorial-band			octanove-c1c2-1.0,oewn-2025		validated
master-shimmer-verb	shimmer	verb	C2	source-backed	octanove-c1c2-1.0	advanced	editorial-band			octanove-c1c2-1.0,oewn-2025		validated
master-slab-noun	slab	noun	C2	source-backed	octanove-c1c2-1.0	advanced	editorial-band			nawl-1.2,octanove-c1c2-1.0,oewn-2025		validated
master-slither-verb	slither	verb	C2	source-backed	octanove-c1c2-1.0	advanced	editorial-band			octanove-c1c2-1.0,oewn-2025		validated
master-snippet-noun	snippet	noun	C2	source-backed	octanove-c1c2-1.0	advanced	editorial-band			octanove-c1c2-1.0,oewn-2025		validated
master-snobbery-noun	snobbery	noun	C2	source-backed	octanove-c1c2-1.0	advanced	editorial-band			octanove-c1c2-1.0,oewn-2025		validated
master-solicit-verb	solicit	verb	C2	source-backed	octanove-c1c2-1.0	advanced	editorial-band			octanove-c1c2-1.0,oewn-2025		validated
master-soliloquize-verb	soliloquize	verb	C2	source-backed	octanove-c1c2-1.0	advanced	editorial-band			octanove-c1c2-1.0,oewn-2025		validated
master-solipsism-noun	solipsism	noun	C2	source-backed	octanove-c1c2-1.0	advanced	editorial-band			octanove-c1c2-1.0,oewn-2025		validated
master-solitariness-noun	solitariness	noun	C2	source-backed	octanove-c1c2-1.0	advanced	editorial-band			octanove-c1c2-1.0,oewn-2025		validated
master-solitary-adjective	solitary	adjective	C2	source-backed	octanove-c1c2-1.0	advanced	editorial-band			octanove-c1c2-1.0,oewn-2025		validated
master-solitary-noun	solitary	noun	C2	source-backed	octanove-c1c2-1.0	advanced	editorial-band			octanove-c1c2-1.0,oewn-2025		validated
master-solitude-noun	solitude	noun	C2	source-backed	octanove-c1c2-1.0	advanced	editorial-band			octanove-c1c2-1.0,oewn-2025		validated
master-spatial-adjective	spatial	adjective	C2	source-backed	octanove-c1c2-1.0	advanced	editorial-band			nawl-1.2,octanove-c1c2-1.0,oewn-2025		validated
master-spatially-adverb	spatially	adverb	C2	source-backed	octanove-c1c2-1.0	advanced	editorial-band			octanove-c1c2-1.0,oewn-2025		validated
master-splinter-verb	splinter	verb	C2	source-backed	octanove-c1c2-1.0	advanced	editorial-band			octanove-c1c2-1.0,oewn-2025		validated
master-spontaneity-noun	spontaneity	noun	C2	source-backed	octanove-c1c2-1.0	advanced	editorial-band			octanove-c1c2-1.0,oewn-2025		validated
master-spurious-adjective	spurious	adjective	C2	source-backed	octanove-c1c2-1.0	advanced	editorial-band			octanove-c1c2-1.0,oewn-2025		validated
master-spuriously-adverb	spuriously	adverb	C2	source-backed	octanove-c1c2-1.0	advanced	editorial-band			octanove-c1c2-1.0,oewn-2025		validated
master-sterility-noun	sterility	noun	C2	source-backed	octanove-c1c2-1.0	advanced	editorial-band			octanove-c1c2-1.0,oewn-2025		validated
master-stipulate-verb	stipulate	verb	C2	source-backed	octanove-c1c2-1.0	advanced	editorial-band			octanove-c1c2-1.0,oewn-2025		validated
master-stipulation-noun	stipulation	noun	C2	source-backed	octanove-c1c2-1.0	advanced	editorial-band			octanove-c1c2-1.0,oewn-2025		validated
master-stoicism-noun	stoicism	noun	C2	source-backed	octanove-c1c2-1.0	advanced	editorial-band			octanove-c1c2-1.0,oewn-2025		validated
master-stratosphere-noun	stratosphere	noun	C2	source-backed	octanove-c1c2-1.0	advanced	editorial-band			octanove-c1c2-1.0,oewn-2025		validated
master-stultify-verb	stultify	verb	C2	source-backed	octanove-c1c2-1.0	advanced	editorial-band			octanove-c1c2-1.0,oewn-2025		validated
master-subsidize-verb	subsidize	verb	C2	source-backed	octanove-c1c2-1.0	advanced	editorial-band			bsl-1.2,octanove-c1c2-1.0,oewn-2025		validated
master-subsidy-noun	subsidy	noun	C2	source-backed	octanove-c1c2-1.0	less-common	source-backed-rank	ngsl-gr-1.0	3904	bsl-1.2,ngsl-gr-1.0,octanove-c1c2-1.0,oewn-2025		validated
master-substantiate-verb	substantiate	verb	C2	source-backed	octanove-c1c2-1.0	advanced	editorial-band			octanove-c1c2-1.0,oewn-2025		validated
master-succumb-verb	succumb	verb	C2	source-backed	octanove-c1c2-1.0	advanced	editorial-band			octanove-c1c2-1.0,oewn-2025		validated
master-sulphur-noun	sulphur	noun	C2	source-backed	octanove-c1c2-1.0	advanced	editorial-band			octanove-c1c2-1.0,oewn-2025		validated
master-sulphuric-adjective	sulphuric	adjective	C2	source-backed	octanove-c1c2-1.0	advanced	editorial-band			octanove-c1c2-1.0,oewn-2025		validated
master-summarily-adverb	summarily	adverb	C2	source-backed	octanove-c1c2-1.0	advanced	editorial-band			octanove-c1c2-1.0,oewn-2025		validated
master-superfluous-adjective	superfluous	adjective	C2	source-backed	octanove-c1c2-1.0	advanced	editorial-band			octanove-c1c2-1.0,oewn-2025		validated
master-superfluously-adverb	superfluously	adverb	C2	source-backed	octanove-c1c2-1.0	advanced	editorial-band			octanove-c1c2-1.0,oewn-2025		validated
master-surge-verb	surge	verb	C2	source-backed	octanove-c1c2-1.0	common	source-backed-rank	ngsl-gr-1.0	3376	bsl-1.2,ngsl-gr-1.0,octanove-c1c2-1.0,oewn-2025		validated
master-surrealism-noun	surrealism	noun	C2	source-backed	octanove-c1c2-1.0	advanced	editorial-band			octanove-c1c2-1.0,oewn-2025		validated
master-surrealist-noun	surrealist	noun	C2	source-backed	octanove-c1c2-1.0	advanced	editorial-band			octanove-c1c2-1.0,oewn-2025		validated
master-swivel-verb	swivel	verb	C2	source-backed	octanove-c1c2-1.0	advanced	editorial-band			octanove-c1c2-1.0,oewn-2025		validated
master-syllabic-adjective	syllabic	adjective	C2	source-backed	octanove-c1c2-1.0	advanced	editorial-band			octanove-c1c2-1.0,oewn-2025		validated
master-synthesis-noun	synthesis	noun	C2	source-backed	octanove-c1c2-1.0	advanced	editorial-band			nawl-1.2,octanove-c1c2-1.0,oewn-2025		validated
master-tactic-noun	tactic	noun	C2	source-backed	octanove-c1c2-1.0	less-common	source-backed-rank	ngsl-gr-1.0	3515	bsl-1.2,ngsl-gr-1.0,octanove-c1c2-1.0,oewn-2025		validated
master-tactical-adjective	tactical	adjective	C2	source-backed	octanove-c1c2-1.0	advanced	editorial-band			bsl-1.2,octanove-c1c2-1.0,oewn-2025		validated
master-tactically-adverb	tactically	adverb	C2	source-backed	octanove-c1c2-1.0	advanced	editorial-band			octanove-c1c2-1.0,oewn-2025		validated
master-taste-maker-noun	taste-maker	noun	C2	source-backed	octanove-c1c2-1.0	advanced	editorial-band			octanove-c1c2-1.0,oewn-2025		validated
master-teem-verb	teem	verb	C2	source-backed	octanove-c1c2-1.0	advanced	editorial-band			octanove-c1c2-1.0,oewn-2025		validated
master-temper-verb	temper	verb	C2	source-backed	octanove-c1c2-1.0	less-common	source-backed-rank	ngsl-gr-1.0	3818	ngsl-gr-1.0,octanove-c1c2-1.0,oewn-2025		validated
master-tenacious-adjective	tenacious	adjective	C2	source-backed	octanove-c1c2-1.0	advanced	editorial-band			octanove-c1c2-1.0,oewn-2025		validated
master-tenaciously-adverb	tenaciously	adverb	C2	source-backed	octanove-c1c2-1.0	advanced	editorial-band			octanove-c1c2-1.0,oewn-2025		validated
master-tenacity-noun	tenacity	noun	C2	source-backed	octanove-c1c2-1.0	advanced	editorial-band			octanove-c1c2-1.0,oewn-2025		validated
master-testimonial-noun	testimonial	noun	C2	source-backed	octanove-c1c2-1.0	advanced	editorial-band			octanove-c1c2-1.0,oewn-2025		validated
master-timidity-noun	timidity	noun	C2	source-backed	octanove-c1c2-1.0	advanced	editorial-band			octanove-c1c2-1.0,oewn-2025		validated
master-topographical-adjective	topographical	adjective	C2	source-backed	octanove-c1c2-1.0	advanced	editorial-band			octanove-c1c2-1.0,oewn-2025		validated
master-topographically-adverb	topographically	adverb	C2	source-backed	octanove-c1c2-1.0	advanced	editorial-band			octanove-c1c2-1.0,oewn-2025		validated
master-topography-noun	topography	noun	C2	source-backed	octanove-c1c2-1.0	advanced	editorial-band			octanove-c1c2-1.0,oewn-2025		validated
master-topple-verb	topple	verb	C2	source-backed	octanove-c1c2-1.0	advanced	editorial-band			octanove-c1c2-1.0,oewn-2025		validated
master-totemic-adjective	totemic	adjective	C2	source-backed	octanove-c1c2-1.0	advanced	editorial-band			octanove-c1c2-1.0,oewn-2025		validated
master-transmitter-noun	transmitter	noun	C2	source-backed	octanove-c1c2-1.0	advanced	editorial-band			octanove-c1c2-1.0,oewn-2025		validated
master-treacherous-adjective	treacherous	adjective	C2	source-backed	octanove-c1c2-1.0	advanced	editorial-band			octanove-c1c2-1.0,oewn-2025		validated
master-treacherously-adverb	treacherously	adverb	C2	source-backed	octanove-c1c2-1.0	advanced	editorial-band			octanove-c1c2-1.0,oewn-2025		validated
master-treachery-noun	treachery	noun	C2	source-backed	octanove-c1c2-1.0	advanced	editorial-band			octanove-c1c2-1.0,oewn-2025		validated
master-turret-noun	turret	noun	C2	source-backed	octanove-c1c2-1.0	advanced	editorial-band			octanove-c1c2-1.0,oewn-2025		validated
v119	ubiquitous	adjective	C2	editorial-estimate		advanced	editorial-band			vocabulary-core-2026-08		validated
master-uncanny-adjective	uncanny	adjective	C2	source-backed	octanove-c1c2-1.0	advanced	editorial-band			octanove-c1c2-1.0,oewn-2025		validated
master-undemonstrative-adjective	undemonstrative	adjective	C2	source-backed	octanove-c1c2-1.0	advanced	editorial-band			octanove-c1c2-1.0,oewn-2025		validated
master-unencumbered-adjective	unencumbered	adjective	C2	source-backed	octanove-c1c2-1.0	advanced	editorial-band			octanove-c1c2-1.0,oewn-2025		validated
master-unequivocal-adjective	unequivocal	adjective	C2	source-backed	octanove-c1c2-1.0	advanced	editorial-band			octanove-c1c2-1.0,oewn-2025		validated
master-unequivocally-adverb	unequivocally	adverb	C2	source-backed	octanove-c1c2-1.0	advanced	editorial-band			octanove-c1c2-1.0,oewn-2025		validated
master-unmediated-adjective	unmediated	adjective	C2	source-backed	octanove-c1c2-1.0	advanced	editorial-band			octanove-c1c2-1.0,oewn-2025		validated
master-unnerve-verb	unnerve	verb	C2	source-backed	octanove-c1c2-1.0	advanced	editorial-band			octanove-c1c2-1.0,oewn-2025		validated
master-unnerving-adjective	unnerving	adjective	C2	source-backed	octanove-c1c2-1.0	advanced	editorial-band			octanove-c1c2-1.0,oewn-2025		validated
master-unpromising-adjective	unpromising	adjective	C2	source-backed	octanove-c1c2-1.0	advanced	editorial-band			octanove-c1c2-1.0,oewn-2025		validated
master-unravel-verb	unravel	verb	C2	source-backed	octanove-c1c2-1.0	advanced	editorial-band			octanove-c1c2-1.0,oewn-2025		validated
master-unsurpassed-adjective	unsurpassed	adjective	C2	source-backed	octanove-c1c2-1.0	advanced	editorial-band			octanove-c1c2-1.0,oewn-2025		validated
master-unsuspected-adjective	unsuspected	adjective	C2	source-backed	octanove-c1c2-1.0	advanced	editorial-band			octanove-c1c2-1.0,oewn-2025		validated
master-utilitarian-adjective	utilitarian	adjective	C2	source-backed	octanove-c1c2-1.0	advanced	editorial-band			octanove-c1c2-1.0,oewn-2025		validated
master-utilize-verb	utilize	verb	C2	source-backed	octanove-c1c2-1.0	less-common	source-backed-rank	ngsl-gr-1.0	3771	bsl-1.2,nawl-1.2,ngsl-gr-1.0,octanove-c1c2-1.0,oewn-2025		validated
master-utter-adjective	utter	adjective	C2	source-backed	octanove-c1c2-1.0	less-common	source-backed-rank	ngsl-gr-1.0	4280	ngsl-gr-1.0,octanove-c1c2-1.0,oewn-2025		validated
master-venomous-adjective	venomous	adjective	C2	source-backed	octanove-c1c2-1.0	advanced	editorial-band			octanove-c1c2-1.0,oewn-2025		validated
master-venomously-adverb	venomously	adverb	C2	source-backed	octanove-c1c2-1.0	advanced	editorial-band			octanove-c1c2-1.0,oewn-2025		validated
master-vermin-noun	vermin	noun	C2	source-backed	octanove-c1c2-1.0	advanced	editorial-band			octanove-c1c2-1.0,oewn-2025		validated
master-vestigial-adjective	vestigial	adjective	C2	source-backed	octanove-c1c2-1.0	advanced	editorial-band			octanove-c1c2-1.0,oewn-2025		validated
master-vicinity-noun	vicinity	noun	C2	source-backed	octanove-c1c2-1.0	advanced	editorial-band			octanove-c1c2-1.0,oewn-2025		validated
master-vindicate-verb	vindicate	verb	C2	source-backed	octanove-c1c2-1.0	advanced	editorial-band			octanove-c1c2-1.0,oewn-2025		validated
master-vindication-noun	vindication	noun	C2	source-backed	octanove-c1c2-1.0	advanced	editorial-band			octanove-c1c2-1.0,oewn-2025		validated
master-vis-a-vis-preposition	vis-a-vis	preposition	C2	source-backed	octanove-c1c2-1.0	advanced	editorial-band			octanove-c1c2-1.0		validated
master-vocational-adjective	vocational	adjective	C2	source-backed	octanove-c1c2-1.0	advanced	editorial-band			octanove-c1c2-1.0,oewn-2025		validated
master-voracity-noun	voracity	noun	C2	source-backed	octanove-c1c2-1.0	advanced	editorial-band			octanove-c1c2-1.0,oewn-2025		validated
master-wallow-verb	wallow	verb	C2	source-backed	octanove-c1c2-1.0	advanced	editorial-band			octanove-c1c2-1.0,oewn-2025		validated
master-wane-verb	wane	verb	C2	source-backed	octanove-c1c2-1.0	advanced	editorial-band			octanove-c1c2-1.0,oewn-2025		validated
master-wayward-adjective	wayward	adjective	C2	source-backed	octanove-c1c2-1.0	advanced	editorial-band			octanove-c1c2-1.0,oewn-2025		validated
master-whir-verb	whir	verb	C2	source-backed	octanove-c1c2-1.0	advanced	editorial-band			octanove-c1c2-1.0,oewn-2025		validated
master-whirlwind-noun	whirlwind	noun	C2	source-backed	octanove-c1c2-1.0	advanced	editorial-band			octanove-c1c2-1.0,oewn-2025		validated
master-wholly-adverb	wholly	adverb	C2	source-backed	octanove-c1c2-1.0	less-common	source-backed-rank	ngsl-gr-1.0	4307	bsl-1.2,ngsl-gr-1.0,octanove-c1c2-1.0,oewn-2025		validated
master-wordsmith-noun	wordsmith	noun	C2	source-backed	octanove-c1c2-1.0	advanced	editorial-band			octanove-c1c2-1.0,oewn-2025		validated
master-wrack-verb	wrack	verb	C2	source-backed	octanove-c1c2-1.0	advanced	editorial-band			octanove-c1c2-1.0,oewn-2025		validated
master-zoologist-noun	zoologist	noun	C2	source-backed	octanove-c1c2-1.0	advanced	editorial-band			octanove-c1c2-1.0,oewn-2025		validated
master-zoology-noun	zoology	noun	C2	source-backed	octanove-c1c2-1.0	advanced	editorial-band			octanove-c1c2-1.0,oewn-2025		validated
